Date,Close,High,Low,Open,Volume,Daily_Return,Log_Return,Volatility_20D,MA_5,MA_10,MA_20,MA_50,MA_200,Gap,Gap_Pct,Volume_MA_5,Volume_MA_20,Relative_Volume
2013-01-21,6082.2998046875,6094.35009765625,6065.10009765625,6085.75,130900,0.002951636210011932,0.0029472886846284353,0.006748936663746147,6048.87001953125,6016.15498046875,5973.072509765625,5857.329990234375,5432.117746582031,21.35009765625,0.0035205622980105057,26180.0,6545.0,20.0
2013-01-22,6048.5,6101.2998046875,6040.5,6080.14990234375,129000,-0.00555707639755787,-0.005572574388951168,0.006251792019989133,6047.25,6020.8349609375,5983.1125,5863.8119921875,5436.438996582031,-2.14990234375,-0.00035346865705191246,51980.0,12995.0,9.926894959599846
2013-01-23,6054.2998046875,6069.7998046875,6021.14990234375,6052.85009765625,137000,0.0009588831425146882,0.0009584237077469017,0.006253654942566534,6057.73994140625,6029.11494140625,5993.039990234375,5869.695986328125,5440.49474609375,4.35009765625,0.0007192027207158799,79380.0,19845.0,6.90350214159738
2013-01-24,6019.35009765625,6065.2998046875,6007.85009765625,6046.2001953125,185200,-0.005772708349228162,-0.005789434832539505,0.0062488257179130185,6053.769921875,6034.1849609375,5998.727490234375,5875.30798828125,5444.617746582031,-8.099609375,-0.0013378275996059747,116420.0,29105.0,6.36316784057722
2013-01-25,6074.64990234375,6080.5498046875,6014.4501953125,6024.5,147600,0.009187005871120979,0.009145062029183172,0.00627884409567531,6055.819921875,6046.519970703125,6008.95498046875,5883.075986328125,5449.096745605469,5.14990234375,0.0008555578692382777,145940.0,36485.0,4.045498149924627
2013-01-28,6074.7998046875,6088.39990234375,6061.39990234375,6082.10009765625,113100,2.467670502159791e-05,2.4676400556721332e-05,0.006185656158173601,6054.319921875,6051.594970703125,6017.2774658203125,5890.897978515625,5452.992995605468,7.4501953125,0.001226440277591229,142380.0,42140.0,2.68391077361177
2013-01-29,6049.89990234375,6111.7998046875,6042.4501953125,6064.7001953125,157600,-0.004098884431473215,-0.004107307883982924,0.006294726185759063,6054.59990234375,6050.924951171875,6024.5174560546875,5899.2759765625,5456.652995605469,-10.099609375,-0.0016625419272593698,148100.0,50020.0,3.1507397041183527
2013-01-30,6055.75,6071.9501953125,6044.14990234375,6065.0,124200,0.0009669742889437671,0.0009665070704739352,0.00540742522620484,6054.88994140625,6056.31494140625,6027.6424560546875,5908.90998046875,5460.139245605469,15.10009765625,0.002495925205374088,145540.0,56230.0,2.2087853459007647
2013-01-31,6034.75,6058.0498046875,6025.14990234375,6045.64990234375,168500,-0.003467778557569301,-0.003473805238461769,0.005452730128268296,6057.969921875,6055.869921875,6028.904956054687,5918.176982421875,5463.69849609375,-10.10009765625,-0.0016678524800809147,142200.0,64655.0,2.6061402830407547
2013-02-01,5998.89990234375,6052.9501953125,5983.2001953125,6040.9501953125,159300,-0.005940610241724986,-0.005958325862656894,0.005617876077401515,6042.819921875,6049.319921875,6028.042456054687,5926.723984375,5467.52099609375,6.2001953125,0.0010274154376734746,144540.0,72620.0,2.1936105755990085
2013-02-04,5987.25,6038.5,5981.25,6025.2001953125,141700,-0.0019420064567502449,-0.0019438945962046322,0.005536842130666873,6025.3099609375,6039.81494140625,6027.9849609375,5934.17298828125,5471.239245605469,26.30029296875,0.004384186000248906,150260.0,79705.0,1.7778056583652218
2013-02-05,5956.89990234375,5970.35009765625,5946.89990234375,5948.2001953125,136200,-0.00506912149254668,-0.005082013073346008,0.005622574596455696,6006.7099609375,6030.654931640625,6025.744946289063,5940.755986328125,5474.8894946289065,-39.0498046875,-0.006522160372040587,145980.0,86515.0,1.5742934751199213
2013-02-06,5959.2001953125,5990.89990234375,5953.14990234375,5988.0498046875,157800,0.0003861560554081489,0.0003860815163471072,0.005515102956240341,5987.4,6021.144970703125,6025.129956054688,5947.40798828125,5478.301245117187,31.14990234375,0.005229213660530712,152700.0,94405.0,1.6715216355065938
2013-02-07,5938.7998046875,5978.5,5927.60009765625,5936.4501953125,157600,-0.0034233437300943415,-0.003429216778715081,0.0055651449858767806,5968.2099609375,6013.08994140625,6023.637451171875,5953.465986328125,5481.957993164063,-22.75,-0.0038176264019280847,150520.0,102285.0,1.540792882631862
2013-02-08,5903.5,5953.7001953125,5883.64990234375,5929.10009765625,192600,-0.005943929051058117,-0.005961664511139566,0.00568206704883326,5949.12998046875,5995.974951171875,6021.2474609375,5956.986982421875,5485.3444921875,-9.69970703125,-0.001633277320376082,157180.0,111915.0,1.7209489344591877
2013-02-11,5897.85009765625,5924.14990234375,5879.10009765625,5920.0498046875,122000,-0.0009570428294656264,-0.0009575010873592933,0.004844991611365947,5931.25,5978.27998046875,6014.937475585937,5958.443984375,5488.385241699219,16.5498046875,0.002803388614804777,153240.0,118015.0,1.0337668940388933
2013-02-12,5922.5,5927.64990234375,5886.4501953125,5894.35009765625,142800,0.004179472508727411,0.004170762773135264,0.004766322590043585,5924.37001953125,5965.539990234375,6008.232470703125,5959.296982421875,5491.497741699219,-3.5,-0.0005934365814741319,154560.0,125155.0,1.1409851783788103
2013-02-13,5932.9501953125,5969.5,5922.9501953125,5943.14990234375,142600,0.0017644905550864287,0.001762935670411124,0.004419710284857367,5919.12001953125,5953.260009765625,6004.7874755859375,5960.536982421875,5494.500493164062,20.64990234375,0.0034866867612916843,151520.0,132285.0,1.0779755830215065
2013-02-14,5896.9501953125,5940.2001953125,5884.5498046875,5933.2001953125,143800,-0.006067807551872417,-0.006086291505428713,0.0042779832624278685,5910.75009765625,5939.480029296875,5997.674975585937,5960.690986328125,5497.530993652344,0.25,4.213755244355831e-05,148760.0,139475.0,1.031009141423194
2013-02-15,5887.39990234375,5899.9501953125,5853.89990234375,5869.9501953125,125100,-0.0016195308850228685,-0.0016208437428339576,0.004088225046906016,5907.530078125,5928.330029296875,5988.824975585938,5960.428984375,5500.964992675781,-27.0,-0.004578637957882426,135260.0,145730.0,0.8584368352432581
2013-02-18,5898.2001953125,5911.0,5878.4501953125,5888.64990234375,114300,0.0018344758548591855,0.001832795259055871,0.00403184598377899,5907.60009765625,5919.425048828125,5979.6199951171875,5959.774990234375,5504.342744140625,1.25,0.00021231783482253007,133720.0,144900.0,0.7888198757763976
2013-02-19,5939.7001953125,5947.5498046875,5883.14990234375,5900.2001953125,101000,0.007036044662061647,0.0070114071991698905,0.00434097392677701,5911.04013671875,5917.705078125,5974.180004882813,5960.42099609375,5508.031245117188,2.0,0.00033908648973791493,125360.0,143500.0,0.7038327526132404
2013-02-20,5943.0498046875,5971.0,5937.5498046875,5966.2998046875,135400,0.0005639357652500454,0.0005637768132327255,0.004332972111065677,5913.06005859375,5916.0900390625,5968.617504882813,5961.103994140625,5511.801494140625,26.599609375,0.004478274744572447,123920.0,143420.0,0.9440803235253102
2013-02-21,5852.25,5921.14990234375,5844.39990234375,5909.64990234375,159400,-0.015278317980085387,-0.01539623406156752,0.005305664565342448,5904.12001953125,5907.43505859375,5960.2625,5960.172998046875,5515.109743652344,-33.39990234375,-0.005619993680249201,127040.0,142130.0,1.121508478153803
2013-02-22,5850.2998046875,5873.7998046875,5835.7998046875,5837.9501953125,157000,-0.0003332385514118741,-0.00033329408771618207,0.004698831748529216,5896.7,5902.1150390625,5949.044995117188,5959.418994140625,5518.120493164062,-14.2998046875,-0.002443471261053441,133420.0,142600.0,1.1009817671809257
2013-02-25,5854.75,5878.39990234375,5825.0,5870.5498046875,125100,0.0007606781636959603,0.000760388994695336,0.0047172911688160655,5888.0099609375,5897.805029296875,5938.042504882813,5959.483994140625,5521.198493652344,20.25,0.0034613610714060964,135580.0,143200.0,0.8736033519553073
2013-02-26,5761.35009765625,5838.85009765625,5748.60009765625,5838.2998046875,157400,-0.01595284211003889,-0.016081458393314825,0.00566627307688042,5852.33994140625,5881.6900390625,5923.615014648438,5957.118994140625,5524.063244628906,-16.4501953125,-0.002809717803919894,146860.0,143190.0,1.0992387736573783
2013-02-27,5796.89990234375,5818.2001953125,5749.7001953125,5784.89990234375,175200,0.006170394800684376,0.006151435864131232,0.005942928760397179,5823.1099609375,5868.085009765625,5910.672509765625,5955.898994140625,5527.613493652344,23.5498046875,0.004087549669491565,154820.0,145740.0,1.2021407986825854
2013-02-28,5693.0498046875,5849.89990234375,5671.89990234375,5834.35009765625,334900,-0.017914764685562745,-0.018077176721828157,0.006909078093999692,5791.269921875,5847.694970703125,5893.5875,5951.823994140625,5530.507993164062,37.4501953125,0.006460383298555574,189920.0,154060.0,2.1738283785538104
2013-03-01,5719.7001953125,5739.4501953125,5679.89990234375,5702.4501953125,174500,0.004681215084936907,0.004670292272359843,0.0070684300504268785,5765.15,5830.925,5879.627514648438,5947.62599609375,5534.106743164062,9.400390625,0.0016512047052987273,193420.0,154820.0,1.127115359772639
2013-03-04,5698.5,5712.0,5663.60009765625,5704.7001953125,144900,-0.0037065221232879253,-0.003713408297517434,0.007073997273365448,5733.9,5810.95498046875,5865.190014648438,5943.267998046875,5537.725244140625,-15.0,-0.0026225150773274866,197380.0,154980.0,0.9349593495934959
2013-03-05,5784.25,5790.10009765625,5722.39990234375,5722.4501953125,154400,0.01504781960164947,0.014935724292001495,0.00804475815782144,5738.47998046875,5795.4099609375,5856.55751953125,5941.998994140625,5541.8179931640625,23.9501953125,0.004202894676230587,196780.0,155890.0,0.9904419783180448
2013-03-06,5818.60009765625,5828.7001953125,5795.0498046875,5816.39990234375,156900,0.005938556883995361,0.005920993156224326,0.008205249148868062,5742.82001953125,5782.964990234375,5849.527514648437,5941.25599609375,5546.266494140625,32.14990234375,0.005558179944461252,193120.0,155845.0,1.0067695466649556
2013-03-07,5863.2998046875,5878.0,5801.2998046875,5801.2998046875,134700,0.007682209858219213,0.007652851943975546,0.008417131457863157,5776.87001953125,5784.069970703125,5845.752514648438,5940.409990234375,5551.043994140625,-17.30029296875,-0.0029732741000225485,153080.0,154700.0,0.8707175177763413
2013-03-08,5945.7001953125,5952.85009765625,5883.0,5883.64990234375,150800,0.014053586439350063,0.01395575035978997,0.008922232136643119,5822.07001953125,5793.610009765625,5847.862524414062,5941.9219921875,5556.05849609375,20.35009765625,0.0034707585035956747,148340.0,152610.0,0.9881397025096652
2013-03-11,5942.35009765625,5971.2001953125,5930.35009765625,5946.10009765625,125400,-0.0005634488026979856,-0.000563607599626711,0.008919528647672816,5870.8400390625,5802.37001953125,5850.0875244140625,5942.6019921875,5561.478996582031,0.39990234375,6.72590831379754e-05,144440.0,152780.0,0.8207880612645634
2013-03-12,5914.10009765625,5952.0,5893.64990234375,5944.60009765625,115900,-0.00475401138198539,-0.0047653476368216515,0.008944677414621629,5896.81005859375,5817.64501953125,5849.667529296875,5942.7819921875,5566.69849609375,2.25,0.00037863807467140533,136740.0,151435.0,0.7653448674348731
2013-03-13,5851.2001953125,5893.85009765625,5842.25,5884.7998046875,116700,-0.01063558298052436,-0.010692545036311767,0.009238469782846686,5903.330078125,5823.075048828125,5845.580029296875,5939.94099609375,5571.49724609375,-29.30029296875,-0.004954311304328729,128700.0,150140.0,0.7772745437591582
2013-03-14,5908.9501953125,5920.14990234375,5791.75,5845.9501953125,149000,0.009869769974075515,0.009821381919884518,0.009432142248625508,5912.46015625,5844.665087890625,5846.180029296875,5937.93,5576.739497070313,-5.25,-0.0008972518158250453,131560.0,150400.0,0.9906914893617021
2013-03-15,5872.60009765625,5945.64990234375,5861.0,5914.89990234375,152200,-0.006151701479069183,-0.006170701154912373,0.009530670219362205,5897.84013671875,5859.955078125,5845.4400390625,5935.05900390625,5581.924248046875,5.94970703125,0.0010068974749473827,131840.0,151755.0,1.0029323580771639
2013-03-18,5835.25,5850.2001953125,5814.35009765625,5816.75,102700,-0.0063600614779059095,-0.0063803728356968134,0.009619645066867634,5876.4201171875,5873.630078125,5842.292529296875,5931.996005859375,5586.4934985351565,-55.85009765625,-0.009510284495370242,127300.0,151175.0,0.6793451298164379
2013-03-19,5745.9501953125,5863.60009765625,5724.2998046875,5859.5,182300,-0.015303509650400615,-0.015421816917123578,0.009989353280755332,5842.79013671875,5869.80009765625,5832.605029296875,5926.881005859375,5590.62125,24.25,0.0041557773874298445,140580.0,155240.0,1.1743107446534398
2013-03-20,5694.39990234375,5745.2998046875,5682.2998046875,5740.5498046875,187600,-0.008971587155559457,-0.009012074180768975,0.010107033941132047,5811.430078125,5857.380078125,5820.172534179687,5921.33900390625,5594.165,-5.400390625,-0.0009398603262182111,154760.0,157850.0,1.188470066518847
2013-03-21,5658.75,5757.75,5647.9501953125,5705.89990234375,179200,-0.00626051962544405,-0.006280198856235595,0.00967964526575165,5761.3900390625,5836.92509765625,5810.497534179687,5915.141005859375,5597.5082495117185,11.5,0.002019527991925318,160800.0,158840.0,1.1281792999244522
2013-03-22,5651.35009765625,5691.4501953125,5631.7998046875,5659.7998046875,165300,-0.0013076920421912774,-0.0013085478175716774,0.009675198460539625,5717.1400390625,5807.490087890625,5800.550048828125,5909.14201171875,5601.01125,1.0498046875,0.00018551883145571018,163420.0,159255.0,1.0379579918997834
2013-03-25,5633.85009765625,5718.39990234375,5624.39990234375,5707.2998046875,150400,-0.003096605182407286,-0.0031014095850241405,0.009662340559472321,5676.86005859375,5776.640087890625,5789.505053710937,5901.338017578125,5604.559250488282,55.94970703125,0.009900237299836313,172960.0,160520.0,0.9369548965860952
2013-03-26,5641.60009765625,5655.2998046875,5612.0498046875,5613.75,126500,0.0013756134553923882,0.0013746681660056223,0.009093907503652951,5655.9900390625,5749.390087890625,5783.517553710937,5893.038017578125,5608.559250488282,-20.10009765625,-0.0035677373923406097,161800.0,158975.0,0.7957225978927505
2013-03-28,5682.5498046875,5692.9501953125,5604.85009765625,5647.75,209700,0.007258527070761689,0.007232310747962538,0.009142255661962237,5653.62001953125,5732.525048828125,5777.800048828125,5886.65201171875,5612.73125,6.14990234375,0.0010900989501728276,166220.0,160700.0,1.3049159925326697
2013-04-01,5704.39990234375,5720.9501953125,5675.89990234375,5697.35009765625,97800,0.0038451220679536213,0.003837748481610424,0.008271096033009878,5662.75,5712.07001953125,5778.3675537109375,5879.956005859375,5616.936750488281,14.80029296875,0.0026045161903449276,149940.0,148845.0,0.6570593570492794
2013-04-02,5748.10009765625,5754.60009765625,5687.14990234375,5701.7001953125,106400,0.007660787472937303,0.0076315926493432315,0.008383419103231293,5682.1,5699.62001953125,5779.787548828125,5873.630009765625,5620.691750488281,-2.69970703125,-0.00047326749131679555,138160.0,145440.0,0.7315731573157316
2013-04-03,5672.89990234375,5744.9501953125,5650.10009765625,5740.2001953125,140700,-0.013082617566656962,-0.013168948793470324,0.008866387411592519,5689.9099609375,5683.385009765625,5778.507543945312,5865.44201171875,5623.808000488281,-7.89990234375,-0.001374350169540564,136220.0,145230.0,0.9688080975005164
2013-04-04,5574.75,5644.4501953125,5565.64990234375,5640.64990234375,134600,-0.017301539606436434,-0.017452960325511746,0.008891384759721331,5676.53994140625,5666.264990234375,5768.032543945313,5855.96701171875,5626.34,-32.25,-0.005684923153090708,137840.0,144240.0,0.9331669439822518
2013-04-05,5553.25,5577.2998046875,5534.7001953125,5568.10009765625,137500,-0.003856675187228098,-0.003864131335780677,0.008710316018930572,5650.67998046875,5652.15,5754.7650390625,5845.946015625,5628.835749511719,-6.64990234375,-0.0011928610868200368,123400.0,143270.0,0.959726390730788
2013-04-08,5542.9501953125,5569.2001953125,5537.0498046875,5550.5,97000,-0.001854734558591864,-0.0018564567084833458,0.008390546092051502,5618.3900390625,5640.57001953125,5738.74755859375,5836.418017578125,5630.971000976562,-2.75,-0.000495205510286769,123240.0,141385.0,0.6860699508434417
2013-04-09,5495.10009765625,5603.0498046875,5487.0,5568.75,138200,-0.008632604654596254,-0.008670081423453112,0.007480304852027407,5567.7900390625,5624.94501953125,5716.217553710938,5824.827021484375,5632.839250488281,25.7998046875,0.004654525799152605,129600.0,140755.0,0.9818478917267592
2013-04-10,5558.7001953125,5569.25,5477.2001953125,5536.25,128600,0.01157396526468668,0.011507499287045326,0.008221406000128443,5544.95009765625,5617.430029296875,5697.03505859375,5814.505029296875,5635.3590014648435,41.14990234375,0.007488471840813438,127180.0,140915.0,0.912606890678778
2013-04-11,5594.0,5610.64990234375,5542.85009765625,5601.64990234375,146800,0.006350370310898912,0.006330291669064339,0.008488608535204138,5548.80009765625,5612.67001953125,5681.030053710938,5805.38703125,5637.633752441407,42.94970703125,0.007726573753243306,129620.0,142460.0,1.0304646918433245
2013-04-12,5528.5498046875,5544.5,5494.89990234375,5520.7001953125,127300,-0.011700070667232776,-0.01176905510382896,0.008543850819804228,5543.86005859375,5597.27001953125,5664.897534179688,5794.84302734375,5639.955251464844,-73.2998046875,-0.013103290076421166,127580.0,142990.0,0.8902720469962935
2013-04-15,5568.39990234375,5592.85009765625,5500.2998046875,5508.5,142900,0.007208056192685941,0.007182202318757875,0.008354792723535334,5548.95,5583.67001953125,5647.87001953125,5785.516025390625,5642.278000488282,-20.0498046875,-0.003626593843922748,136760.0,142685.0,1.001506815712934
2013-04-16,5688.9501953125,5699.25,5555.85009765625,5562.4501953125,142700,0.0216490006254777,0.021417989176254947,0.009950861940183811,5587.72001953125,5577.755029296875,5638.687524414063,5779.31703125,5645.1200024414065,-5.94970703125,-0.0010684769656622106,137660.0,142210.0,1.0034456086069896
2013-04-17,5688.7001953125,5732.14990234375,5669.0,5708.64990234375,154600,-4.394483892755652e-05,-4.394580453027964e-05,0.009889889081221204,5613.72001953125,5579.33505859375,5631.360034179687,5773.34603515625,5647.738503417969,19.69970703125,0.0034628018096347344,142860.0,144805.0,1.067642691895998
2013-04-18,5783.10009765625,5794.35009765625,5681.85009765625,5682.7001953125,149900,0.0165942832462036,0.016458102609584743,0.010070298638088,5651.5400390625,5600.170068359375,5633.217529296875,5769.8700390625,5650.923754882812,-6.0,-0.0010547224838714495,143480.0,143185.0,1.046897370534623
2013-04-22,5834.39990234375,5844.85009765625,5789.7998046875,5789.85009765625,135100,0.008870640974775856,0.008831527973868913,0.009989133674977436,5712.71005859375,5628.28505859375,5640.217529296875,5767.374033203125,5654.522504882812,6.75,0.0011671940457568097,145040.0,140560.0,0.9611553784860558
2013-04-23,5836.89990234375,5844.2998046875,5791.5498046875,5843.10009765625,132200,0.0004284930827240796,0.0004284013057793631,0.009834782701459193,5766.41005859375,5657.680029296875,5649.125024414063,5765.33603515625,5658.103005371094,8.7001953125,0.0014911894039016805,142900.0,138210.0,0.9565154475074162
2013-04-25,5916.2998046875,5924.60009765625,5853.2998046875,5856.10009765625,199600,0.013603094737305366,0.013511403233731597,0.010162705255497242,5811.87998046875,5699.8,5662.372509765625,5765.59203125,5661.975004882813,19.2001953125,0.003289450844409778,154280.0,139925.0,1.426478470609255
2013-04-26,5871.4501953125,5907.0498046875,5860.5,5899.75,141300,-0.007580685708230228,-0.007609565149353201,0.01033698268339739,5848.42998046875,5731.075,5674.252514648438,5765.064033203125,5665.586506347656,-16.5498046875,-0.002797323535630758,151620.0,139470.0,1.0131211013121102
2013-04-29,5904.10009765625,5918.64990234375,5868.7998046875,5877.60009765625,118900,0.005560790138323224,0.0055453860244868425,0.010363485400077557,5872.62998046875,5762.085009765625,5687.377514648438,5764.69603515625,5668.712507324219,6.14990234375,0.0010474247654625093,145420.0,139090.0,0.854842188511036
2013-04-30,5930.2001953125,5962.2998046875,5867.7998046875,5932.60009765625,153200,0.004420673298985989,0.004410930824423511,0.010311716668123694,5891.7900390625,5802.250048828125,5699.760034179688,5764.64103515625,5671.9705078125,28.5,0.004827153931775927,149040.0,136265.0,1.124279895791289
2013-05-02,5999.35009765625,6019.4501953125,5910.9501953125,5911.39990234375,162400,0.011660635402900743,0.011593174115103801,0.010523823514573837,5924.280078125,5845.345068359375,5714.507543945312,5766.689033203125,5675.527507324219,-18.80029296875,-0.003170262781956435,155080.0,139495.0,1.1641994336714578
2013-05-03,5944.0,6000.2998046875,5930.14990234375,5993.5,145800,-0.009226015610903193,-0.009268838888589223,0.010768995554418523,5929.8201171875,5870.850048828125,5724.3025390625,5767.82103515625,5678.734758300781,-5.85009765625,-0.0009751218983761994,144320.0,141465.0,1.0306436220973385
2013-05-06,5971.0498046875,5976.5,5928.4501953125,5944.89990234375,110200,0.004550774678246938,0.004540451211160536,0.010199013999822816,5949.7400390625,5899.085009765625,5739.210034179688,5769.27802734375,5681.953508300781,0.89990234375,0.00015139676038862718,138100.0,139940.0,0.7874803487208804
2013-05-07,6043.5498046875,6050.5,5982.9501953125,5983.4501953125,136400,0.012141918485269576,0.012068796690554202,0.009254303890238022,5977.62998046875,5925.12998046875,5762.6500244140625,5771.35501953125,5685.586506347656,12.400390625,0.0020767521676448293,141600.0,140030.0,0.974076983503535
2013-05-08,6069.2998046875,6083.5498046875,6024.9501953125,6064.14990234375,122300,0.004260740927464202,0.0042516896717678145,0.00906366994373125,6005.44990234375,5948.619970703125,5788.4525146484375,5773.88001953125,5689.557255859375,20.60009765625,0.0034086089007278712,135420.0,139270.0,0.8781503554247145
2013-05-09,6050.14990234375,6084.7001953125,6040.4501953125,6078.35009765625,110000,-0.0031552078427498076,-0.0031601960062404705,0.009116109887613574,6015.60986328125,5969.944970703125,5813.8125,5777.838017578125,5693.081254882813,9.05029296875,0.001491159319854358,124940.0,139920.0,0.7861635220125787
2013-05-10,6094.75,6105.2998046875,6045.60009765625,6046.25,111400,0.007371734316693912,0.0073446958820698885,0.008597077602253261,6045.75986328125,5987.789990234375,5843.794995117188,5782.727021484375,5697.023505859375,-3.89990234375,-0.0006445959863307235,118060.0,138580.0,0.8038678019916294
2013-05-13,5980.4501953125,6104.9501953125,5972.89990234375,6098.2001953125,107900,-0.01875381347676275,-0.018931896238816203,0.009981798113021564,6047.63994140625,5998.689990234375,5864.882495117187,5785.241025390625,5700.749506835938,3.4501953125,0.0005660930001230568,117600.0,137545.0,0.7844705369151914
2013-05-14,5995.39990234375,6026.2001953125,5970.0498046875,5989.7001953125,119300,0.002499762817683493,0.0024966436077198026,0.009965323438780345,6038.0099609375,6007.819970703125,5884.952490234375,5789.922021484375,5704.590256347657,9.25,0.0015467063010156303,114180.0,136170.0,0.8761107439230373
2013-05-15,6146.75,6157.10009765625,6018.85009765625,6018.85009765625,153900,0.025244370704460284,0.024930994618493872,0.010410125372592094,6053.5,6029.474951171875,5915.8625,5796.9190234375,5709.337756347656,23.4501953125,0.003911364661985724,120500.0,137500.0,1.1192727272727272
2013-05-16,6169.89990234375,6187.2998046875,6128.25,6128.25,158600,0.0037662020325781587,0.003759127650507598,0.010406506823086959,6077.45,6046.529931640625,5945.9375,5806.456025390625,5714.223005371094,-18.5,-0.003009720584048481,130220.0,138285.0,1.1469067505513975
2013-05-17,6187.2998046875,6199.9501953125,6146.14990234375,6172.9501953125,147300,0.0028201271688605978,0.0028161580707262417,0.009664702566296337,6095.9599609375,6070.859912109375,5970.85498046875,5815.808017578125,5719.078005371094,3.05029296875,0.0004943828938928636,137400.0,138515.0,1.0634227339999278
2013-05-20,6156.89990234375,6229.4501953125,6146.0498046875,6198.0,122300,-0.004913274498306808,-0.004925384313636034,0.009838383458278234,6131.24990234375,6089.444921875,5994.264965820313,5824.976015625,5723.64900390625,10.7001953125,0.001729380448704543,140280.0,136900.0,0.8933528122717312
2013-05-21,6114.10009765625,6180.25,6102.35009765625,6152.35009765625,130600,-0.006951518680887947,-0.006975793048095481,0.009660202205015466,6154.98994140625,6096.499951171875,6010.814965820313,5831.573017578125,5728.19400390625,-4.5498046875,-0.0007389765563295943,142540.0,135935.0,0.9607533012101372
2013-05-22,6094.5,6147.60009765625,6074.4501953125,6127.0498046875,133800,-0.0032057207672742116,-0.0032108700979154446,0.009640219374960492,6144.53994140625,6099.019970703125,6023.819970703125,5837.091015625,5733.076752929687,12.94970703125,0.00211800703691686,138520.0,135870.0,0.984764848752484
2013-05-23,5967.0498046875,6081.4501953125,5955.7001953125,6050.39990234375,198900,-0.020912330020920522,-0.021134089920608477,0.010942846180439614,6103.969921875,6090.7099609375,6030.327465820313,5839.166015625,5737.271000976562,-44.10009765625,-0.007236048511978013,146580.0,139205.0,1.428827987500449
2013-05-24,5983.5498046875,6015.2998046875,5936.7998046875,6010.7001953125,161600,0.0027651855674202253,0.002761369474992902,0.010555734823615461,6063.219921875,6079.58994140625,6033.689965820313,5839.9230078125,5741.640749511719,43.650390625,0.007315238192030812,149440.0,137305.0,1.1769418447980773
2013-05-27,6083.14990234375,6099.89990234375,5975.5498046875,5989.39990234375,115100,0.016645653651653936,0.016508633198256576,0.010948102787065764,6048.469921875,6089.859912109375,6044.274951171875,5842.73900390625,5746.841499023438,5.85009765625,0.0009776968266675154,148000.0,135995.0,0.8463546453913747
2013-05-28,6111.25,6127.64990234375,6055.39990234375,6086.35009765625,139700,0.004619333422216654,0.004608697044323107,0.010933229239045144,6047.89990234375,6101.444921875,6054.6324462890625,5846.682001953125,5751.898498535156,3.2001953125,0.0005260753661958931,149820.0,137035.0,1.0194475863830408
2013-05-29,6104.2998046875,6125.0498046875,6069.7998046875,6120.4501953125,120200,-0.0011372788402536083,-0.0011379260325724719,0.0109332778147416,6049.85986328125,6097.19990234375,6063.337426757813,5851.743994140625,5756.420998535156,9.2001953125,0.001505452290857026,147100.0,135385.0,0.8878383868227647
2013-05-30,6124.0498046875,6133.75,6072.14990234375,6072.14990234375,194100,0.0032354243126841986,0.0032302015895608275,0.010680763803811917,6081.25986328125,6092.614892578125,6069.572412109375,5856.045986328125,5760.896247558594,-32.14990234375,-0.005266763326247844,146140.0,136970.0,1.4170986347375338
2013-05-31,5985.9501953125,6106.25,5975.5498046875,6098.7001953125,175300,-0.022550373328005135,-0.022808521266850956,0.011722419557755132,6081.73994140625,6072.479931640625,6071.669921875,5858.31298828125,5764.623498535157,-25.349609375,-0.004139353888924414,148880.0,138445.0,1.2662067969229658
2013-06-03,5939.2998046875,6011.0,5916.35009765625,5997.35009765625,112100,-0.007793314194550316,-0.007823840773196913,0.011817898416490903,6052.969921875,6050.719921875,6070.082421875,5860.393984375,5768.181247558594,11.39990234375,0.0019044432332024877,148280.0,138540.0,0.8091525913093691
2013-06-04,5919.4501953125,5981.60009765625,5910.25,5941.10009765625,114500,-0.0033420790375549014,-0.00334767625808323,0.011468836617946546,6014.6099609375,6031.254931640625,6063.87744140625,5863.863984375,5771.699997558594,1.80029296875,0.00030311535500012084,143240.0,137445.0,0.8330604969260431
2013-06-05,5923.85009765625,5935.2001953125,5883.7001953125,5908.2998046875,110200,0.0007432957789279548,0.0007430196714316884,0.011411157472932788,5978.52001953125,6014.18994140625,6056.604956054687,5868.45298828125,5774.906499023437,-11.150390625,-0.0018836868724446372,141240.0,136840.0,0.805320081847413
2013-06-06,5921.39990234375,5956.5498046875,5869.5,5895.0,114200,-0.0004136153467944048,-0.0004137009092160573,0.011402267589577873,5937.9900390625,6009.624951171875,6050.167456054687,5873.705986328125,5777.829997558594,-28.85009765625,-0.00487015997715142,125260.0,137050.0,0.8332725282743524
2013-06-07,5881.0,5972.7001953125,5871.2998046875,5900.0498046875,118300,-0.006822694465840606,-0.006846075453972334,0.011294139011456405,5917.0,5999.369970703125,6039.479956054687,5878.298984375,5780.544997558593,-21.35009765625,-0.003605582802775981,113860.0,137395.0,0.8610211434186106
2013-06-10,5878.0,5931.64990234375,5857.39990234375,5907.89990234375,100100,-0.0005101173269852488,-0.0005102474810933533,0.010559028812817617,5904.7400390625,5978.85498046875,6034.357446289063,5883.181982421875,5783.320246582031,26.89990234375,0.004574035426585615,111460.0,137005.0,0.7306302689682859
2013-06-11,5788.7998046875,5868.0498046875,5780.35009765625,5848.75,180900,-0.01517526289766924,-0.01529158551760873,0.01099792256159383,5878.6099609375,5946.6099609375,6024.02744140625,5886.1259765625,5785.66224609375,-29.25,-0.004976182374957469,124740.0,140085.0,1.2913588178605846
2013-06-12,5760.2001953125,5792.89990234375,5738.60009765625,5771.75,140400,-0.004940507590509791,-0.004952752244654958,0.008995365052798281,5845.87998046875,5912.2,6004.699951171875,5887.678984375,5787.7237475585935,-17.0498046875,-0.0029453090904428695,130780.0,139410.0,1.0071013557133635
2013-06-13,5699.10009765625,5729.85009765625,5683.10009765625,5709.35009765625,142000,-0.010607287174840163,-0.010663945462104954,0.008983378208329694,5801.42001953125,5869.705029296875,5981.1599609375,5887.57298828125,5789.3174975585935,-50.85009765625,-0.008827835132818904,136340.0,138580.0,1.0246788858421128
2013-06-14,5808.39990234375,5819.39990234375,5739.39990234375,5748.9501953125,124400,0.019178432176063964,0.018996844089153475,0.010280602511461765,5786.9,5851.95,5962.2149658203125,5888.778984375,5791.54474609375,49.85009765625,0.008747012125081083,137560.0,137435.0,0.9051551642594681
2013-06-17,5850.0498046875,5854.89990234375,5770.25,5820.39990234375,107200,0.007170632711935632,0.007145045967808824,0.010520977193731355,5781.3099609375,5843.025,5946.8724609375,5892.321982421875,5793.96349609375,12.0,0.0020659734525437677,138980.0,136680.0,0.7843137254901961
2013-06-18,5813.60009765625,5863.39990234375,5804.2998046875,5841.89990234375,117500,-0.006230666105106253,-0.006250157711134042,0.01050614965098715,5786.27001953125,5832.439990234375,5931.8474609375,5897.098984375,5795.926496582031,-8.14990234375,-0.0013931338391717084,126300.0,136025.0,0.863811799301599
2013-06-19,5822.25,5828.39990234375,5777.89990234375,5805.75,115500,0.0014878736408507898,0.0014867678535771553,0.010541076638783387,5798.67998046875,5822.27998046875,5918.2349609375,5902.478984375,5797.97349609375,-7.85009765625,-0.0013502988723656385,121320.0,135110.0,0.8548590037747021
2013-06-20,5655.89990234375,5755.0,5645.64990234375,5754.14990234375,198400,-0.028571445344368618,-0.028987554139514253,0.011362655164823428,5790.03994140625,5795.72998046875,5902.677465820312,5904.737978515625,5799.176245117187,-68.10009765625,-0.011696525854480656,132600.0,135085.0,1.4687048895140098
2013-06-21,5667.64990234375,5686.14990234375,5616.85009765625,5639.89990234375,182400,0.002077476653207899,0.0020753216826701094,0.01134655414670401,5761.88994140625,5774.394970703125,5886.882470703125,5908.188974609375,5800.580993652344,-16.0,-0.0028289043788362936,144200.0,136125.0,1.3399449035812672
2013-06-24,5590.25,5640.0,5566.25,5638.0498046875,193500,-0.013656436737869537,-0.013750543628800106,0.010635695742404461,5709.92998046875,5745.619970703125,5862.237475585937,5908.819970703125,5801.780993652344,-29.60009765625,-0.005222640453498978,161460.0,140045.0,1.3816987396908136
2013-06-25,5609.10009765625,5666.25,5570.25,5606.9501953125,196600,0.0033719596898618143,0.003366287381407146,0.01058502806319275,5669.02998046875,5727.65,5837.12998046875,5909.12197265625,5803.387495117187,16.7001953125,0.002987378974553911,177280.0,142890.0,1.3758835467842396
2013-06-26,5588.7001953125,5635.25,5579.35009765625,5627.9501953125,160100,-0.003636929630169039,-0.0036435593381386397,0.010561390604767013,5622.32001953125,5710.5,5811.35,5910.32498046875,5804.755747070312,18.85009765625,0.003360627788426609,186200.0,144885.0,1.1050143217034198
2013-06-27,5682.35009765625,5699.35009765625,5630.9501953125,5647.9501953125,239000,0.01675700951400083,0.01661815982028318,0.011466478739786063,5627.61005859375,5708.825,5789.2650146484375,5912.603984375,5806.874997558593,59.25,0.010601749589232878,194320.0,147130.0,1.6244137837286754
2013-06-28,5842.2001953125,5852.9501953125,5749.5,5749.5,214400,0.02813098364392963,0.0277425749122853,0.012617555094519657,5662.5201171875,5712.205029296875,5782.0775146484375,5915.668984375,5809.817248535156,67.14990234375,0.011817276512309008,200720.0,149085.0,1.4381057785826876
2013-07-01,5898.85009765625,5904.35009765625,5822.2001953125,5834.10009765625,144800,0.009696672563395348,0.009649961552167819,0.01273762116050777,5724.24013671875,5717.08505859375,5780.055029296875,5919.871982421875,5812.941499023437,-8.10009765625,-0.001386480672598164,190980.0,150720.0,0.9607218683651805
2013-07-02,5857.5498046875,5898.7998046875,5852.2998046875,5885.5,145700,-0.007001414222266744,-0.007026039129586622,0.012810227939948108,5773.930078125,5721.480029296875,5776.960009765625,5921.3609765625,5816.1007470703125,-13.35009765625,-0.00226316950511326,180800.0,152280.0,0.9567901234567902
2013-07-03,5770.89990234375,5815.0,5760.39990234375,5811.9501953125,160500,-0.01479285797525931,-0.014903363447433636,0.013199354818097628,5810.37001953125,5716.34501953125,5769.3125,5920.0909765625,5818.763247070313,-45.599609375,-0.007784758285539279,180880.0,154795.0,1.0368551955812526
2013-07-04,5836.9501953125,5848.2001953125,5786.0498046875,5794.75,151900,0.011445406104154454,0.011380402965057766,0.01350062651659694,5841.2900390625,5734.450048828125,5765.090014648437,5920.091982421875,5821.2374975585935,23.85009765625,0.004132821234096211,163460.0,156680.0,0.9694919581312229
2013-07-05,5867.89990234375,5900.4501953125,5858.4501953125,5889.9501953125,123600,0.005302376411589815,0.005288368309453251,0.013480199008017155,5846.42998046875,5754.475048828125,5764.435009765625,5919.123984375,5823.75974609375,53.0,0.009080084329409372,145300.0,156945.0,0.7875370352671318
2013-07-08,5811.5498046875,5833.85009765625,5775.5498046875,5833.14990234375,127600,-0.009603111606205639,-0.009649518823911232,0.013649689733584547,5828.969921875,5776.605029296875,5761.1125,5917.9259765625,5825.867495117188,-34.75,-0.005922050576581955,141860.0,158320.0,0.8059626073774634
2013-07-09,5859.0,5864.9501953125,5834.60009765625,5834.60009765625,110400,0.008164809200159828,0.008131657474948715,0.013320944757254032,5829.2599609375,5801.59501953125,5764.622509765625,5917.023974609375,5828.007495117187,23.05029296875,0.003966290188231376,134800.0,154795.0,0.7132013307923383
2013-07-10,5816.7001953125,5879.35009765625,5802.85009765625,5869.89990234375,117500,-0.007219628722904936,-0.007245816361832232,0.01338123334328828,5838.42001953125,5824.39501953125,5767.447509765625,5914.753974609375,5829.914245605469,10.89990234375,0.0018603690636200716,126200.0,153650.0,0.7647250244061178
2013-07-11,5935.10009765625,5948.85009765625,5887.9501953125,5894.5,120200,0.02035516673855131,0.02015076937254802,0.013804042879437836,5858.05,5849.67001953125,5779.247509765625,5913.468974609375,5831.701496582031,77.7998046875,0.013375247490010999,119860.0,152560.0,0.7878867330886209
2013-07-12,6009.0,6019.0,5951.14990234375,6000.5,127700,0.012451332096813816,0.012374451778423527,0.013443804512181835,5886.27001953125,5866.35,5789.277514648437,5914.768974609375,5833.696496582032,65.39990234375,0.0110191742797356,120680.0,152725.0,0.8361433949909969
2013-07-15,6030.7998046875,6038.2001953125,5980.9501953125,5991.2001953125,116300,0.0036278589927609683,0.003621294184999039,0.013392348487859177,5930.12001953125,5879.544970703125,5798.315014648438,5915.963974609375,5835.850246582031,-17.7998046875,-0.002962190828340822,118420.0,153180.0,0.7592374983679332
2013-07-16,5955.25,5966.0498046875,5910.9501953125,5930.7998046875,151200,-0.012527327574159974,-0.012606456082598512,0.01365770096936665,5949.37001953125,5889.314990234375,5805.397509765625,5914.197978515625,5837.855246582031,-100.0,-0.01658154859033357,126580.0,154865.0,0.9763342265844445
2013-07-17,5973.2998046875,5989.7998046875,5926.75,5972.25,191500,0.003030906290667934,0.0030263223541821547,0.013663216947269725,5980.68994140625,5909.55498046875,5812.95,5912.277978515625,5839.26599609375,17.0,0.0028546240711976828,141380.0,158665.0,1.2069454511076798
2013-07-18,6038.0498046875,6051.10009765625,5974.5498046875,5984.7001953125,171700,0.010839904594975858,0.010781573982748167,0.011837722062559555,6001.2798828125,5929.66494140625,5832.0574951171875,5912.0359765625,5841.1082446289065,11.400390625,0.0019085582505089789,151680.0,157330.0,1.0913366808618827
2013-07-19,6029.2001953125,6066.85009765625,6020.25,6057.2001953125,163300,-0.0014656403410467922,-0.0014667154424545085,0.01188404315969347,6005.319921875,5945.794970703125,5850.135009765625,5910.72498046875,5842.88474609375,19.150390625,0.0031716185265866868,158800.0,156375.0,1.0442845723421263
2013-07-22,6031.7998046875,6064.14990234375,6004.25,6009.75,115200,0.00043116985516933326,0.00043107692815792104,0.011234369291176645,6005.519921875,5967.819970703125,5872.2125,5911.75197265625,5844.726494140625,-19.4501953125,-0.003225999250716848,158580.0,152460.0,0.755608028335301
2013-07-23,6077.7998046875,6093.35009765625,6061.2998046875,6064.2998046875,126500,0.007626247801568509,0.00759731497994169,0.011264719055091127,6030.0298828125,5989.699951171875,5895.647485351563,5913.399970703125,5846.867993164063,32.5,0.005388109859803907,153640.0,148955.0,0.8492497734215031
2013-07-24,5990.5,6047.25,5962.60009765625,6032.2001953125,151900,-0.014363718367322642,-0.014467875158950037,0.011889545231936815,6033.469921875,6007.079931640625,5915.737475585937,5910.274970703125,5848.303994140625,-45.599609375,-0.0075026507684296095,145720.0,148545.0,1.0225857484264027
2013-07-25,5907.5,5990.64990234375,5896.39990234375,5970.39990234375,237100,-0.013855270845505419,-0.013952151018890876,0.012068180567449596,6007.3599609375,6004.319921875,5926.994970703125,5905.02697265625,5849.247495117187,-20.10009765625,-0.003355328880101828,158800.0,148450.0,1.5971707645671944
2013-07-26,5886.2001953125,5944.5,5869.5,5937.9501953125,174500,-0.003605553057553945,-0.0036120687304303763,0.010428405903995285,5978.7599609375,5992.03994140625,5929.194970703125,5899.00498046875,5850.02224609375,30.4501953125,0.005154497725349132,161040.0,146455.0,1.1914922672493258
2013-07-29,5831.64990234375,5886.0,5825.7998046875,5869.9501953125,173400,-0.009267488559460024,-0.009310698906358704,0.010403315730475506,5938.72998046875,5972.124951171875,5925.8349609375,5892.49998046875,5850.242495117188,-16.25,-0.0027606944141894386,172680.0,147885.0,1.1725327112283193
2013-07-30,5755.0498046875,5861.2998046875,5747.60009765625,5836.0498046875,181500,-0.013135235986211136,-0.013222266146311269,0.010690843073370494,5874.17998046875,5952.104931640625,5920.7099609375,5885.318974609375,5850.282993164063,4.39990234375,0.0007544867091527,183680.0,149675.0,1.2126273592784367
2013-07-31,5742.0,5752.10009765625,5675.75,5738.35009765625,235500,-0.0022675398355147536,-0.0022701145969533727,0.010184611829043996,5824.47998046875,5928.974951171875,5919.264965820313,5878.268974609375,5850.612993164063,-16.69970703125,-0.0029017484814202743,200400.0,153425.0,1.5349519309108686
2013-08-01,5727.85009765625,5808.5,5676.85009765625,5776.89990234375,216800,-0.0024642811465952486,-0.0024673224848824594,0.009815638455440161,5788.55,5897.95498046875,5913.8099609375,5873.48498046875,5850.729243164063,34.89990234375,0.006078004587904911,196340.0,156670.0,1.3838003446735176
2013-08-02,5677.89990234375,5761.85009765625,5649.0,5750.0498046875,222500,-0.008720583545463012,-0.008758830352814497,0.009850261507491147,5746.88994140625,5862.824951171875,5904.3099609375,5867.371982421875,5850.8579931640625,22.19970703125,0.0038757486059793683,205940.0,161615.0,1.3767286452371377
2013-08-05,5685.39990234375,5721.0,5661.5,5682.39990234375,197200,0.0013209109228755622,0.0013200392875264806,0.009684511837407445,5717.63994140625,5828.1849609375,5898.002465820313,5859.416982421875,5850.7447436523435,4.5,0.0007925465537253429,210700.0,165095.0,1.194463793573397
2013-08-06,5542.25,5664.89990234375,5521.7998046875,5664.89990234375,216200,-0.025178510712102753,-0.025500912656776273,0.010817973616801556,5675.07998046875,5774.62998046875,5882.164965820312,5848.036982421875,5850.075744628906,-20.5,-0.0036057270116652794,217640.0,170385.0,1.2688910408780116
2013-08-07,5519.10009765625,5561.4501953125,5486.85009765625,5549.2998046875,245000,-0.00417698630407326,-0.004185734279980768,0.010772655215110376,5630.5,5727.489990234375,5867.2849609375,5836.33298828125,5849.234995117187,7.0498046875,0.0012720113108394605,219540.0,176760.0,1.3860601946141662
2013-08-08,5565.64990234375,5577.60009765625,5510.0498046875,5510.0498046875,204900,0.008434310641922904,0.008398940586119187,0.009715544096073768,5598.0599609375,5693.30498046875,5848.812451171875,5825.164990234375,5848.823244628907,-9.05029296875,-0.0016398131595028167,217160.0,180995.0,1.1320754716981132
2013-08-12,5612.39990234375,5644.10009765625,5557.10009765625,5606.7001953125,195700,0.008399737824025477,0.008364656339552535,0.009410270667116747,5584.9599609375,5665.924951171875,5828.982446289063,5817.693984375,5848.583994140625,41.05029296875,0.00737565130560284,211800.0,184395.0,1.0613086038124677
2013-08-13,5699.2998046875,5704.75,5578.89990234375,5600.25,223000,0.01548355495969922,0.015364907874385061,0.010213177808435642,5587.73994140625,5652.68994140625,5812.407446289062,5812.893984375,5848.4869921875,-12.14990234375,-0.0021648318999286163,216960.0,189730.0,1.1753544510620355
2013-08-14,5742.2998046875,5754.5498046875,5690.2001953125,5715.39990234375,223700,0.007544786460370823,0.007516466913095698,0.010190395730478204,5627.74990234375,5651.41494140625,5801.759936523437,5809.3509765625,5848.777241210937,16.10009765625,0.0028249255536633047,218460.0,193355.0,1.1569393085257687
2013-08-16,5507.85009765625,5716.60009765625,5496.0498046875,5705.4501953125,248100,-0.04082853821736476,-0.04168542781460944,0.013336582693254663,5625.49990234375,5627.999951171875,5778.487451171875,5801.0309765625,5847.7307421875,-36.849609375,-0.006417221431893764,219080.0,196185.0,1.2646226775747382
2013-08-19,5414.75,5499.64990234375,5360.64990234375,5497.5498046875,219700,-0.016903164756765454,-0.0170476537750192,0.013157534541206745,5595.319921875,5596.68994140625,5747.3224609375,5790.897978515625,5846.347492675781,-10.30029296875,-0.0018701113476441694,222040.0,198585.0,1.1063272654027243
2013-08-20,5401.4501953125,5417.7998046875,5306.35009765625,5353.4501953125,261100,-0.002456217680871675,-0.002459239132094885,0.01314400216584915,5553.12998046875,5569.044970703125,5715.9349609375,5781.306982421875,5844.828244628906,-61.2998046875,-0.011320892873632209,235120.0,203475.0,1.2832043248556333
2013-08-21,5302.5498046875,5504.10009765625,5268.4501953125,5494.4501953125,255000,-0.018309969924526603,-0.018479672110444576,0.013372531490731598,5473.77998046875,5530.7599609375,5679.4724609375,5769.797978515625,5843.012993164062,93.0,0.017217598355476368,241520.0,210465.0,1.2116028793386073
2013-08-22,5408.4501953125,5418.9501953125,5254.0498046875,5282.7998046875,284500,0.01997159753810962,0.019774781357612244,0.01430347150743149,5407.01005859375,5517.37998046875,5646.00498046875,5762.190986328125,5842.065744628906,-19.75,-0.0037246231959086606,253680.0,218365.0,1.3028644700386967
2013-08-23,5471.75,5478.7998046875,5377.7998046875,5428.75,251500,0.011703871238818442,0.011635910691516363,0.014657567071010335,5399.7900390625,5512.644970703125,5620.06748046875,5756.421982421875,5841.325993652344,20.2998046875,0.003753349657373905,254360.0,223345.0,1.1260605789249816
2013-08-26,5476.5,5528.7001953125,5454.4501953125,5499.39990234375,242000,0.0008680952163384603,0.0008677186396066932,0.014527669147727677,5412.1400390625,5503.72998046875,5598.51748046875,5751.96998046875,5840.4832446289065,27.64990234375,0.005053210096175812,258820.0,223590.0,1.0823382083277426
2013-08-27,5287.4501953125,5427.39990234375,5274.25,5426.5,306000,-0.03452018710627225,-0.0351300857798711,0.01608100492808277,5389.3400390625,5471.235009765625,5568.57998046875,5741.550986328125,5838.431994628906,-50.0,-0.009129918743723181,267800.0,230165.0,1.3294810244824364
2013-08-28,5285.0,5317.7001953125,5118.85009765625,5233.4501953125,336000,-0.00046339827742913897,-0.0004635056795921676,0.01608502544280537,5385.830078125,5429.805029296875,5541.247485351562,5730.249990234375,5836.335993652344,-54.0,-0.01021286215572731,284000.0,238295.0,1.4100169957405737
2013-08-29,5409.0498046875,5428.89990234375,5303.0,5316.5,326500,0.023472053867076736,0.023200821268735756,0.017133461495729946,5385.95,5396.480029296875,5523.947485351562,5722.158984375,5834.759243164062,31.5,0.005960264900662252,292400.0,245545.0,1.3296951678918325
2013-08-30,5471.7998046875,5493.2998046875,5360.2001953125,5407.4501953125,336400,0.011600928493137763,0.01153415365937455,0.01744061662008563,5385.9599609375,5392.875,5510.437475585937,5715.14998046875,5833.3177416992185,-1.599609375,-0.00029572835022036094,309380.0,250590.0,1.342431860808492
2013-09-02,5550.75,5564.89990234375,5478.85009765625,5480.25,214200,0.014428560643769517,0.014325459513237299,0.01783485960031001,5400.8099609375,5406.475,5501.582470703125,5713.046982421875,5832.377741699219,8.4501953125,0.0015443173387412698,303820.0,250460.0,0.8552263834544438
2013-09-03,5341.4501953125,5580.9501953125,5323.75,5574.7001953125,250300,-0.03770658103634639,-0.038435865504589016,0.01955447927212416,5411.6099609375,5400.475,5484.759985351562,5706.52298828125,5830.653742675781,23.9501953125,0.004314767430077016,292680.0,251850.0,0.9938455429819337
2013-09-04,5448.10009765625,5460.25,5318.89990234375,5358.64990234375,237200,0.01996646948750791,0.019769753704386283,0.020198456271684623,5444.22998046875,5415.030029296875,5472.894995117187,5703.679990234375,5829.4757421875,17.19970703125,0.003220044445297638,272920.0,253850.0,0.9344100846956864
2013-09-05,5592.9501953125,5625.75,5552.7001953125,5553.75,274900,0.026587268049381718,0.026239969011229082,0.02037890012968493,5481.01005859375,5433.480029296875,5475.430004882813,5703.3569921875,5829.285493164062,105.64990234375,0.01939206337071526,262600.0,256785.0,1.0705453979009678
2013-09-06,5680.39990234375,5688.60009765625,5566.14990234375,5617.4501953125,253000,0.015635702800382845,0.015514724622354844,0.020611884178172266,5522.730078125,5454.34501953125,5483.4949951171875,5705.190986328125,5829.817243652344,24.5,0.004380514602210057,245920.0,257185.0,0.9837276668545988
2013-09-10,5896.75,5904.85009765625,5738.2001953125,5738.5,275200,0.03808712438836981,0.03737971608491806,0.022136048842211112,5591.930078125,5496.37001953125,5500.05,5709.478984375,5831.443994140625,58.10009765625,0.010228170314607203,258120.0,260700.0,1.055619485999233
2013-09-11,5913.14990234375,5924.35009765625,5832.7001953125,5887.25,265000,0.0027811764690295337,0.0027773161535761984,0.022101250399977644,5706.27001953125,5558.939990234375,5515.0875,5710.897978515625,5833.151994628906,-9.5,-0.001611056938143893,261060.0,264165.0,1.0031609032233642
2013-09-12,5850.7001953125,5932.0,5815.7998046875,5931.14990234375,273000,-0.01056115743091468,-0.010617322247705436,0.022084798399606375,5786.7900390625,5615.510009765625,5522.65751953125,5709.93498046875,5834.331496582031,18.0,0.0030440628594356244,268220.0,266665.0,1.0237563984774904
2013-09-13,5850.60009765625,5884.2998046875,5822.89990234375,5828.0,190800,-1.7108662708431588e-05,-1.7108809063270718e-05,0.022041361268824146,5838.32001953125,5659.6650390625,5528.072534179688,5709.795986328125,5835.445747070313,-22.7001953125,-0.003879910874716685,251400.0,265020.0,0.7199456644781526
2013-09-16,5840.5498046875,5957.25,5798.14990234375,5930.2998046875,219500,-0.0017178225824691085,-0.0017192997315773116,0.01973353902017374,5870.35,5696.5400390625,5544.70751953125,5711.188984375,5836.5154956054685,79.69970703125,0.013622484138537805,244700.0,263590.0,0.8327326529838006
2013-09-17,5850.2001953125,5857.7998046875,5804.89990234375,5824.2001953125,157900,0.0016523085921216207,0.0016509450320878272,0.019170650178646068,5861.0400390625,5726.48505859375,5566.480029296875,5711.453984375,5837.5869970703125,-16.349609375,-0.0027993271047664302,221240.0,260500.0,0.6061420345489443
2013-09-18,5899.4501953125,5916.89990234375,5840.2001953125,5872.75,153600,0.008418515325246734,0.008383277255138238,0.019130576039439115,5858.30009765625,5782.28505859375,5591.380029296875,5712.084990234375,5838.446997070312,22.5498046875,0.0038545355602647813,198960.0,255125.0,0.6020578147966683
2013-09-19,6115.5498046875,6142.5,6040.14990234375,6044.14990234375,287200,0.03663046592828345,0.035975516586889605,0.01960724169992524,5911.27001953125,5849.030029296875,5632.030029296875,5718.164990234375,5839.89974609375,144.69970703125,0.02452765973788937,201800.0,256735.0,1.118663213040684
2013-09-20,6012.10009765625,6130.9501953125,5932.85009765625,6104.5498046875,318600,-0.01691584736207319,-0.01706055452564804,0.020085678683595686,5943.57001953125,5890.94501953125,5662.2125244140625,5721.2269921875,5840.56099609375,-11.0,-0.0017986935518975945,227360.0,258440.0,1.2327813032038384
2013-09-23,5889.75,5989.39990234375,5871.39990234375,5945.7998046875,188300,-0.020350642149811637,-0.02056056945458911,0.020829414156224812,5953.41005859375,5911.880029296875,5683.112524414062,5722.68798828125,5840.654995117187,-66.30029296875,-0.011027809233348665,221120.0,255280.0,0.737621435286744
2013-09-24,5892.4501953125,5938.39990234375,5854.5498046875,5855.0,187600,0.00045845669383259846,0.0004583516346713625,0.020832747107252633,5961.86005859375,5911.450048828125,5703.9100341796875,5721.834990234375,5840.67099609375,-34.75,-0.005900080648584405,227060.0,252560.0,0.7427937915742794
2013-09-25,5873.85009765625,5910.5498046875,5811.10009765625,5901.5498046875,200200,-0.0031565981959502665,-0.0031615907611521666,0.01887944952399515,5956.7400390625,5907.520068359375,5733.230029296875,5719.1319921875,5840.537746582031,9.099609375,0.00154428278108126,236380.0,247270.0,0.8096412828082663
2013-09-26,5882.25,5917.64990234375,5864.10009765625,5872.7998046875,220600,0.0014300505127124996,0.0014290289642726517,0.018853009450984375,5910.080078125,5910.675048828125,5763.092529296875,5716.16099609375,5840.294497070313,-1.05029296875,-0.00017880826907194685,223060.0,241500.0,0.9134575569358178
2013-09-27,5833.2001953125,5909.2001953125,5819.2998046875,5905.5498046875,163100,-0.008338612722597616,-0.008373573438567785,0.01860036903932323,5874.30009765625,5908.93505859375,5784.300048828125,5713.72,5839.923498535156,23.2998046875,0.003961036115007013,191960.0,233330.0,0.6990099858569409
2013-09-30,5735.2998046875,5810.2001953125,5718.5,5801.0498046875,155700,-0.016783307163651173,-0.01692574280654838,0.019062643271288697,5843.41005859375,5898.41005859375,5797.475048828125,5708.96,5839.055498046875,-32.150390625,-0.005511621331089532,185440.0,224295.0,0.6941750819233599
2013-10-01,5780.0498046875,5786.4501953125,5700.9501953125,5756.10009765625,159200,0.007802556365654301,0.007772273841471294,0.018901802311714577,5820.92998046875,5891.39501953125,5808.9400390625,5703.8,5838.461748046875,20.80029296875,0.0036267141521965037,179760.0,221545.0,0.7185899027285653
2013-10-03,5909.7001953125,5917.60009765625,5802.7001953125,5819.10009765625,199800,0.022430670150948462,0.02218280238265632,0.01689719950826093,5828.1,5892.42001953125,5837.3525390625,5701.41,5838.570249023437,39.05029296875,0.006756047834930596,179680.0,219020.0,0.9122454570358871
2013-10-04,5907.2998046875,5950.4501953125,5885.0,5891.2998046875,191500,-0.00040617807091192226,-0.0004062605835685447,0.01657121928215984,5833.1099609375,5871.59501953125,5860.312524414063,5698.92,5838.849248046875,-18.400390625,-0.0031135912172998146,173860.0,216735.0,0.883567490253074
2013-10-07,5906.14990234375,5912.0,5825.85009765625,5889.0498046875,156400,-0.00019465786091266146,-0.00019467680921306599,0.015726057405017653,5847.69990234375,5861.0,5875.972509765625,5695.487001953125,5838.981997070313,-18.25,-0.003089397965804689,172520.0,210810.0,0.7419002893600872
2013-10-08,5928.39990234375,5981.7001953125,5913.0,5975.0,158500,0.003767259613774776,0.0037601812630294537,0.015439280979663012,5886.319921875,5864.864990234375,5888.372509765625,5694.245,5839.334497070313,68.85009765625,0.011657356957521188,173080.0,206085.0,0.7691001285877187
2013-10-09,6007.4501953125,6015.5,5877.10009765625,5893.25,192000,0.013334170142182522,0.013246052547886104,0.013252649527640067,5931.8,5876.364990234375,5893.90751953125,5696.24400390625,5839.887749023437,-35.14990234375,-0.005929070731185617,179640.0,201925.0,0.9508480871610746
2013-10-10,6020.9501953125,6033.9501953125,5979.7998046875,6001.0498046875,159600,0.0022472096415437903,0.002244688442359527,0.013249437798144005,5954.05,5891.075,5899.297534179687,5698.93900390625,5840.344499511719,-6.400390625,-0.0010654088534923026,171600.0,196655.0,0.8115735679235209
2013-10-11,6096.2001953125,6107.60009765625,6046.39990234375,6104.85009765625,180800,0.012498027314456817,0.012420571665258479,0.013194866679528497,5991.830078125,5912.47001953125,5911.572534179688,5704.230009765625,5841.243500976562,83.89990234375,0.013934661410929578,169460.0,192045.0,0.9414460152568408
2013-10-14,6112.7001953125,6124.10009765625,6082.89990234375,6093.0,142200,0.002706604027322923,0.0027029477705162687,0.013185489708122231,6033.14013671875,5940.42001953125,5924.6775390625,5711.383017578125,5842.568500976562,-3.2001953125,-0.0005249491830928878,166620.0,189615.0,0.7499406692508505
2013-10-15,6089.0498046875,6156.2998046875,6056.5498046875,6147.5498046875,218300,-0.0038690578417597266,-0.0038765620083412522,0.013228485569069593,6065.2701171875,5975.79501953125,5937.1025390625,5718.324013671875,5843.735,34.849609375,0.0057011808630373015,178580.0,189555.0,1.151644641396956
2013-10-17,6045.85009765625,6110.75,6032.5498046875,6098.5,230600,-0.007094654899684638,-0.007119941635177799,0.013390040223626946,6072.95009765625,6002.375048828125,5946.885034179688,5724.684013671875,5844.43625,9.4501953125,0.0015519983602737175,186300.0,193190.0,1.1936435633314353
2013-10-18,6189.35009765625,6201.4501953125,6070.89990234375,6070.89990234375,250300,0.02373528911271383,0.02345798647282757,0.014205844977687742,6106.630078125,6030.3400390625,5961.380029296875,5734.913017578125,5846.0325,25.0498046875,0.0041433056200336285,204440.0,198025.0,1.2639818204772124
2013-10-21,6204.9501953125,6218.9501953125,6163.2998046875,6202.0,197000,0.002520474267913464,0.0025173031999250295,0.011722710912286655,6128.380078125,6060.105078125,5965.850048828125,5745.3040234375,5847.515500488281,12.64990234375,0.0020438175485565434,207680.0,193515.0,1.018008939875462
2013-10-22,6202.7998046875,6220.10009765625,6181.7998046875,6192.2998046875,161900,-0.0003465604972340275,-0.0003466205632012109,0.01096657505680437,6146.4,6089.770068359375,5975.385034179688,5758.51501953125,5849.003999023437,-12.650390625,-0.002038757802529451,211620.0,185680.0,0.8719302024989228
2013-10-23,6178.35009765625,6217.9501953125,6116.60009765625,6209.5498046875,188300,-0.003941721126123232,-0.003949510183774189,0.00978674232945406,6164.26005859375,6114.765087890625,5989.8150390625,5771.70001953125,5849.929499511719,6.75,0.0010882182582934528,205620.0,185680.0,1.0141102972856528
2013-10-24,6164.35009765625,6252.4501953125,6142.9501953125,6162.7998046875,148900,-0.0022659771263707773,-0.0022685483374774457,0.009834618245698727,6187.96005859375,6130.455078125,6003.4100341796875,5783.6740234375,5850.70375,-15.55029296875,-0.002516900583968038,189280.0,183745.0,0.8103621867261694
2013-10-25,6144.89990234375,6174.75,6125.9501953125,6154.0,144500,-0.0031552710349620483,-0.003160259398470375,0.009834579467869468,6179.07001953125,6142.850048828125,6016.9625244140625,5794.3240234375,5851.3475,-10.35009765625,-0.0016790249567728503,168120.0,180960.0,0.7985190097259063
2013-10-28,6101.10009765625,6168.75,6094.10009765625,6155.10009765625,146300,-0.007127830458360185,-0.007153354803001501,0.010058227135776499,6158.3,6143.3400390625,6027.905029296875,5802.360029296875,5851.911000976563,10.2001953125,0.0016599449095353862,157980.0,177245.0,0.8254111540523005
2013-10-29,6220.89990234375,6228.0498046875,6079.2001953125,6107.5498046875,197300,0.019635771052751938,0.019445476322178384,0.01049846596168231,6161.92001953125,6154.160009765625,6047.290014648437,5811.93203125,5853.006999511719,6.44970703125,0.0010571383730825312,165060.0,178955.0,1.1025118046436255
2013-10-30,6251.7001953125,6269.2001953125,6222.60009765625,6230.7998046875,177600,0.004951099270564585,0.004938882885003037,0.009378048219144045,6176.5900390625,6170.425048828125,6073.110034179687,5826.809033203125,5854.408000488282,9.89990234375,0.001591393930003627,162920.0,180050.0,0.986392668703138
2013-10-31,6299.14990234375,6309.0498046875,6235.89990234375,6237.14990234375,239600,0.0075898884381608855,0.007561230152356484,0.009374060744939988,6203.55,6195.755029296875,6099.0650390625,5844.49703125,5856.060500488281,-14.55029296875,-0.002327413745729482,181060.0,184070.0,1.3016787091867223
2013-11-01,6307.2001953125,6332.60009765625,6286.9501953125,6289.75,191600,0.0012779967286942195,0.0012771807859823679,0.008365885800581526,6236.01005859375,6207.5400390625,6118.9400390625,5862.61203125,5857.840002441406,-9.39990234375,-0.0014922493494324593,190480.0,183660.0,1.0432320592398998
2013-11-05,6253.14990234375,6304.75,6244.2998046875,6282.14990234375,181100,-0.008569617468131119,-0.008606547777017665,0.008746367914702183,6266.42001953125,6212.360009765625,6136.2325439453125,5881.624033203125,5858.985502929688,-25.05029296875,-0.003971697772867164,197440.0,183140.0,0.9888609806705253
2013-11-06,6215.14990234375,6269.7001953125,6208.7001953125,6260.5498046875,157100,-0.00607693731854364,-0.00609547705014856,0.00895186288402914,6265.27001953125,6213.59501953125,6151.682543945312,5897.75802734375,5859.778251953125,7.39990234375,0.0011833879659555954,189400.0,183175.0,0.8576497884536646
2013-11-07,6187.25,6288.9501953125,6180.7998046875,6228.89990234375,168800,-0.004489015193861801,-0.004499121077551629,0.009084146655415385,6252.37998046875,6214.485009765625,6164.625048828125,5912.06802734375,5860.705251464844,13.75,0.0022123360202164774,187640.0,183690.0,0.9189395176656323
2013-11-08,6140.75,6185.14990234375,6120.9501953125,6170.14990234375,150100,-0.007515455169905816,-0.007543838501638632,0.008931552733092292,6220.7,6212.125,6171.2900390625,5925.35302734375,5861.213000488281,-17.10009765625,-0.002763763813689442,169740.0,181595.0,0.8265646080563892
2013-11-11,6078.7998046875,6141.64990234375,6067.75,6110.39990234375,146100,-0.010088376063591586,-0.010139608589296157,0.009270245369294026,6175.019921875,6205.514990234375,6174.18251953125,5941.18001953125,5861.285,-30.35009765625,-0.004942408933151488,160640.0,180920.0,0.8075392438646916
2013-11-12,6018.0498046875,6108.7001953125,6011.75,6087.25,153800,-0.009993749087304105,-0.010044021820206814,0.00910328557814515,6127.99990234375,6197.2099609375,6170.275,5955.841015625,5860.96375,8.4501953125,0.0013901091636516576,155180.0,179570.0,0.856490505095506
2013-11-13,5989.60009765625,6042.25,5972.4501953125,5998.85009765625,162500,-0.004727396408233497,-0.004738605888357065,0.00911268017189038,6082.88994140625,6174.07998046875,6164.1199951171875,5967.452021484375,5860.669250488281,-19.19970703125,-0.003190353628561734,156260.0,180585.0,0.8998532547000028
2013-11-14,6056.14990234375,6101.64990234375,6036.64990234375,6037.0,154900,0.011110892814620632,0.011049620288933722,0.009471085347188626,6056.669921875,6154.524951171875,6162.475,5979.1390234375,5860.678500976563,47.39990234375,0.007913700676326912,153480.0,177415.0,0.8730941577656907
2013-11-18,6189.0,6196.7998046875,6110.39990234375,6111.0498046875,164000,0.02193639520132029,0.021699254229649953,0.010528981150181919,6066.319921875,6143.5099609375,6169.632495117187,5991.9040234375,5861.526750488281,54.89990234375,0.009065149183725382,156260.0,174085.0,0.9420685297412184
2013-11-19,6203.35009765625,6212.39990234375,6180.2001953125,6197.25,161500,0.0023186456061157212,0.0023159616952837573,0.009112723522909158,6091.22998046875,6133.124951171875,6170.332495117187,6009.142021484375,5862.170251464844,8.25,0.0013330101793504604,159340.0,169645.0,0.9519879748887382
2013-11-20,6122.89990234375,6204.35009765625,6106.9501953125,6186.85009765625,155800,-0.01296883039744856,-0.013053659902868716,0.009548624883319106,6112.2,6120.099951171875,6166.22998046875,6022.638017578125,5862.410751953125,-16.5,-0.0026598531019930718,159740.0,167585.0,0.9296774771011725
2013-11-21,5999.0498046875,6097.35009765625,5985.39990234375,6096.5,137200,-0.020227359524339406,-0.020434733748201976,0.010505308002612897,6114.08994140625,6098.48994140625,6156.04248046875,6030.760009765625,5862.156501464844,-26.39990234375,-0.004311666492154237,154680.0,166350.0,0.8247670574090773
2013-11-22,5995.4501953125,6049.60009765625,5972.7998046875,6027.35009765625,134800,-0.0006000299201028847,-0.0006002100100985879,0.010492943964877002,6101.95,6079.3099609375,6146.897485351563,6037.061015625,5861.855002441406,28.30029296875,0.0047174625799300575,150660.0,163675.0,0.8235833206048572
2013-11-25,6115.35009765625,6123.5,6035.9501953125,6035.9501953125,127200,0.019998481921756683,0.019801138983068924,0.011531396021665074,6087.22001953125,6076.769970703125,6144.447485351562,6041.433017578125,5862.258002929688,40.5,0.006755122414604434,143300.0,162590.0,0.7823359370194969
2013-11-26,6059.10009765625,6112.7001953125,6047.75,6099.25,150700,-0.009198165125747781,-0.00924072945680619,0.011687267525101533,6058.37001953125,6074.8,6140.157495117188,6044.352021484375,5862.55900390625,-16.10009765625,-0.0026327352316951524,141140.0,162900.0,0.9251074278698588
2013-11-27,6057.10009765625,6074.0,6030.2998046875,6062.7001953125,124900,-0.00033008202006323817,-0.0003301365091241254,0.0115870188435064,6045.21005859375,6078.705029296875,6137.957495117187,6048.48001953125,5862.9082543945315,3.60009765625,0.0005941637534000422,134960.0,161830.0,0.7717975653463511
2013-11-28,6091.85009765625,6112.9501953125,6068.2998046875,6092.0,195300,0.00573706880185898,0.005720674496259994,0.010712317352661762,6063.7701171875,6088.930029296875,6131.5050048828125,6053.30501953125,5863.583005371093,34.89990234375,0.005761817005014373,146580.0,161730.0,1.2075681691708402
2013-11-29,6176.10009765625,6182.5,6103.7998046875,6103.89990234375,190700,0.01382995291240241,0.01373519180845845,0.01114679814397207,6099.90009765625,6100.925048828125,6127.725,6060.016025390625,5864.667504882813,12.0498046875,0.0019780205511189426,157760.0,162385.0,1.1743695538381007
2013-12-02,6217.85009765625,6228.7001953125,6171.14990234375,6171.14990234375,145900,0.006759929298400413,0.006737183425796762,0.011116405839322344,6120.40009765625,6103.81005859375,6123.660009765625,6067.3690234375,5866.062756347656,-4.9501953125,-0.0008015082712760007,161500.0,157700.0,0.9251743817374762
2013-12-03,6201.85009765625,6225.39990234375,6191.39990234375,6204.25,156900,-0.0025732366893230774,-0.002576553153439162,0.011115686605713495,6148.95009765625,6103.66005859375,6118.392504882812,6073.417021484375,5867.554506835938,-13.60009765625,-0.0021872668917149365,162740.0,155965.0,1.005994934761004
2013-12-04,6160.9501953125,6209.14990234375,6149.89990234375,6187.9501953125,186200,-0.006594790538263173,-0.006616632250020927,0.011051466074796387,6169.7201171875,6107.465087890625,6113.78251953125,6074.325029296875,5868.870007324219,-13.89990234375,-0.002241250937200648,175000.0,156220.0,1.1919088464985277
2013-12-05,6241.10009765625,6300.5498046875,6232.0,6262.4501953125,186100,0.013009341059879276,0.012925446408512491,0.011380490399950855,6199.5701171875,6131.6701171875,6115.080029296875,6078.905029296875,5870.4630078125,101.5,0.016474731458992364,173160.0,157670.0,1.1803133126149552
2013-12-06,6259.89990234375,6275.35009765625,6230.75,6234.39990234375,158500,0.0030122581585512176,0.003007730399185639,0.011338936891708083,6216.330078125,6158.115087890625,6118.7125244140625,6086.30802734375,5872.097756347656,-6.7001953125,-0.001073559982640906,166720.0,157155.0,1.0085584295758965
2013-12-09,6363.89990234375,6415.25,6345.0,6415.0,198300,0.01661368418384157,0.016477186675700303,0.011702820746614226,6245.5400390625,6182.970068359375,6129.87001953125,6095.737021484375,5874.432504882812,155.10009765625,0.02477676960907625,177200.0,159565.0,1.242753736721712
2013-12-10,6332.85009765625,6362.25,6307.5498046875,6354.7001953125,242400,-0.004879052965001018,-0.004890994401687254,0.011478927835478952,6271.7400390625,6210.345068359375,6142.572534179688,6104.917021484375,5876.659755859375,-9.19970703125,-0.00144560838046209,194300.0,164380.0,1.4746319503589245
2013-12-11,6307.89990234375,6326.60009765625,6280.25,6307.2001953125,148200,-0.003939805131615848,-0.003947586608913919,0.01121980446291042,6301.12998046875,6235.425048828125,6157.0650390625,6113.43001953125,5878.708254394532,-25.64990234375,-0.004050293619494148,186700.0,164100.0,0.903107861060329
2013-12-12,6237.0498046875,6286.85009765625,6230.5498046875,6276.75,148500,-0.011231962896228742,-0.011295517736679127,0.011527766621674398,6300.319921875,6249.94501953125,6169.437524414063,6121.50701171875,5880.195002441406,-31.14990234375,-0.004938236628037805,179180.0,163400.0,0.908812729498164
2013-12-13,6168.39990234375,6208.60009765625,6161.39990234375,6201.2998046875,169700,-0.011006790789477972,-0.01106781370198504,0.01167667857454299,6282.019921875,6249.175,6175.050024414062,6130.169013671875,5881.321752929687,-35.75,-0.005731876627493311,181420.0,164140.0,1.0338735226026563
2013-12-16,6154.7001953125,6183.25,6146.0498046875,6168.35009765625,146500,-0.0022209498813532402,-0.0022234198483338887,0.01059445470171623,6240.17998046875,6242.860009765625,6173.335034179688,6137.662021484375,5882.83400390625,-0.0498046875,-8.074166443241816e-06,171060.0,163265.0,0.8973141824640921
2013-12-17,6139.0498046875,6190.5498046875,6133.0,6178.2001953125,154200,-0.0025428355774208544,-0.0025460740749505,0.010588801196782046,6201.419921875,6236.57998046875,6170.12001953125,6142.249013671875,5884.27775390625,23.5,0.003818220100777274,153420.0,162900.0,0.9465930018416207
2013-12-18,6217.14990234375,6236.0,6129.9501953125,6129.9501953125,243300,0.012721854381539055,0.012641611434832655,0.010550666990862398,6183.269921875,6242.199951171875,6174.83251953125,6148.446015625,5886.0897534179685,-9.099609375,-0.0014822504564227434,172440.0,167275.0,1.454491107457779
2013-12-19,6166.64990234375,6263.75,6150.7001953125,6253.89990234375,437000,-0.00812269300133206,-0.008155861807590793,0.009582727924845123,6169.18994140625,6234.754931640625,6183.2125244140625,6153.656015625,5888.116252441407,36.75,0.005911068669286216,230140.0,182265.0,2.3976078786382464
2013-12-20,6274.25,6284.5,6170.35009765625,6179.9501953125,172000,0.017448711919798576,0.017298231088561187,0.010211500027130204,6190.3599609375,6236.18994140625,6197.152514648437,6160.573017578125,5890.503002929688,13.30029296875,0.002156810128574832,230600.0,184125.0,0.9341479972844535
2013-12-23,6284.5,6317.5,6266.9501953125,6267.2001953125,131200,0.001633661393792174,0.0016323284205711835,0.009325872044921866,6216.319921875,6228.249951171875,6205.610009765625,6166.114013671875,5893.46025390625,-7.0498046875,-0.0011236091465115353,227540.0,184325.0,0.7117862471178624
2013-12-24,6268.39990234375,6301.5,6262.0,6296.4501953125,107600,-0.0025618740800780193,-0.002565161294966418,0.00904245990300408,6242.18994140625,6221.804931640625,6216.075,6171.0630078125,5896.203752441406,11.9501953125,0.0019015347780253003,218220.0,182170.0,0.590657078553
2013-12-26,6278.89990234375,6302.75,6259.4501953125,6270.10009765625,182300,0.001675068624143572,0.001673667261396705,0.00902942857542148,6254.53994140625,6218.904931640625,6227.164990234375,6174.717001953125,5899.105751953125,1.7001953125,0.0002712327450366238,206020.0,185040.0,0.9851923908344142
2013-12-27,6313.7998046875,6324.89990234375,6289.39990234375,6292.7998046875,96900,0.0055582829614344575,0.0055428927092751245,0.009025453281915456,6283.969921875,6226.579931640625,6238.262475585938,6178.738994140625,5901.7535009765625,13.89990234375,0.0022137480386590536,138000.0,180120.0,0.5379746835443038
2013-12-30,6291.10009765625,6344.0498046875,6273.14990234375,6336.39990234375,101300,-0.0035952528957914343,-0.003601731349932257,0.00863880578862235,6287.33994140625,6238.849951171875,6244.012475585938,6182.78,5904.116000976563,22.60009765625,0.003579476441345385,123860.0,175650.0,0.5767150583546826
2013-12-31,6304.0,6317.2998046875,6287.2998046875,6307.35009765625,103400,0.00205050025329534,0.0020484008470497933,0.008535912529231408,6291.23994140625,6253.779931640625,6248.319970703125,6187.942998046875,5906.319501953125,16.25,0.0025830140591871905,118300.0,173525.0,0.595879556259905
2014-01-02,6221.14990234375,6358.2998046875,6211.2998046875,6301.25,158100,-0.013142464729735126,-0.013229591131722482,0.009061684930799375,6281.78994140625,6261.98994140625,6249.2849609375,6188.578994140625,5907.696750488281,-2.75,-0.0004362309644670051,128400.0,173585.0,0.910792983264683
2014-01-03,6211.14990234375,6221.7001953125,6171.25,6194.5498046875,139000,-0.001607419875260141,-0.001608713160675422,0.008932730607908494,6268.23994140625,6261.38994140625,6251.794946289063,6188.70298828125,5909.040749511719,-26.60009765625,-0.004275752565651682,119740.0,171225.0,0.8117973426777632
2014-01-06,6191.4501953125,6224.7001953125,6170.25,6220.85009765625,118300,-0.0031716682644893357,-0.0031767086647526764,0.00845471320365629,6243.77001953125,6263.869970703125,6249.312451171875,6188.47599609375,5910.4275,9.7001953125,0.001561739044301551,124020.0,167835.0,0.7048589388387404
2014-01-07,6162.25,6221.5,6144.75,6203.89990234375,138600,-0.00471621258208732,-0.004727369003838941,0.008468813643385684,6218.0,6252.669970703125,6244.429956054688,6188.153994140625,5911.9827490234375,12.44970703125,0.002010790144233992,131480.0,166840.0,0.830736034524095
2014-01-08,6174.60009765625,6192.10009765625,6160.35009765625,6178.0498046875,146900,0.0020041539464075164,0.0020021483091771735,0.0074623857751900165,6192.12001953125,6241.67998046875,6234.9649658203125,6188.358994140625,5913.310998535157,15.7998046875,0.0025639668444967342,140180.0,164270.0,0.8942594509039995
2014-01-09,6168.35009765625,6188.0498046875,6148.25,6181.7001953125,150100,-0.0010122113013233403,-0.0010127239331396106,0.007419719624628656,6181.56005859375,6231.675,6226.739965820312,6188.827998046875,5914.789748535156,7.10009765625,0.001149887854104924,138580.0,159655.0,0.9401522031881244
2014-01-10,6171.4501953125,6239.10009765625,6139.60009765625,6178.85009765625,159900,0.0005025813397698808,0.0005024550880677336,0.007402662258469563,6173.6201171875,6220.930029296875,6219.91748046875,6190.235,5916.470749511719,10.5,0.0017022380107752995,142760.0,160240.0,0.9978781827259111
2014-01-13,6272.75,6288.2001953125,6189.5498046875,6189.5498046875,135000,0.01641426269054902,0.01628100492203701,0.00796450776062484,6189.880078125,6216.825048828125,6221.702490234375,6191.272001953125,5919.104748535156,18.099609375,0.0029327967985138216,146100.0,159565.0,0.8460501989784727
2014-01-14,6241.85009765625,6280.35009765625,6234.14990234375,6260.25,110200,-0.004926053540113995,-0.004938226534857065,0.00761807382676027,6205.80009765625,6211.900048828125,6225.375,6191.075,5921.841999511718,-12.5,-0.0019927464030927424,140420.0,156590.0,0.7037486429529344
2014-01-15,6320.89990234375,6325.2001953125,6265.2998046875,6265.9501953125,145900,0.012664483037998941,0.012584959187806487,0.008041345180407654,6235.06005859375,6213.5900390625,6233.684985351562,6191.51,5925.1527490234375,24.10009765625,0.0038610503743592524,140220.0,156560.0,0.9319110884006132
2014-01-16,6318.89990234375,6346.5,6299.85009765625,6341.35009765625,153400,-0.0003164106426141178,-0.0003164607110232277,0.007999720792191712,6265.17001953125,6223.3650390625,6242.677490234375,6191.743994140625,5928.490498046875,20.4501953125,0.0032353297202060097,140880.0,156520.0,0.9800664451827242
2014-01-17,6261.64990234375,6327.10009765625,6246.35009765625,6306.25,167700,-0.00906012136365153,-0.009101413862469748,0.007869636113002388,6283.2099609375,6228.4150390625,6244.902490234375,6191.913994140625,5931.629497070313,-12.64990234375,-0.0020019152920998182,142440.0,152740.0,1.0979442189341364
2014-01-20,6303.9501953125,6307.4501953125,6243.35009765625,6261.75,122100,0.006755454812783057,0.006732738974413205,0.007724865586628204,6289.45,6239.6650390625,6251.767504882812,6193.69,5934.941247558594,0.10009765625,1.5985827667007257e-05,139860.0,136995.0,0.8912734041388372
2014-01-21,6313.7998046875,6330.2998046875,6297.89990234375,6320.14990234375,141700,0.0015624503794975375,0.00156123102385989,0.006708444760955974,6303.83994140625,6254.82001953125,6253.7449951171875,6196.22099609375,5938.097497558594,16.19970703125,0.0025697707832932756,146160.0,135480.0,1.0459108355476823
2014-01-22,6338.9501953125,6349.9501953125,6287.4501953125,6309.0498046875,137500,0.003983400076500443,0.0039754873445066955,0.006752804466598202,6307.45,6271.255029296875,6256.467504882812,6200.185,5941.270249023438,-4.75,-0.0007523203375047619,144480.0,135795.0,1.012555690562981
2014-01-23,6345.64990234375,6355.60009765625,6316.39990234375,6325.9501953125,120100,0.0010569111327305425,0.0010563529953923905,0.00671615144482752,6312.8,6288.985009765625,6260.330004882812,6205.522001953125,5944.257998046875,-13.0,-0.002050812768589535,137820.0,136420.0,0.880369447295118
2014-01-24,6266.75,6331.4501953125,6263.89990234375,6301.64990234375,160300,-0.012433699236166218,-0.012511644446641086,0.007315286129881598,6313.82001953125,6298.514990234375,6259.722509765625,6210.496005859375,5947.227248535156,-44.0,-0.006933883948395689,136340.0,135320.0,1.1845994679278746
2014-01-27,6135.85009765625,6188.5498046875,6130.25,6186.2998046875,190400,-0.020888004522878645,-0.02110924516297498,0.008532968464760482,6280.2,6284.825,6250.825024414063,6213.421005859375,5950.032749023438,-80.4501953125,-0.012837626411217936,150000.0,139995.0,1.3600485731633272
2014-01-28,6126.25,6163.60009765625,6085.9501953125,6131.85009765625,184100,-0.0015645912959830754,-0.0015658165471230908,0.008517461702615628,6242.6900390625,6273.264990234375,6242.58251953125,6214.8230078125,5952.897749023437,-4.0,-0.00065190640845804,158480.0,144135.0,1.2772747771186734
2014-01-29,6120.25,6170.4501953125,6109.7998046875,6161.0,146700,-0.0009793919608243051,-0.0009798718785080376,0.008481747942128165,6198.95,6253.2,6233.39501953125,6213.4480078125,5955.784248046875,34.75,0.005672311773107529,160320.0,146300.0,1.0027341079972658
2014-01-30,6073.7001953125,6082.85009765625,6027.25,6067.0,208100,-0.00760586653935702,-0.007634938648466337,0.008164234339861636,6144.56005859375,6228.680029296875,6226.022534179688,6210.855009765625,5958.677248535157,-53.25,-0.008700624974469997,177920.0,148800.0,1.398521505376344
2014-01-31,6089.5,6097.85009765625,6067.35009765625,6082.75,146700,0.0026013474783779245,0.002597969830382306,0.008206414854279623,6109.11005859375,6211.4650390625,6219.9400390625,6210.18701171875,5961.3312475585935,9.0498046875,0.0014899985834803582,175200.0,149185.0,0.9833428293729263
2014-02-03,6001.7998046875,6074.85009765625,5994.4501953125,6058.7998046875,134900,-0.014401871305115388,-0.014506584850296355,0.008733256853955384,6082.3,6181.25,6210.45751953125,6210.24201171875,5963.3702465820315,-30.7001953125,-0.005041496890138763,164100.0,150015.0,0.899243408992434
2014-02-04,6000.89990234375,6017.7998046875,5933.2998046875,5947.60009765625,183300,-0.0001499387472150282,-0.00014994998915273514,0.008704886517842113,6057.22998046875,6149.960009765625,6202.3900146484375,6210.351005859375,5965.731997070313,-54.19970703125,-0.009030575626484438,163940.0,152250.0,1.2039408866995074
2014-02-05,6022.39990234375,6028.0498046875,5962.0498046875,6004.25,166600,0.003582795972251196,0.0035763930477856866,0.008743397311858919,6037.6599609375,6118.30498046875,6194.780004882812,6208.492001953125,5968.001997070312,3.35009765625,0.0005582658785795718,167920.0,153235.0,1.0872189773876726
2014-02-06,6036.2998046875,6048.35009765625,5965.39990234375,6028.35009765625,185500,0.0023080337687870767,0.0023053743500808565,0.008778814150640968,6030.1798828125,6087.369970703125,6188.177490234375,6208.03599609375,5969.738745117187,5.9501953125,0.000988010661693912,163400.0,155005.0,1.1967355891745428
2014-02-07,6063.2001953125,6079.9501953125,6030.89990234375,6077.64990234375,181900,0.00445643713788213,0.004446536625011425,0.008859638972541647,6024.919921875,6067.014990234375,6182.764990234375,6208.157998046875,5971.6112451171875,41.35009765625,0.006850239218426412,170440.0,156105.0,1.1652413439672016
2014-02-10,6053.4501953125,6083.0498046875,6046.39990234375,6072.7998046875,133100,-0.0016080616977710571,-0.0016093560167322405,0.00787319903061484,6035.25,6058.775,6171.8,6207.39,5972.962995605469,9.599609375,0.001583257861487325,170080.0,156010.0,0.8531504390744183
2014-02-11,6062.7001953125,6081.85009765625,6053.25,6072.4501953125,150500,0.0015280542007536368,0.0015268879138819519,0.007868355906420689,6047.61005859375,6052.42001953125,6162.842504882812,6205.122001953125,5974.104497070312,19.0,0.003138705925872271,163520.0,158025.0,0.9523809523809523
2014-02-12,6084.0,6106.60009765625,6077.39990234375,6085.35009765625,138500,0.0035132538310187478,0.003507096771439477,0.007247457547942884,6059.930078125,6048.79501953125,6150.997509765625,6202.445,5975.3399975585935,22.64990234375,0.003735942998016335,157900.0,157655.0,0.8785005232945355
2014-02-13,6001.10009765625,6094.39990234375,5991.10009765625,6087.5498046875,153700,-0.013625887959196281,-0.013719572366101803,0.007693372147162756,6052.89013671875,6041.535009765625,6135.10751953125,6198.43,5975.7639990234375,3.5498046875,0.0005834655962360289,151540.0,157670.0,0.9748208283122979
2014-02-14,6048.35009765625,6056.39990234375,5984.60009765625,6023.75,140200,0.007873556386512215,0.007842721688164616,0.00786882893355955,6049.9201171875,6037.42001953125,6124.442529296875,6196.177998046875,5976.648498535156,22.64990234375,0.003774291709047812,143200.0,156295.0,0.8970216577625644
2014-02-18,6127.10009765625,6141.7001953125,6066.7998046875,6071.2998046875,126600,0.013020079646268501,0.012936047030872241,0.008334130753172709,6064.65009765625,6049.950048828125,6115.600024414062,6193.897998046875,5977.763498535156,22.94970703125,0.003794374773401934,141900.0,156520.0,0.8088423204702274
2014-02-19,6152.75,6160.35009765625,6125.75,6132.0498046875,95200,0.004186303787261814,0.004177565596221632,0.008403393212559134,6082.66005859375,6065.13505859375,6107.547534179687,6191.755,5978.876247558594,4.94970703125,0.0008078384476113539,130840.0,154195.0,0.6174000453970622
2014-02-20,6091.4501953125,6129.10009765625,6086.4501953125,6127.14990234375,132100,-0.009962992919832603,-0.010012955663091487,0.008523406782998224,6084.15009765625,6072.040087890625,6095.172534179687,6186.306005859375,5979.336748046875,-25.60009765625,-0.004160757003981959,129560.0,153925.0,0.8582101672892642
2014-02-21,6155.4501953125,6159.64990234375,6108.0,6108.2998046875,112600,0.01050652930713425,0.010451719302448996,0.008950354386347042,6115.0201171875,6083.955126953125,6085.662548828125,6182.7580078125,5980.393999023438,16.849609375,0.002766108042378173,121340.0,153550.0,0.7333116248778899
2014-02-24,6186.10009765625,6191.85009765625,6130.7998046875,6140.9501953125,144900,0.00497931123983264,0.004966955468135648,0.008671559763433458,6142.5701171875,6096.2451171875,6081.630053710937,6180.32201171875,5981.469250488281,-14.5,-0.0023556359876068926,122280.0,152780.0,0.9484225683990051
2014-02-25,6200.0498046875,6216.85009765625,6176.60009765625,6205.7001953125,146300,0.0022550082945691496,0.002252469579198007,0.007251226395296949,6157.16005859375,6110.905078125,6084.8400390625,6179.58201171875,5982.251750488282,19.60009765625,0.0031684093931289535,126220.0,150575.0,0.9716088328075709
2014-02-26,6238.7998046875,6245.9501953125,6202.10009765625,6202.4501953125,181700,0.006249949794065124,0.006230499856538058,0.007341513762736175,6174.37001953125,6128.5150390625,6090.467529296875,6180.990009765625,5983.0992504882815,2.400390625,0.000387156668190827,143520.0,150455.0,1.2076700674620318
2014-02-28,6276.9501953125,6282.7001953125,6228.10009765625,6228.4501953125,180600,0.006115020808383109,0.00609639994140803,0.007415101731924279,6211.47001953125,6147.81005859375,6098.3025390625,6183.435009765625,5984.233251953125,-10.349609375,-0.0016589103191328334,153220.0,152150.0,1.186986526454157
2014-03-03,6221.4501953125,6277.75,6212.25,6264.35009765625,144600,-0.008841873564879643,-0.008881194883291635,0.0074978438245135925,6224.67001953125,6169.845068359375,6105.6900390625,6185.083017578125,5984.866752929687,-12.60009765625,-0.002007359826697287,159620.0,148975.0,0.9706326564859876
2014-03-04,6297.9501953125,6302.14990234375,6215.7001953125,6216.75,166800,0.01229616851351456,0.012221184683582093,0.007894135333811114,6247.0400390625,6194.805078125,6116.112548828125,6186.6990234375,5986.454252929688,-4.7001953125,-0.0007554822693977882,164000.0,149980.0,1.1121482864381917
2014-03-05,6328.64990234375,6336.25,6287.7998046875,6328.4501953125,160300,0.004874555383765911,0.0048627132066446956,0.006942315289103939,6272.76005859375,6214.96005859375,6132.455053710937,6189.9390234375,5988.120502929687,30.5,0.004842845537695874,166800.0,151250.0,1.0598347107438018
2014-03-06,6401.14990234375,6406.60009765625,6339.7001953125,6344.75,180700,0.011455839889823904,0.011390718629937804,0.00717467003100359,6305.230078125,6239.800048828125,6152.467553710938,6192.477021484375,5989.392502441407,16.10009765625,0.002544001944283171,166600.0,151120.0,1.1957384859714135
2014-03-07,6526.64990234375,6537.7998046875,6413.5498046875,6413.9501953125,284900,0.019605852372563293,0.01941613337444026,0.00805359822577146,6355.17001953125,6283.32001953125,6177.6800537109375,6197.32001953125,5991.176252441406,12.80029296875,0.0019996864882141307,187460.0,157035.0,1.8142452319546598
2014-03-10,6537.25,6562.2001953125,6487.35009765625,6491.7001953125,242100,0.001624125365211171,0.0016228078999031938,0.008062871827010248,6418.32998046875,6321.5,6202.727563476563,6202.697021484375,5992.926003417969,-34.94970703125,-0.005354922901364665,206960.0,159865.0,1.5144027773433835
2014-03-11,6511.89990234375,6562.85009765625,6494.25,6537.35009765625,239000,-0.003877792291292259,-0.0038853304216658053,0.008252540864935504,6461.119921875,6354.07998046875,6225.162548828125,6207.357021484375,5994.701003417968,0.10009765625,1.531189051206547e-05,221400.0,162720.0,1.468780727630285
2014-03-12,6516.89990234375,6546.14990234375,6487.2998046875,6497.5,175000,0.000767825070253414,0.0007675304433891083,0.008190365240580927,6498.769921875,6385.764990234375,6248.335034179688,6211.4190234375,5996.715002441406,-14.39990234375,-0.0022113212057463007,224340.0,164815.0,1.0617965597791463
2014-03-13,6493.10009765625,6561.4501953125,6476.64990234375,6491.75,167900,-0.0036520132339212807,-0.0036586981147299726,0.008344029971124075,6517.1599609375,6411.19501953125,6269.855029296875,6215.4590234375,5998.708002929688,-25.14990234375,-0.003859181930154404,221780.0,165685.0,1.0133687418897306
2014-03-14,6504.2001953125,6518.4501953125,6432.7001953125,6447.25,177300,0.0017095220294318647,0.00170806245985478,0.008353259433382632,6512.67001953125,6433.92001953125,6290.8650390625,6219.46302734375,6001.393754882813,-45.85009765625,-0.007061356973812872,200260.0,167625.0,1.0577181208053692
2014-03-18,6516.64990234375,6574.9501953125,6497.64990234375,6532.4501953125,179300,0.0019141026809448292,0.0019122731206803513,0.007350974019299352,6508.55,6463.439990234375,6316.642529296875,6225.37302734375,6004.059255371094,28.25,0.004343347245117,187700.0,168905.0,1.0615434711820253
2014-03-19,6524.0498046875,6541.2001953125,6506.0,6530.0,172500,0.0011355378077144707,0.0011348935723144095,0.00732593944527246,6510.97998046875,6486.049951171875,6340.427514648438,6231.631025390625,6006.2637548828125,13.35009765625,0.0020486136061181625,174400.0,170520.0,1.0116115411681914
2014-03-20,6483.10009765625,6523.64990234375,6473.25,6508.35009765625,142000,-0.00627673121100758,-0.006296512707220438,0.007320941177371906,6504.22001953125,6501.494970703125,6358.227514648437,6237.4640234375,6008.123005371093,-15.69970703125,-0.0024064358031065046,167800.0,171290.0,0.8290034444509312
2014-03-21,6493.2001953125,6522.89990234375,6485.7001953125,6515.2001953125,189900,0.0015579117249633345,0.001556699439417862,0.007319342305706026,6504.2400390625,6510.7,6375.250024414063,6244.08302734375,6010.067507324219,32.10009765625,0.004951349998105802,172200.0,176025.0,1.0788240306774606
2014-03-24,6583.5,6591.5,6510.5,6510.5,158400,0.013906825905766418,0.013811013280164102,0.007084435964330849,6520.1,6516.385009765625,6399.852514648437,6252.261025390625,6012.364758300781,17.2998046875,0.002664295596490138,168420.0,177340.0,0.8931995037780535
2014-03-25,6589.75,6595.5498046875,6544.85009765625,6550.10009765625,168100,0.0009493430546061443,0.0009488927134847534,0.0069372401699273716,6534.72001953125,6521.635009765625,6421.5675048828125,6260.6890234375,6015.383757324219,-33.39990234375,-0.005073274450330371,166180.0,180115.0,0.9332926186047803
2014-03-26,6601.39990234375,6627.4501953125,6580.60009765625,6615.64990234375,186600,0.0017678822935240923,0.0017663214289679917,0.006936839166740437,6550.1900390625,6530.585009765625,6442.332495117187,6269.288017578125,6018.6942578125,25.89990234375,0.003930331551841876,169000.0,182200.0,1.0241492864983535
2014-03-27,6641.75,6673.9501953125,6599.5,6613.10009765625,312400,0.0061123546903929515,0.006093750024184339,0.006960516321544307,6581.92001953125,6543.07001953125,6464.417504882813,6276.668017578125,6022.305756835937,11.7001953125,0.0017723809321634918,203080.0,190505.0,1.6398519723891762
2014-03-28,6695.89990234375,6702.60009765625,6643.7998046875,6673.0498046875,184800,0.00815295702845642,0.00811990122114581,0.007013329114018845,6622.4599609375,6563.35,6487.272509765625,6285.749013671875,6026.166005859375,31.2998046875,0.004712583985771822,202060.0,190660.0,0.9692646596034826
2014-03-31,6704.2001953125,6730.0498046875,6662.39990234375,6723.14990234375,220600,0.001239608281157878,0.0012388406011620149,0.007004750333655718,6646.6,6583.35,6508.635009765625,6293.41501953125,6030.080007324219,27.25,0.004069654624087458,214500.0,192660.0,1.145022319111388
2014-04-01,6721.0498046875,6732.25,6675.4501953125,6729.5,177800,0.0025132915014651758,0.0025101384662722147,0.006401199128669058,6672.8599609375,6603.789990234375,6533.614990234375,6301.458017578125,6034.280256347656,25.2998046875,0.003773724523499363,216440.0,194320.0,0.9149855907780979
2014-04-02,6752.5498046875,6763.5,6723.60009765625,6757.60009765625,173300,0.004686767828744776,0.004675819128421151,0.006093958620572309,6703.08994140625,6626.639990234375,6556.344970703125,6311.276015625,6038.653005371094,36.55029296875,0.005438182133877139,213780.0,194645.0,0.8903388219579234
2014-04-03,6736.10009765625,6776.75,6696.89990234375,6772.0498046875,197500,-0.0024360734103480164,-0.0024390454649215365,0.006225534218035222,6721.9599609375,6651.939990234375,6576.71748046875,6319.919013671875,6043.389506835938,19.5,0.0028877980265267274,190800.0,196505.0,1.0050634843897102
2014-04-04,6694.35009765625,6741.85009765625,6685.14990234375,6741.85009765625,155100,-0.0061979482778954376,-0.006217235293906131,0.006236355176873044,6721.65,6672.05498046875,6591.377490234375,6327.53001953125,6048.060256347656,5.75,0.0008536096430634467,184860.0,195225.0,0.7944679216288898
2014-04-07,6695.0498046875,6725.14990234375,6650.39990234375,6694.25,133900,0.00010452202544564138,0.0001045165633993392,0.00472233951753878,6719.819921875,6683.2099609375,6599.7974853515625,6334.65201171875,6053.040004882812,-0.10009765625,-1.4952557722525605e-05,167520.0,187675.0,0.713467430398295
2014-04-09,6796.2001953125,6808.7001953125,6705.10009765625,6722.0,169800,0.015108235722784302,0.014995242988600424,0.005645596214977759,6734.85,6703.85498046875,6612.7449951171875,6343.663017578125,6057.979006347657,26.9501953125,0.004025391311298533,165920.0,184060.0,0.9225252635010323
2014-04-10,6796.39990234375,6819.0498046875,6777.2998046875,6803.0498046875,191100,2.9385101308232464e-05,2.9384669574600685e-05,0.005498669449967486,6743.62001953125,6723.35498046875,6626.969995117188,6354.256015625,6062.710756835938,6.849609375,0.0010078586825214974,169480.0,181665.0,1.0519362562959294
2014-04-11,6776.2998046875,6789.35009765625,6743.14990234375,6758.35009765625,140700,-0.002957462472053529,-0.0029618444059262942,0.005610087648626106,6751.6599609375,6736.8099609375,6639.939990234375,6367.065009765625,6067.524255371094,-38.0498046875,-0.005598523517484376,158120.0,179950.0,0.7818838566268408
2014-04-15,6733.10009765625,6813.39990234375,6711.75,6792.7001953125,123200,-0.006375117435236111,-0.006395525277556329,0.005784020927570652,6759.4099609375,6740.52998046875,6651.939990234375,6379.20201171875,6072.078505859375,16.400390625,0.002420257529582006,151740.0,177715.0,0.6932448020707312
2014-04-16,6675.2998046875,6748.64990234375,6665.14990234375,6727.25,119800,-0.008584499284196023,-0.008621558339553982,0.006235881889444198,6755.4599609375,6737.63994140625,6660.494970703125,6390.3030078125,6077.175505371094,-5.85009765625,-0.0008688564808781593,148920.0,174840.0,0.6851978952184855
2014-04-17,6779.39990234375,6783.0498046875,6684.39990234375,6695.4501953125,131500,0.0155948198136584,0.015474470218657372,0.007007382718220711,6752.09990234375,6743.474951171875,6673.632470703125,6404.417001953125,6082.734255371094,20.150390625,0.0030186495310442958,141260.0,172450.0,0.7625398666280081
2014-04-21,6817.64990234375,6825.4501953125,6786.89990234375,6789.25,111800,0.005642092301823887,0.005626235315480606,0.007050392609023427,6756.34990234375,6749.9849609375,6688.312475585937,6418.98,6088.8712548828125,9.85009765625,0.001452945363622031,125400.0,169415.0,0.6599179529557595
2014-04-22,6815.35009765625,6838.0,6806.25,6822.89990234375,114700,-0.0003373310041498989,-0.0003373879130515304,0.006793775393720121,6764.1599609375,6757.9099609375,6704.924975585937,6435.251005859375,6094.9025048828125,5.25,0.0007700600757154121,120200.0,168050.0,0.682534959833383
2014-04-23,6840.7998046875,6861.60009765625,6820.75,6823.25,183000,0.0037341745716044095,0.00372721984979212,0.006794917673800553,6785.69990234375,6772.554931640625,6722.304956054688,6452.04900390625,6101.1630029296875,7.89990234375,0.0011591337540336657,132160.0,167705.0,1.0912018127068364
2014-04-25,6782.75,6869.85009765625,6772.85009765625,6855.7998046875,154300,-0.008485821299392904,-0.008522030871778505,0.006683407977029141,6807.18994140625,6781.324951171875,6732.2674560546875,6467.256005859375,6106.665002441407,15.0,0.002192726059564204,139060.0,167500.0,0.9211940298507463
2014-04-28,6761.25,6786.25,6750.2998046875,6778.5498046875,118200,-0.003169805757251898,-0.003174840233210194,0.006764668192379393,6803.5599609375,6777.829931640625,6740.842456054687,6481.755009765625,6111.260251464843,-4.2001953125,-0.0006192466643323136,136400.0,165005.0,0.7163419290324535
2014-04-29,6715.25,6779.7001953125,6708.64990234375,6769.0,115500,-0.006803475688667016,-0.006826724839414866,0.007001314597312226,6783.07998046875,6769.71494140625,6746.5349609375,6494.796005859375,6115.342250976562,7.75,0.0011462377518949899,137140.0,161450.0,0.7153917621554661
2014-04-30,6696.39990234375,6780.14990234375,6656.7998046875,6724.9501953125,161100,-0.0028070582117195597,-0.0028110053879877397,0.00693413609838091,6759.28994140625,6761.724951171875,6749.2674560546875,6507.655,6119.536501464844,9.7001953125,0.00144450248501545,146420.0,153885.0,1.046885661370504
2014-05-02,6694.7998046875,6737.64990234375,6689.5,6709.9501953125,114300,-0.00023894893966680542,-0.0002389774925132282,0.00669205289228195,6730.08994140625,6757.894921875,6749.212451171875,6520.2969921875,6124.156000976563,13.55029296875,0.0020235190798577273,132680.0,150360.0,0.7601755786113328
2014-05-05,6699.35009765625,6741.0498046875,6680.4501953125,6681.64990234375,105000,0.0006796757336289261,0.0006794448586849589,0.006687820991565756,6713.4099609375,6760.299951171875,6748.969946289062,6532.603994140625,6128.468000488281,-13.14990234375,-0.001964196499877835,122820.0,144580.0,0.7262415271821828
2014-05-06,6715.2998046875,6743.4501953125,6701.89990234375,6719.25,88300,0.0023807842251488687,0.002377954648569805,0.006685249596841994,6704.219921875,6753.88994140625,6748.682446289063,6546.88798828125,6132.705,19.89990234375,0.002970422810223327,116840.0,140105.0,0.6302416045109025
2014-05-07,6652.5498046875,6718.75,6642.89990234375,6708.60009765625,114100,-0.009344333361884782,-0.009388265536980073,0.00689797147661852,6691.6798828125,6737.379931640625,6743.682446289063,6558.971982421875,6136.91,-6.69970703125,-0.0009976780227404568,116560.0,137145.0,0.8319661671953043
2014-05-08,6659.85009765625,6688.39990234375,6638.5498046875,6669.89990234375,101600,0.0010973676534682397,0.0010967659857117281,0.0068970418369926415,6684.369921875,6721.829931640625,6739.869946289063,6569.626982421875,6140.914250488281,17.35009765625,0.002608037243708394,104660.0,132350.0,0.7676615035889687
2014-05-09,6858.7998046875,6871.35009765625,6652.14990234375,6654.14990234375,166400,0.029873000760372248,0.029435494406797515,0.009548129363091375,6717.169921875,6723.629931640625,6748.092431640625,6583.747978515625,6146.124748535156,-5.7001953125,-0.0008559044466340205,115080.0,132915.0,1.2519279238611143
2014-05-12,7014.25,7020.0498046875,6862.89990234375,6863.39990234375,157700,0.022664343578924884,0.02241132323613701,0.010671326872816463,6780.14990234375,6746.779931640625,6764.05244140625,6602.203974609375,6151.520498046875,4.60009765625,0.0006706855116409961,125620.0,134105.0,1.1759442228104844
2014-05-13,7108.75,7172.35009765625,7067.14990234375,7080.0,232200,0.013472573689275347,0.013382625556367727,0.010574514857854428,6858.83994140625,6781.529931640625,6779.679931640625,6621.269970703125,6157.019248046875,65.75,0.009373774815554051,154400.0,137225.0,1.6921114957187102
2014-05-14,7108.75,7142.25,7080.89990234375,7112.0,177200,0.0,0.0,0.010574849455299015,6950.07998046875,6820.879931640625,6795.297436523438,6639.72296875,6162.408999023438,3.25,0.00045718304905925796,167020.0,136530.0,1.2978832491027612
2014-05-15,7123.14990234375,7152.5498046875,7082.5498046875,7111.2998046875,186800,0.0020256588491296412,0.0020236099686651147,0.010502873604681323,7042.73994140625,6863.554931640625,6812.63994140625,6658.184970703125,6168.248498535157,2.5498046875,0.0003586853789344118,184060.0,138835.0,1.3454820470342492
2014-05-16,7203.0,7563.5,7130.64990234375,7270.2001953125,393200,0.011209942055266486,0.011147576299688492,0.01045224744194572,7111.57998046875,6914.374951171875,6836.134936523437,6677.468974609375,6174.396999511719,147.05029296875,0.02064399808859359,229420.0,152335.0,2.5811533790658747
2014-05-19,7263.5498046875,7291.10009765625,7193.5498046875,7276.85009765625,316200,0.008406192515271416,0.008371057244219524,0.010109179791679164,7161.43994140625,6970.794921875,6865.547436523438,6697.200966796875,6180.524499511719,73.85009765625,0.010252686055289463,261120.0,162155.0,1.9499861243871603
2014-05-20,7275.5,7353.64990234375,7247.7001953125,7309.9501953125,255300,0.0016452279716989704,0.0016438760667509807,0.009762693623174312,7194.78994140625,7026.81494140625,6890.35244140625,6718.281962890625,6186.755998535156,46.400390625,0.006388114884963783,265740.0,168345.0,1.516528557426713
2014-05-21,7252.89990234375,7287.14990234375,7206.7001953125,7274.85009765625,203100,-0.0031063291397498416,-0.003111163794727852,0.00986103522332677,7223.619921875,7086.849951171875,6912.11494140625,6737.38095703125,6192.861499023437,-0.64990234375,-8.932751615009278e-05,270920.0,172910.0,1.1745995026314267
2014-05-22,7276.39990234375,7319.5498046875,7258.14990234375,7289.9501953125,240900,0.0032400833206598367,0.003234845561498608,0.009826934799821184,7254.269921875,7148.504931640625,6935.167431640625,6756.33595703125,6198.854499511719,37.05029296875,0.005108341969089815,281740.0,179220.0,1.3441580180783395
2014-05-23,7367.10009765625,7381.0,7293.89990234375,7306.5,259600,0.012464982206830788,0.012387933925730808,0.010037792159100488,7287.08994140625,7199.3349609375,6961.482446289063,6775.6549609375,6205.7375,30.10009765625,0.004136674462676889,255020.0,183050.0,1.4181917508877355
2014-05-26,7359.0498046875,7504.0,7269.0498046875,7428.75,273200,-0.0010927356574551572,-0.0010933331283551897,0.009693299839372645,7306.18994140625,7233.81494140625,6990.297436523438,6792.302958984375,6212.995249023437,61.64990234375,0.008368272661771372,246420.0,188995.0,1.4455408873250615
2014-05-27,7318.0,7372.9501953125,7274.75,7363.10009765625,168600,-0.005578139267565785,-0.0055937551853276766,0.009803091045250373,7314.68994140625,7254.73994140625,7018.134936523437,6807.917958984375,6220.154248046875,4.05029296875,0.0005503826005050382,229080.0,191515.0,0.880348797744302
2014-05-28,7329.64990234375,7344.75,7302.60009765625,7324.9501953125,175600,0.0015919516731006667,0.0015906858612653664,0.009490472287506253,7330.03994140625,7276.829931640625,7048.854931640625,6824.272958984375,6227.644248046875,6.9501953125,0.0009497397256764144,223580.0,194520.0,0.9027349372815134
2014-05-29,7235.64990234375,7325.39990234375,7224.39990234375,7316.60009765625,241100,-0.012824623447559524,-0.012907568856390952,0.01013494701937289,7321.88994140625,7288.079931640625,7075.817431640625,6838.647958984375,6235.0472485351565,-13.0498046875,-0.0017804130976743046,223620.0,198520.0,1.2144872053193634
2014-05-30,7229.9501953125,7272.5,7118.4501953125,7254.85009765625,312200,-0.0007877256512097697,-0.0007880360700878707,0.010147558130067054,7294.4599609375,7290.774951171875,7102.574951171875,6853.3849609375,6242.486999511719,19.2001953125,0.0026535550464210174,234140.0,208415.0,1.4979727946644916
2014-06-02,7362.5,7368.60009765625,7239.5,7264.0498046875,169900,0.01833343261111775,0.018167401445903533,0.0106098884359577,7295.15,7300.669970703125,7135.732446289063,6870.55095703125,6250.660249023437,34.099609375,0.0047164376591568085,213480.0,211660.0,0.8027024473211755
2014-06-03,7415.85009765625,7424.9501953125,7342.14990234375,7375.35009765625,234700,0.007246193230050935,0.007220065712657715,0.010607674281124276,7314.72001953125,7314.70498046875,7170.7599609375,6888.5349609375,6259.35,12.85009765625,0.0017453443336162989,226700.0,218980.0,1.0717873778427254
2014-06-04,7402.25,7433.2998046875,7391.35009765625,7417.5498046875,204600,-0.0018339229457386974,-0.0018356066412509439,0.010197139053460804,7329.2400390625,7329.639990234375,7208.244970703125,6906.09896484375,6267.934250488282,1.69970703125,0.00022919921639019992,232500.0,223505.0,0.9154157625109058
2014-06-05,7474.10009765625,7484.7001953125,7360.5,7399.75,250700,0.009706521349083008,0.009659715706976952,0.010187551707814067,7376.930078125,7349.410009765625,7248.957470703125,6925.91896484375,6277.593500976563,-2.5,-0.00033773514809686244,234420.0,230960.0,1.0854693453411846
2014-06-06,7583.39990234375,7592.7001953125,7497.64990234375,7521.5,248400,0.014623807984826875,0.014517911265275567,0.008764949989821733,7447.62001953125,7371.039990234375,7285.187475585937,6947.722958984375,6287.915,47.39990234375,0.006341887548256652,221660.0,235060.0,1.0567514677103718
2014-06-09,7654.60009765625,7673.7001953125,7580.25,7621.64990234375,231900,0.009388954325156185,0.009345152051744758,0.007813460486839487,7506.0400390625,7400.59501953125,7317.20498046875,6969.1449609375,6298.359750976562,38.25,0.005043911766828798,234060.0,238770.0,0.9712275411483855
2014-06-10,7656.39990234375,7683.2001953125,7579.2998046875,7679.0498046875,188700,0.0002351271999239124,0.00023509956185606317,0.007561679701231008,7554.15,7434.435009765625,7344.587475585938,6990.477958984375,6308.5797509765625,24.44970703125,0.003194119447041553,224860.0,236595.0,0.7975654599632283
2014-06-11,7626.85009765625,7700.0498046875,7589.0498046875,7672.39990234375,186200,-0.0038594907612459206,-0.003866957814588266,0.007710066506050951,7599.07001953125,7464.155029296875,7370.49248046875,7010.986962890625,6318.217502441406,16.0,0.002089755002883553,221180.0,237045.0,0.785504861946044
2014-06-12,7649.89990234375,7658.0,7593.7998046875,7641.2998046875,148200,0.0030221919130917207,0.003017634271514681,0.007702901701654015,7634.22998046875,7505.580029296875,7396.82998046875,7031.1499609375,6327.755502929687,14.44970703125,0.0018945838512927416,200680.0,235115.0,0.6303298385896263
2014-06-13,7542.10009765625,7678.5,7525.35009765625,7668.2001953125,174500,-0.014091662121549109,-0.01419189231300482,0.008430878045545548,7625.97001953125,7536.79501953125,7413.784985351563,7048.07396484375,6337.926752929688,18.30029296875,0.002392226460785875,185900.0,224180.0,0.7783923632795076
2014-06-16,7533.5498046875,7548.60009765625,7487.5498046875,7534.7998046875,155400,-0.0011336753501066665,-0.0011343184460937106,0.008338764641361901,7601.7599609375,7553.9,7427.284985351563,7064.66095703125,6348.520751953125,-7.30029296875,-0.0009679390188706998,170600.0,216140.0,0.7189784399000648
2014-06-17,7631.7001953125,7637.60009765625,7509.25,7525.0498046875,158000,0.013028438540876097,0.012944298456771088,0.008703856156114222,7596.82001953125,7575.485009765625,7445.094995117188,7082.87396484375,6359.672001953125,-8.5,-0.0011282861626150209,164460.0,211275.0,0.7478404922494379
2014-06-18,7558.2001953125,7663.0,7515.5,7636.0498046875,165100,-0.009630881470572561,-0.00967755834425001,0.009038086638855686,7583.0900390625,7591.080029296875,7460.360009765625,7098.98697265625,6370.95025390625,4.349609375,0.0005699397596451172,160240.0,209375.0,0.7885373134328358
2014-06-19,7540.7001953125,7606.4501953125,7502.5498046875,7580.0498046875,148900,-0.0023153660326241665,-0.002318050637252134,0.009086522217163788,7561.25009765625,7597.7400390625,7473.575024414063,7115.078974609375,6381.61150390625,21.849609375,0.0028908481927418183,160380.0,204775.0,0.727139543401294
2014-06-20,7511.4501953125,7560.5498046875,7497.2998046875,7543.2998046875,124100,-0.003878950129615588,-0.0038864927679996926,0.008809957378326174,7555.1201171875,7590.545068359375,7480.792529296875,7131.4209765625,6391.810004882813,2.599609375,0.00034474376485833325,150300.0,198000.0,0.6267676767676768
2014-06-23,7493.35009765625,7534.7998046875,7441.60009765625,7514.0,127400,-0.002409667532315529,-0.002412575453478406,0.00883137614251293,7547.08017578125,7574.420068359375,7487.507543945312,7147.386982421875,6401.894255371094,2.5498046875,0.0003394557137703181,144700.0,190710.0,0.6680299931833674
2014-06-24,7580.2001953125,7593.35009765625,7515.2001953125,7515.2001953125,137000,0.011590289593357506,0.011523636710027154,0.008997133598053004,7536.78017578125,7566.80009765625,7500.6175537109375,7163.066982421875,6413.358005371094,21.85009765625,0.002915931775706598,140500.0,189130.0,0.7243694813091525
2014-06-25,7569.25,7589.25,7557.0498046875,7588.5498046875,115000,-0.001444578643090666,-0.0014456230527611481,0.00902640312355058,7538.99013671875,7561.040087890625,7512.59755859375,7178.523984375,6424.779255371093,8.349609375,0.0011015024880429007,130480.0,186100.0,0.6179473401397099
2014-06-26,7493.2001953125,7570.2001953125,7481.2998046875,7554.10009765625,171700,-0.010047204767645423,-0.010098018573784505,0.008810810257331355,7529.49013671875,7545.3701171875,7525.475073242187,7192.8619921875,6435.200007324219,-15.14990234375,-0.0020015064033754994,135040.0,182630.0,0.9401522203361988
2014-06-27,7508.7998046875,7538.75,7482.2998046875,7514.2001953125,126700,0.0020818353932086087,0.0020796713768032227,0.008790014195573296,7528.96005859375,7542.040087890625,7539.417553710938,7208.375986328125,6445.385007324218,21.0,0.0028025408974308346,135560.0,173355.0,0.7308701796890773
2014-06-30,7611.35009765625,7623.64990234375,7531.60009765625,7534.0498046875,152300,0.013657348129687996,0.013564927084193412,0.00838354520288903,7552.56005859375,7549.8201171875,7551.86005859375,7227.0969921875,6455.6880078125,25.25,0.0033627211614081446,140540.0,172475.0,0.8830265255834179
2014-07-01,7634.7001953125,7649.5,7618.14990234375,7629.0,139400,0.003067799714460584,0.0030631036189189007,0.00828950957345907,7563.46005859375,7550.1201171875,7562.802563476563,7244.202998046875,6467.1542578125,17.64990234375,0.0023188924589324705,141020.0,167710.0,0.8311967086041381
2014-07-02,7725.14990234375,7732.39990234375,7677.2998046875,7683.0498046875,136300,0.011847185183091247,0.01177755667969897,0.008561008737529217,7594.6400390625,7566.815087890625,7578.94755859375,7262.352998046875,6478.539506835938,48.349609375,0.006332875966064176,145280.0,164295.0,0.8296052831796463
2014-07-03,7714.7998046875,7754.64990234375,7706.7998046875,7734.35009765625,133800,-0.0013397924683778983,-0.00134069079277555,0.008404218799669922,7638.9599609375,7584.225048828125,7590.9825439453125,7280.3419921875,6489.148754882813,9.2001953125,0.001190940684491926,137700.0,158450.0,0.8444304196907542
2014-07-04,7751.60009765625,7758.0,7661.2998046875,7718.10009765625,113100,0.0047700904625405105,0.004758749631257964,0.007873834314310284,7687.52001953125,7608.2400390625,7599.392553710937,7298.557998046875,6499.504755859375,3.30029296875,0.000427787246889381,134980.0,151685.0,0.7456241553218842
2014-07-07,7787.14990234375,7792.0,7755.10009765625,7780.39990234375,173900,0.004586124701950078,0.004575640474488179,0.007679430490072776,7722.67998046875,7637.62001953125,7606.020043945313,7318.64599609375,6508.956755371094,28.7998046875,0.003715336746565115,139300.0,148785.0,1.1688006183419029
2014-07-08,7623.2001953125,7808.85009765625,7595.89990234375,7804.0498046875,180600,-0.021053878387766067,-0.02127867207000753,0.009115646520221168,7720.37998046875,7641.92001953125,7604.36005859375,7335.885,6517.507006835937,16.89990234375,0.002170229487769784,147540.0,148380.0,1.2171451678123737
2014-07-09,7585.0,7650.10009765625,7551.64990234375,7637.9501953125,168300,-0.005011044487063243,-0.005023641872147828,0.00914371963939449,7692.35,7643.49501953125,7602.267553710937,7353.28,6526.178505859375,14.75,0.0019348829391978666,153940.0,147485.0,1.141132996575923
2014-07-10,7567.75,7731.0498046875,7479.0498046875,7589.5,258400,-0.0022742254449571453,-0.0022768154231857557,0.0091210809855956,7662.9400390625,7650.95,7598.16005859375,7370.707001953125,6534.764255371094,4.5,0.0005932762030323006,178860.0,152995.0,1.6889440831399718
2014-07-11,7459.60009765625,7625.85009765625,7447.2001953125,7584.10009765625,187600,-0.014290892582835002,-0.014393990810803546,0.009136801429192919,7604.5400390625,7646.030029296875,7594.03505859375,7386.0030078125,6542.859506835937,16.35009765625,0.0021604965354629843,193760.0,153650.0,1.2209567198177675
2014-07-14,7454.14990234375,7478.4501953125,7422.14990234375,7469.0,135200,-0.000730628350199658,-0.0007308953891714673,0.009135797987493765,7537.9400390625,7630.310009765625,7590.0650634765625,7401.09900390625,6550.879255371094,9.39990234375,0.0012601080782739785,186020.0,152640.0,0.8857442348008385
2014-07-15,7526.64990234375,7534.89990234375,7459.14990234375,7491.2998046875,122100,0.009726125842626887,0.009679131549908635,0.008905556327729412,7518.62998046875,7619.50498046875,7584.812548828125,7417.326005859375,6559.01525390625,37.14990234375,0.004983787934298081,174320.0,150845.0,0.8094401538002586
2014-07-16,7624.39990234375,7640.10009765625,7532.4501953125,7564.14990234375,168000,0.012987185702574067,0.012903575337152367,0.009138796347972598,7526.5099609375,7609.42998046875,7588.122534179687,7436.7630078125,6566.559504394531,37.5,0.004982296305335358,174260.0,150990.0,1.1126564673157162
2014-07-17,7640.4501953125,7655.64990234375,7612.7001953125,7612.7001953125,141600,0.002105122130833692,0.002102909465983186,0.00912117445668571,7541.05,7601.99501953125,7593.110034179687,7456.375009765625,6574.7012548828125,-11.69970703125,-0.0015345085752458362,150900.0,150625.0,0.9400829875518673
2014-07-18,7663.89990234375,7685.0,7595.5,7630.25,134600,0.0030691525279016307,0.0030644522939827193,0.00906989191446469,7581.9099609375,7593.225,7600.73251953125,7472.47701171875,6583.572004394531,-10.2001953125,-0.0013350254306687232,140300.0,151150.0,0.8905061197485941
2014-07-21,7684.2001953125,7722.10009765625,7674.0,7701.64990234375,105400,0.002648820212610259,0.0026453182709969426,0.009038982390791123,7627.92001953125,7582.930029296875,7610.2750244140625,7485.876015625,6592.530754394531,37.75,0.004925690638059536,134340.0,150050.0,0.7024325224925025
2014-07-22,7767.85009765625,7773.85009765625,7704.7998046875,7708.2001953125,120100,0.010885960831002128,0.01082713528937421,0.008998048754211667,7676.16005859375,7597.39501953125,7619.65751953125,7499.058017578125,6602.000754394531,24.0,0.003123291870328994,133940.0,149205.0,0.8049328105626488
2014-07-23,7795.75,7809.2001953125,7752.89990234375,7794.89990234375,122100,0.0035917148236637164,0.0035852800193615086,0.008988783309180959,7710.430078125,7618.47001953125,7630.98251953125,7512.798017578125,6611.568254394531,27.0498046875,0.0034822768652115967,124760.0,149560.0,0.8163947579566729
2014-07-24,7830.60009765625,7835.64990234375,7771.64990234375,7796.25,117600,0.004470397031234974,0.004460434486412476,0.008583066924190618,7748.46005859375,7644.755029296875,7647.852514648437,7526.947021484375,6621.55525390625,0.5,6.413751082320496e-05,119960.0,146855.0,0.8007898947941847
2014-07-25,7790.4501953125,7840.9501953125,7748.60009765625,7828.2001953125,153900,-0.005127308487604565,-0.005140498238365478,0.008739990704522051,7773.7701171875,7677.8400390625,7661.935034179687,7538.696025390625,6631.831005859375,-2.39990234375,-0.0003064774492146913,123820.0,148215.0,1.038356441655703
2014-07-28,7748.7001953125,7799.89990234375,7722.64990234375,7792.89990234375,116500,-0.005359125461725012,-0.005373537086780802,0.008419748002395214,7786.6701171875,7707.295068359375,7668.8025390625,7548.399033203125,6641.6742578125,2.44970703125,0.00031444999580691556,126040.0,146425.0,0.7956291616868704
2014-07-30,7791.39990234375,7798.7001953125,7707.60009765625,7746.2001953125,178100,0.005510563830702919,0.005495436222823544,0.008469982974166136,7791.380078125,7733.770068359375,7676.637524414063,7558.71703125,6651.082756347656,-2.5,-0.00032263475640886846,137640.0,148360.0,1.2004583445672687
2014-07-31,7721.2998046875,7791.85009765625,7711.14990234375,7784.64990234375,208900,-0.00899711201258746,-0.009037830441044684,0.008353179999222936,7776.4900390625,7743.46005859375,7676.44501953125,7568.085029296875,6660.152756347657,-6.75,-0.0008663398214189361,155000.0,151990.0,1.3744325284558194
2014-08-01,7602.60009765625,7716.7001953125,7593.89990234375,7662.5,181100,-0.015373021386786312,-0.015492411451246685,0.009034028008855013,7730.8900390625,7739.675048828125,7670.835034179688,7574.609033203125,6668.635007324218,-58.7998046875,-0.007615272839399839,167700.0,154355.0,1.1732694114217226
2014-08-04,7683.64990234375,7694.7998046875,7622.0498046875,7639.5498046875,137000,0.01066080073217135,0.010604375070275692,0.009313237639550604,7709.52998046875,7741.650048828125,7667.437524414063,7580.940029296875,6677.411257324219,36.94970703125,0.0048601408145406665,164320.0,155550.0,0.8807457409193186
2014-08-05,7746.5498046875,7752.4501953125,7638.0498046875,7706.64990234375,128200,0.008186200977814417,0.00815287578222499,0.00944846405754649,7709.09990234375,7747.885009765625,7665.40751953125,7588.690029296875,6686.106755371094,23.0,0.0029933690748955508,166660.0,153265.0,0.8364597266172968
2014-08-06,7672.0498046875,7740.9501953125,7658.9501953125,7726.14990234375,116400,-0.009617184666510403,-0.009663728440738909,0.008410157732131888,7685.2298828125,7738.30498046875,7667.85,7595.771025390625,6694.3622534179685,-20.39990234375,-0.002633417825753325,154320.0,150055.0,0.7757155709573157
2014-08-07,7649.25,7708.9501953125,7630.39990234375,7651.14990234375,116800,-0.0029718009225604414,-0.0029762254910542657,0.008353875257252858,7670.819921875,7723.65498046875,7671.0625,7602.16302734375,6702.127502441406,-20.89990234375,-0.002724161453042249,135900.0,147480.0,0.7919717927854625
2014-08-08,7568.5498046875,7592.4501953125,7540.10009765625,7588.7001953125,118400,-0.010550079460404649,-0.010606126094877983,0.008694210522856752,7664.00986328125,7697.449951171875,7671.102490234375,7608.821025390625,6709.406750488281,-60.5498046875,-0.007915783205869857,123360.0,140480.0,0.8428246013667426
2014-08-11,7625.9501953125,7635.5498046875,7598.60009765625,7619.85009765625,107000,0.007584067239598591,0.007555452786540585,0.008155575945287406,7652.469921875,7680.999951171875,7679.419995117188,7616.741025390625,6717.091252441406,51.30029296875,0.006778087519088229,117360.0,136450.0,0.7841700256504214
2014-08-12,7727.0498046875,7735.75,7654.7998046875,7688.7998046875,120600,0.013257313093540057,0.013170203962401476,0.0085761049603416,7648.569921875,7678.834912109375,7693.064990234375,7624.032021484375,6725.497250976562,62.849609375,0.008241544694801737,115840.0,135720.0,0.8885941644562334
2014-08-13,7739.5498046875,7757.10009765625,7695.7001953125,7717.2998046875,154100,0.0016176937273546521,0.0016163866702790495,0.008372643651557944,7662.069921875,7673.64990234375,7703.709985351563,7630.506015625,6733.248249511718,-9.75,-0.0012618011073366327,123380.0,137320.0,1.1221963297407516
2014-08-14,7791.7001953125,7796.7001953125,7739.10009765625,7756.14990234375,127300,0.006738168490551644,0.0067155684981506794,0.008028124167986882,7690.5599609375,7680.68994140625,7712.075,7638.29501953125,6741.1819995117185,16.60009765625,0.002144840213599512,125480.0,135285.0,0.9409764571090661
2014-08-18,7874.25,7880.5,7779.2001953125,7785.25,126700,0.010594581749585608,0.010538852441929612,0.008302877110019525,7751.7,7707.854931640625,7723.764990234375,7646.298017578125,6749.539250488281,-6.4501953125,-0.000827828991210474,127140.0,134540.0,0.9417273673257024
2014-08-19,7897.5,7918.5498046875,7881.14990234375,7901.0,140600,0.0029526621583007007,0.0029483116130798108,0.008301789461129808,7806.0099609375,7729.23994140625,7735.444995117187,7652.58001953125,6758.135,26.75,0.003397148934819189,133860.0,134840.0,1.0427172945713439
2014-08-20,7875.2998046875,7922.7001953125,7864.0498046875,7915.7998046875,117300,-0.002811040875276949,-0.0028149992705591483,0.008352854025733896,7835.6599609375,7742.11494140625,7744.999975585937,7656.994013671875,6766.6897485351565,18.2998046875,0.002317164252928142,133200.0,135435.0,0.8660981282534057
2014-08-21,7891.10009765625,7919.64990234375,7855.9501953125,7875.35009765625,115200,0.0020063100276317414,0.0020043000756105184,0.00804470164728782,7865.97001953125,7764.019970703125,7751.1624755859375,7661.688017578125,6775.420749511719,0.05029296875,6.386165606046496e-06,125420.0,135190.0,0.8521340335823656
2014-08-22,7913.2001953125,7929.0498046875,7900.0498046875,7904.5498046875,104100,0.002800635828053233,0.0027967213545059197,0.00803228232803042,7890.27001953125,7790.414990234375,7757.034985351563,7667.41501953125,6784.48125,13.44970703125,0.001704414703248375,120780.0,134290.0,0.7751880259140665
2014-08-25,7906.2998046875,7968.25,7897.9501953125,7931.75,118500,-0.0008720101166007632,-0.0008723905385931191,0.007991778989068518,7896.67998046875,7824.189990234375,7760.819970703125,7672.543017578125,6792.908249511719,18.5498046875,0.0023441596610292064,119140.0,134335.0,0.882123050582499
2014-08-26,7904.75,7915.4501953125,7862.4501953125,7874.5,142800,-0.0001960214924535686,-0.0001960407071773607,0.007883996073496843,7898.12998046875,7852.069970703125,7766.5349609375,7679.796015625,6801.173498535156,-31.7998046875,-0.004022084347047715,119580.0,133780.0,1.0674241291672897
2014-08-27,7936.0498046875,7946.85009765625,7916.5498046875,7933.89990234375,120000,0.003959619809291937,0.0039518011472649325,0.007778100803601258,7910.27998046875,7872.969970703125,7775.90244140625,7687.846015625,6809.357998046875,29.14990234375,0.0036876438019861476,120120.0,133955.0,0.8958232242170878
2014-08-28,7954.35009765625,7967.7998046875,7939.2001953125,7942.25,189700,0.002305970025281434,0.002303315356676902,0.007717924659041011,7922.92998046875,7894.45,7784.049951171875,7694.299013671875,6817.593747558593,6.2001953125,0.000781269707863703,135020.0,134535.0,1.4100419965064852
2014-09-01,8027.7001953125,8035.0,7984.0,7990.35009765625,139300,0.009221381603238932,0.009179124246061186,0.00754107985269118,7945.82998046875,7918.05,7799.369970703125,7703.689013671875,6826.466499023438,36.0,0.004525825436148128,142060.0,131055.0,1.0629125176452634
2014-09-02,8083.0498046875,8101.9501953125,8036.5498046875,8038.60009765625,134900,0.006894827662761838,0.0068711670335596,0.006402962457424909,7981.17998046875,7938.92998046875,7823.3924560546875,7714.536005859375,6835.8059985351565,10.89990234375,0.0013577864243254406,145340.0,128745.0,1.0478076818517224
2014-09-03,8114.60009765625,8141.89990234375,8092.25,8110.85009765625,150700,0.003903265936881173,0.0038956679592612917,0.006155853809218845,8023.15,7960.639990234375,7844.939965820313,7726.59900390625,6845.4427490234375,27.80029296875,0.0034393321383010818,146920.0,129430.0,1.1643359344819593
2014-09-04,8095.9501953125,8114.7998046875,8060.89990234375,8114.2001953125,141300,-0.0022983144109759435,-0.0023009595892866165,0.006114856422279072,8055.130078125,7982.705029296875,7862.409985351563,7738.651005859375,6855.21875,-0.39990234375,-4.9281830150262644e-05,151180.0,130085.0,1.0862128608217705
2014-09-05,8086.85009765625,8122.7001953125,8049.85009765625,8099.89990234375,126000,-0.0011240308347646444,-0.0011246630312066596,0.005514539987112909,8081.630078125,8002.280029296875,7883.15,7748.78400390625,6865.259001464844,3.94970703125,0.00048786207127816245,138440.0,130565.0,0.9650365718224639
2014-09-08,8173.89990234375,8180.2001953125,8126.14990234375,8132.9501953125,120700,0.010764364818970584,0.010706841477298593,0.005631578734267754,8110.87001953125,8028.35,7909.382495117187,7760.877001953125,6876.038251953125,46.10009765625,0.005700624730216137,134720.0,130760.0,0.9230651575405323
2014-09-09,8152.9501953125,8174.5498046875,8126.5,8161.89990234375,104700,-0.002563000193486986,-0.002566290301383355,0.0048195914680735545,8124.85009765625,8053.0150390625,7938.602514648437,7774.072001953125,6886.855002441406,-12.0,-0.0014680874666154365,128680.0,130075.0,0.8049202383240438
2014-09-10,8094.10009765625,8135.75,8082.10009765625,8135.5498046875,107100,-0.007218257961404628,-0.007244435632928195,0.005309365222292169,8120.75009765625,8071.950048828125,7962.010009765625,7785.7780078125,6897.044753417968,-17.400390625,-0.0021342446854396672,119960.0,130080.0,0.823339483394834
2014-09-11,8085.7001953125,8127.9501953125,8057.2998046875,8115.14990234375,122800,-0.001037780882668149,-0.0010383197500981691,0.004792413751446109,8118.70009765625,8086.915087890625,7979.942529296875,7795.265009765625,6906.528254394531,21.0498046875,0.0026006355782028493,116260.0,130190.0,0.9432368077425302
2014-09-12,8105.5,8114.2998046875,8071.60009765625,8087.0498046875,111400,0.0024487433628788136,0.0024457500763813006,0.004789953362633075,8122.430078125,8102.030078125,7998.2400390625,7804.681005859375,6916.03900390625,1.349609375,0.0001669131110973426,113340.0,128055.0,0.8699386982156104
2014-09-15,8042.0,8077.2998046875,8030.0,8070.35009765625,96500,-0.007834186663376763,-0.00786503512440859,0.005175860689702772,8096.05009765625,8103.46005859375,8010.755029296875,7811.0180078125,6925.634504394531,-35.14990234375,-0.004336549545833076,108500.0,126515.0,0.7627554044974905
2014-09-16,7932.89990234375,8044.89990234375,7925.14990234375,8036.60009765625,128000,-0.013566289188790104,-0.013659152116613792,0.005752255703622549,8052.0400390625,8088.445068359375,8013.687524414063,7815.380009765625,6935.303754882812,-5.39990234375,-0.0006714626142439691,113160.0,126580.0,1.0112182019276348
2014-09-17,7975.5,7990.64990234375,7936.9501953125,7971.5,123700,0.005370053597129498,0.005355686271897236,0.005833827133752739,8028.32001953125,8074.53505859375,8017.5875244140625,7819.8580078125,6945.20400390625,38.60009765625,0.0048658243683177855,116480.0,125735.0,0.9838151668191036
2014-09-18,8114.75,8120.85009765625,7939.7001953125,7950.64990234375,116900,0.01745972039370569,0.01730905071438062,0.006891827811979585,8034.12998046875,8076.4150390625,8029.560034179687,7826.410009765625,6955.201003417968,-24.85009765625,-0.003115804357877249,115300.0,125715.0,0.9298810802211351
2014-09-19,8121.4501953125,8160.89990234375,8105.35009765625,8129.39990234375,161300,0.000825681051480398,0.0008253403644006908,0.006892510657297758,8037.32001953125,8079.875048828125,8041.0775390625,7836.375009765625,6965.51275390625,14.64990234375,0.001805342412736067,125280.0,128020.0,1.2599593813466645
2014-09-22,8146.2998046875,8159.89990234375,8064.7998046875,8084.4501953125,105500,0.0030597502634865936,0.003055078754324302,0.006895401785073559,8058.17998046875,8077.1150390625,8052.73251953125,7847.601005859375,6975.958752441406,-37.0,-0.004555836594473667,127080.0,128090.0,0.8236396283862909
2014-09-23,8017.5498046875,8159.75,8008.10009765625,8144.39990234375,140800,-0.015804721540682243,-0.01593094790039912,0.007898437497030635,8075.1099609375,8063.575,8058.29501953125,7856.597001953125,6985.587250976562,-1.89990234375,-0.0002332227378443362,129640.0,129205.0,1.0897411090902054
2014-09-24,8002.39990234375,8042.0498046875,7950.0498046875,8015.5498046875,182200,-0.0018895925454548435,-0.0018913800776086584,0.007917925611343456,8080.48994140625,8054.40498046875,8063.177514648438,7867.452998046875,6994.71875,-2.0,-0.00024945276907799063,141340.0,131175.0,1.3889841814370116
2014-09-25,7911.85009765625,8019.2998046875,7877.35009765625,8003.2998046875,231900,-0.011315331124726713,-0.011379836545715916,0.008308331782852476,8039.9099609375,8037.019970703125,8061.967529296875,7876.607001953125,7003.18875,0.89990234375,0.00011245405812404299,164340.0,136770.0,1.695547269137969
2014-09-26,7968.85009765625,7993.2998046875,7841.7998046875,7885.85009765625,147800,0.007204383209546084,0.007178555614569579,0.008454521044426077,8009.38994140625,8023.35498046875,8062.692529296875,7885.451005859375,7012.02375,-26.0,-0.0032862098850560953,161640.0,134675.0,1.0974568405420457
2014-09-29,7958.89990234375,7991.75,7934.7001953125,7978.4501953125,97300,-0.0012486362763213243,-0.0012494164721180694,0.008181371485312991,7971.9099609375,8015.044970703125,8059.252514648438,7892.141005859375,7021.013498535156,9.60009765625,0.0012047030046497577,160000.0,132575.0,0.7339241938525363
2014-09-30,7964.7998046875,8030.89990234375,7923.85009765625,7948.7998046875,141100,0.0007412962113033661,0.0007410215869771875,0.008006495905258659,7961.3599609375,8018.2349609375,8053.340014648437,7898.627998046875,7029.6319970703125,-10.10009765625,-0.001269031873773875,160060.0,132885.0,1.061820370997479
2014-10-01,7945.5498046875,7977.5,7936.7001953125,7960.5,113000,-0.002416884350146642,-0.0024198097296141007,0.007939436254609487,7949.98994140625,8015.23994140625,8044.8875,7904.26099609375,7038.060246582031,-4.2998046875,-0.0005398509432678331,146220.0,131000.0,0.8625954198473282
2014-10-07,7852.39990234375,7943.0498046875,7842.7001953125,7897.39990234375,148200,-0.011723531364537632,-0.01179279382430551,0.00829110973903491,7938.09990234375,7989.004931640625,8032.709985351563,7907.624990234375,7045.502746582031,-48.14990234375,-0.006059983705009794,129480.0,131345.0,1.1283261639194488
2014-10-08,7842.7001953125,7869.89990234375,7815.75,7828.75,135900,-0.0012352538270948843,-0.001236017381957707,0.008290886239046988,7912.869921875,7961.129931640625,8020.502490234375,7909.1219921875,7053.051997070313,-23.64990234375,-0.003011805643863232,127100.0,131840.0,1.0307949029126213
2014-10-09,7960.5498046875,7972.35009765625,7886.5,7886.5,123800,0.01502666255755103,0.014914880678345798,0.008668867225552997,7913.19990234375,7942.554931640625,8009.834985351563,7912.41798828125,7061.315246582031,43.7998046875,0.0055847863104187875,132400.0,131995.0,0.9379143149361718
2014-10-10,7859.9501953125,7924.0498046875,7848.4501953125,7911.0,142900,-0.012637269013223484,-0.012717798464841716,0.00903206218896756,7892.22998046875,7926.794970703125,7995.184985351562,7913.004990234375,7069.429748535156,-49.5498046875,-0.006224419908575037,132760.0,133905.0,1.067174489376797
2014-10-13,7884.25,7901.14990234375,7796.0,7831.0,118800,0.0030915977943464235,0.0030868286329098203,0.009000074080247045,7879.97001953125,7914.97998046875,7984.69248046875,7914.880986328125,7078.008999023437,-28.9501953125,-0.003683254294634749,133920.0,134490.0,0.8833370510818648
2014-10-14,7864.0,7928.0,7825.4501953125,7923.25,225500,-0.002568411706883933,-0.0025717157348472356,0.009004465713986297,7882.2900390625,7910.194970703125,7973.607470703125,7917.186982421875,7086.555498046875,39.0,0.004946570694739512,149380.0,139625.0,1.6150402864816473
2014-10-16,7748.2001953125,7893.89990234375,7729.64990234375,7837.2998046875,213500,-0.014725305784270115,-0.01483479931274002,0.009431826365885116,7863.3900390625,7888.12998046875,7955.74248046875,7916.32298828125,7094.60125,-26.7001953125,-0.00339524355448881,164900.0,144730.0,1.4751606439577143
2014-10-17,7779.7001953125,7819.2001953125,7723.85009765625,7733.75,177600,0.0040654602625080916,0.004057218608794233,0.009433649539733581,7827.2201171875,7870.210009765625,7942.627490234375,7917.49099609375,7102.414001464844,-14.4501953125,-0.0018649744389983712,175660.0,148785.0,1.1936687166044964
2014-10-20,7879.39990234375,7905.9501953125,7856.9501953125,7896.9501953125,176200,0.012815366213124957,0.01273394430406019,0.009518537047046425,7831.11005859375,7861.67001953125,7939.952490234375,7923.0269921875,7110.977751464844,117.25,0.01507127486360549,182320.0,151195.0,1.1653824531234498
2014-10-21,7927.75,7936.60009765625,7874.35009765625,7906.14990234375,163400,0.006136266499415566,0.006117516281268019,0.009544046878941463,7839.81005859375,7859.8900390625,7937.564990234375,7927.908994140625,7119.245251464844,26.75,0.0033949285899352736,191240.0,153180.0,1.0667188928058493
2014-10-22,7995.89990234375,8005.0,7974.5498046875,7997.7998046875,151100,0.008596373793793965,0.008559635367284744,0.008859312647951104,7866.1900390625,7874.2400390625,7931.622485351562,7932.89599609375,7127.802250976562,70.0498046875,0.00883602594525559,176360.0,154890.0,0.975531022015624
2014-10-27,7991.7001953125,8064.39990234375,7985.64990234375,8064.35009765625,132800,-0.0005252325670084268,-0.0005253705499506886,0.008852214412953531,7914.8900390625,7889.1400390625,7925.134985351562,7939.28900390625,7136.4187524414065,68.4501953125,0.008560661857764872,160220.0,153465.0,0.8653438894862021
2014-10-28,8027.60009765625,8037.7998046875,7995.0498046875,8002.39990234375,124100,0.00449214828714517,0.004482088703870871,0.008890521857837865,7964.47001953125,7895.845068359375,7919.2,7946.856005859375,7145.162253417969,10.69970703125,0.0013388524055902235,149520.0,154395.0,0.8037825059101655
2014-10-29,8090.4501953125,8097.9501953125,8052.25,8077.0498046875,148300,0.007829251194837239,0.007798761644535693,0.008329610660322027,8006.680078125,7918.895068359375,7922.84501953125,7957.294013671875,7154.045505371094,49.44970703125,0.006159961436754605,143940.0,154770.0,0.9581960328228984
2014-10-30,8169.2001953125,8181.5498046875,8085.2001953125,8085.2001953125,205700,0.009733698137790459,0.009686630877276963,0.008557529828973214,8054.9701171875,7947.390087890625,7931.185034179687,7968.159013671875,7163.436005859375,-5.25,-0.0006489132091860327,152400.0,155945.0,1.3190547949597615
2014-10-31,8322.2001953125,8330.75,8198.0498046875,8200.7998046875,176200,0.018728883653480688,0.01855565765600878,0.008899711281848641,8120.23017578125,7993.210107421875,7951.7025390625,7980.062021484375,7173.527006835938,31.599609375,0.0038681399181687216,157420.0,153160.0,1.1504309219117264
2014-11-03,8324.150390625,8350.599609375,8297.650390625,8348.150390625,141100,0.0002343365055792468,0.00023430905306898972,0.008844944310163812,8186.72021484375,8050.805126953125,7969.467553710938,7991.754033203125,7184.042009277344,25.9501953125,0.0031181892652758477,159080.0,152825.0,0.92327825944708
2014-11-05,8338.2998046875,8365.5498046875,8323.5,8351.25,161600,0.0016998027904968627,0.0016983597607461473,0.008808575579106928,8248.86015625,8106.665087890625,7988.437548828125,8002.686025390625,7194.677758789063,27.099609375,0.003255540578113617,166580.0,156040.0,1.0356318892591643
2014-11-07,8337.0,8360.349609375,8290.25,8331.849609375,153400,-0.00015588365949248395,-0.0001558958106129228,0.008819573271197369,8298.1701171875,8152.42509765625,8007.04755859375,8011.941025390625,7205.4055078125,-6.4501953125,-0.0007735624124325592,167600.0,156655.0,0.9792218569467939
2014-11-10,8344.25,8383.0498046875,8304.4501953125,8337.7998046875,130700,0.000869617368358,0.0008692394702429653,0.008757005200926374,8333.180078125,8194.07509765625,8026.982568359375,8020.876025390625,7216.3155078125,0.7998046875,9.593435138539042e-05,152600.0,157540.0,0.8296305700139647
2014-11-11,8362.650390625,8378.7001953125,8321.849609375,8354.099609375,122000,0.002205158117865702,0.0022027303251594033,0.008096280915252168,8341.2701171875,8230.750146484375,8052.495092773437,8030.623037109375,7227.255759277344,9.849609375,0.001180406792102346,141760.0,156230.0,0.7808999551942649
2014-11-12,8383.2998046875,8415.0498046875,8370.5,8378.900390625,125200,0.0024692427756694,0.0024661992049072835,0.00803198032159276,8353.1,8269.910107421874,8079.525073242187,8040.46703125,7238.3305078125,16.25,0.0019431638584601315,138580.0,155695.0,0.8041362921095732
2014-11-13,8357.849609375,8408.0,8320.349609375,8405.25,127400,-0.0030358207275695825,-0.0030404381788521184,0.007659024954375082,8357.0099609375,8302.93505859375,8099.390063476562,8049.36001953125,7249.262504882812,21.9501953125,0.0026183240279951106,131740.0,155875.0,0.8173215717722534
2014-11-14,8389.900390625,8400.650390625,8346.7998046875,8360.7001953125,146800,0.0038348119131084157,0.00382747776597414,0.006785248033103105,8367.5900390625,8332.880078125,8125.8875732421875,8059.03203125,7259.848256835938,2.8505859375,0.0003410669096393524,130420.0,156070.0,0.9406035753187673
2014-11-17,8430.75,8438.099609375,8349.099609375,8378.400390625,113900,0.0048689027846677835,0.004857088011971049,0.006794151478328174,8384.8900390625,8359.03505859375,8153.212573242187,8069.55203125,7270.792756347656,-11.5,-0.0013706956536516538,127060.0,155825.0,0.7309481790470078
2014-11-18,8425.900390625,8454.5,8407.25,8441.25,134700,-0.0005752287014797464,-0.0005753942089820699,0.006716504536899651,8397.5400390625,8369.405078125,8181.307592773437,8079.34904296875,7281.317758789062,10.5,0.0012454407970821102,129600.0,151285.0,0.8903724757907261
2014-11-19,8382.2998046875,8455.650390625,8360.5,8440.650390625,125400,-0.005174590716264804,-0.005188025276412326,0.00560104145207836,8397.3400390625,8375.22001953125,8213.012573242188,8087.908037109375,7291.634758300781,14.75,0.0017505547557162496,129640.0,146880.0,0.8537581699346405
2014-11-20,8401.900390625,8410.849609375,8353.150390625,8406.5,122800,0.00233833033823716,0.002335600698223698,0.0056125614848361975,8406.1501953125,8381.580078125,8244.122583007813,8095.392041015625,7302.336010742188,24.2001953125,0.002887059145625752,128720.0,144140.0,0.8519494935479395
2014-11-21,8477.349609375,8489.7998046875,8398.599609375,8408.2001953125,137000,0.008980018238991194,0.008939937646133834,0.005350197785054561,8423.6400390625,8395.6150390625,8274.020068359376,8103.278037109375,7313.2030078125,6.2998046875,0.0007498071144153818,126760.0,142180.0,0.9635673090448726
2014-11-24,8530.150390625,8534.650390625,8490.7998046875,8490.9501953125,140700,0.006228453901630848,0.006209137249718906,0.005352466808744538,8443.5201171875,8414.205078125,8304.140087890624,8111.58904296875,7324.284760742187,13.6005859375,0.0016043441127471343,132120.0,141045.0,0.9975539721365522
2014-11-25,8463.099609375,8535.349609375,8429.4501953125,8530.7998046875,271900,-0.00786044538249775,-0.007891501533809672,0.005803213673794788,8450.9599609375,8424.25,8327.500073242187,8118.93203125,7334.9055078125,0.6494140625,7.613160762250263e-05,159560.0,147085.0,1.8485909508107556
2014-11-26,8475.75,8500.2998046875,8438.650390625,8450.2998046875,151900,0.0014947703806991175,0.0014936543234813655,0.005758615787445769,8469.65,8433.49501953125,8351.702563476563,8126.710029296875,7345.556008300781,-12.7998046875,-0.0015124251489750887,164860.0,148040.0,1.0260740340448526
2014-11-27,8494.2001953125,8506.75,8456.349609375,8477.7998046875,194300,0.0021768215570894256,0.002174455713767457,0.005749464856963275,8488.1099609375,8447.130078125,8375.032568359375,8133.11603515625,7356.693259277344,2.0498046875,0.00024184345780609386,179160.0,151550.0,1.282085120422303
2014-11-28,8588.25,8617.0,8516.25,8516.7998046875,197200,0.0110722378240391,0.011011389339421218,0.00594001865799328,8510.2900390625,8466.9650390625,8399.92255859375,8141.82203125,7368.955258789062,22.599609375,0.0026605929758367988,191200.0,153995.0,1.280561057177181
2014-12-01,8555.900390625,8623.0,8545.150390625,8605.099609375,152000,-0.0037667288883066474,-0.0037738408764703764,0.005902297402847097,8515.4400390625,8479.480078125,8419.257568359375,8151.058037109375,7381.103510742188,16.849609375,0.0019619374581550373,193460.0,151310.0,1.004560174476241
2014-12-02,8524.7001953125,8560.2001953125,8504.650390625,8535.4501953125,137400,-0.003646629096650922,-0.0036532942570473856,0.004609725733683329,8527.76015625,8489.36005859375,8429.382568359375,8159.838037109375,7393.12576171875,-20.4501953125,-0.0023901862315868,166560.0,149370.0,0.9198634263908415
2014-12-03,8537.650390625,8546.9501953125,8508.349609375,8528.7001953125,153200,0.0015191379187295961,0.0015179851960037325,0.0046043207429204555,8540.140234375,8504.8951171875,8440.057568359374,8168.481044921875,7405.445512695313,4.0,0.00046922471270010067,166820.0,149975.0,1.0215035839306552
2014-12-04,8564.400390625,8626.9501953125,8526.400390625,8582.400390625,143500,0.0031331805328282947,0.003128282351293758,0.004622366973551701,8554.1802734375,8521.1451171875,8451.36259765625,8178.929052734375,7417.820014648438,44.75,0.005241488928750111,156660.0,149070.0,0.9626350036895418
2014-12-05,8538.2998046875,8588.349609375,8523.900390625,8584.25,143300,-0.003047567225613501,-0.003052220515157543,0.004716181251900087,8544.190234375,8527.24013671875,8461.427587890625,8191.03705078125,7430.502514648438,19.849609375,0.0023176881590833056,145880.0,148565.0,0.9645609665802847
2014-12-08,8438.25,8546.349609375,8432.25,8538.650390625,163800,-0.0117177666486451,-0.01178696074088962,0.005532429272314711,8520.66015625,8518.05009765625,8466.127587890625,8200.29205078125,7442.689265136719,0.3505859375,4.10603920592633e-05,148240.0,150220.0,1.0904007455731595
2014-12-09,8340.7001953125,8444.5,8330.5,8439.2998046875,146300,-0.011560430739489869,-0.01162777201814715,0.0061416579399338304,8483.86015625,8505.81015625,8465.030078125,8204.8110546875,7454.280766601562,1.0498046875,0.00012441023760850886,150020.0,151435.0,0.9660910621718889
2014-12-10,8355.650390625,8376.7998046875,8317.0,8318.0498046875,136700,0.0017924388795202972,0.001790834377979736,0.006128528928588258,8447.46015625,8493.8001953125,8463.647607421875,8209.49505859375,7465.87751953125,-22.650390625,-0.002715646180128809,146720.0,152010.0,0.8992829419117163
2014-12-11,8292.900390625,8348.2998046875,8272.400390625,8338.849609375,133900,-0.007509888167461565,-0.0075382293595515236,0.0063182347294545175,8393.16015625,8473.67021484375,8460.400146484375,8212.4270703125,7477.026020507812,-16.80078125,-0.0020107089771073234,144800.0,152335.0,0.8789838185577838
2014-12-12,8224.099609375,8321.900390625,8216.2998046875,8302.0,138100,-0.008296347237907065,-0.008330953463077941,0.006473612543508146,8330.3201171875,8437.25517578125,8452.110107421875,8216.55806640625,7487.879267578125,9.099609375,0.0010972770618693276,143760.0,151900.0,0.9091507570770243
2014-12-15,8219.599609375,8242.400390625,8152.5,8160.75,137100,-0.0005471723609561385,-0.0005473221143822177,0.0063278119199147295,8286.5900390625,8403.62509765625,8441.552587890625,8220.902060546876,7498.663764648438,-63.349609375,-0.00770292340608145,138420.0,153060.0,0.8957271658173266
2014-12-16,8067.60009765625,8189.35009765625,8052.60009765625,8172.60009765625,197300,-0.018492325531937692,-0.01866544617437457,0.007404239985158618,8231.97001953125,8357.915087890626,8423.637573242188,8224.017060546876,7508.581765136719,-46.99951171875,-0.005717980674526279,148620.0,156190.0,1.263205070747167
2014-12-17,8029.7998046875,8082.0,7961.35009765625,8041.2001953125,216200,-0.004685444557388396,-0.004696455660811477,0.007394504868600887,8166.79990234375,8307.130029296875,8406.012573242188,8225.2360546875,7518.725263671875,-26.39990234375,-0.0032723365095178106,164520.0,160730.0,1.3451129222920426
2014-12-18,8159.2998046875,8174.2998046875,8084.89990234375,8138.89990234375,162100,0.01612742573288095,0.015998760320407486,0.008405743081761818,8140.07978515625,8266.619970703125,8393.882543945312,8229.244052734375,7529.280012207031,109.10009765625,0.013586901331283676,170160.0,162695.0,0.9963428501183196
2014-12-19,8225.2001953125,8263.4501953125,8208.599609375,8230.4501953125,174800,0.008076721312181734,0.008044279165652847,0.008349099308299527,8140.29990234375,8235.310009765624,8381.275073242188,8234.452060546875,7539.770512695312,71.150390625,0.008720158877373797,177500.0,164585.0,1.0620651942765136
2014-12-22,8324.0,8330.9501953125,8228.2001953125,8255.0,139200,0.012011841942012103,0.01194027232053888,0.00872180141422728,8161.17998046875,8223.885009765625,8370.967553710938,8242.021064453125,7550.626762695312,29.7998046875,0.0036229883747367947,177920.0,164510.0,0.8461491702632059
2014-12-23,8267.0,8364.75,8252.849609375,8324.599609375,132200,-0.006847669389716482,-0.006871222260849433,0.008683869488240877,8201.0599609375,8216.514990234375,8361.162573242187,8250.31306640625,7561.50451171875,0.599609375,7.20338028592023e-05,164900.0,157525.0,0.8392318679574671
2014-12-24,8174.10009765625,8286.400390625,8155.25,8272.0498046875,221900,-0.01123743829003876,-0.0113010553438477,0.008943693024856187,8229.92001953125,8198.3599609375,8346.080078125,8256.941064453125,7571.597761230469,5.0498046875,0.0006108388396637233,166040.0,161025.0,1.3780468871293277
2014-12-26,8200.7001953125,8234.5498046875,8147.9501953125,8204.7998046875,75500,0.0032541927965719086,0.003248909370282162,0.008971930623144294,8238.20009765625,8189.13994140625,8331.405078125,8261.744072265625,7581.67076171875,30.69970703125,0.003755729274718876,148720.0,155085.0,0.4868298030112519
2014-12-29,8246.2998046875,8279.150390625,8214.7001953125,8214.7001953125,82100,0.005560453167287482,0.005545050916857839,0.00863675564870692,8242.42001953125,8191.3599609375,8314.307568359374,8269.471064453124,7591.90201171875,14.0,0.0017071712983730786,130180.0,149330.0,0.5497890577914686
2014-12-30,8248.25,8268.25,8220.5498046875,8260.2998046875,77700,0.00023649337990261365,0.00023646541975141835,0.008639897247500028,8227.27001953125,8194.225,8298.925048828125,8276.751064453125,7601.949262695312,14.0,0.0016977311438570164,117880.0,145615.0,0.5335988737424029
2014-12-31,8282.7001953125,8291.0,8243.75,8243.900390625,84500,0.004176667209711216,0.004167969146088031,0.008728243900452648,8230.41005859375,8215.735009765625,8286.825048828125,8285.125068359375,7611.978012695313,-4.349609375,-0.0005273372382020428,108340.0,142970.0,0.5910330838637476
2015-01-02,8395.4501953125,8410.599609375,8288.7001953125,8288.7001953125,101900,0.013612710510011006,0.013520889912634575,0.009338868051600007,8274.680078125,8252.300048828125,8279.7150390625,8298.070068359375,7622.848012695313,6.0,0.000724401446209007,84340.0,140405.0,0.7257576297140416
2015-01-05,8378.400390625,8445.599609375,8363.900390625,8407.9501953125,118200,-0.0020308386436523884,-0.0020329035926431203,0.009295746248879869,8310.2201171875,8274.210107421875,8270.4150390625,8310.044072265626,7633.250263671875,12.5,0.0014889016918924998,92880.0,139140.0,0.8495040965933592
2015-01-06,8127.35009765625,8327.849609375,8111.35009765625,8325.2998046875,172800,-0.029963988501869876,-0.030422082918029548,0.011325976721387254,8286.43017578125,8264.42509765625,8249.867553710938,8315.003076171875,7642.243764648438,-53.1005859375,-0.006337795218872188,111020.0,140615.0,1.228887387547559
2015-01-07,8102.10009765625,8151.2001953125,8065.4501953125,8118.64990234375,164100,-0.0031067936900222026,-0.0031116297926513815,0.011114910144116006,8257.2001953125,8242.235107421875,8233.06005859375,8318.490078125,7650.748515625,-8.7001953125,-0.001070483639557861,128300.0,140630.0,1.1668918438455522
2015-01-08,8234.599609375,8243.5,8167.2998046875,8191.39990234375,143800,0.016353724358093125,0.01622144246054657,0.011589895504623249,8247.580078125,8238.995068359374,8227.755029296875,8323.264072265625,7659.288264160156,89.2998046875,0.011021809606293604,140160.0,140505.0,1.0234511227358456
2015-01-09,8284.5,8303.2998046875,8190.7998046875,8285.4501953125,148000,0.006059844193054609,0.006041557177687999,0.011674759625265336,8225.3900390625,8250.03505859375,8224.197509765625,8329.120068359374,7668.024514160156,50.8505859375,0.006175234783681185,149380.0,141070.0,1.0491245480966895
2015-01-12,8323.0,8332.599609375,8245.599609375,8291.349609375,103200,0.004647232784114941,0.004636467736743234,0.011599274213598416,8214.3099609375,8262.2650390625,8225.702490234375,8335.02806640625,7677.080014648437,6.849609375,0.0008267981622306717,146380.0,139535.0,0.7395993836671803
2015-01-13,8299.400390625,8356.650390625,8267.900390625,8346.150390625,129600,-0.002835469106692301,-0.0028394966643650508,0.011450944866631502,8248.72001953125,8267.57509765625,8229.467529296875,8339.2070703125,7685.992517089844,23.150390625,0.002781495929953142,137740.0,139110.0,0.9316368341600173
2015-01-14,8277.5498046875,8326.4501953125,8236.650390625,8307.25,146100,-0.0026327909136885097,-0.0026362628028638235,0.01147064021049459,8283.8099609375,8270.505078125,8232.3650390625,8341.3740625,7694.914765625,7.849609375,0.0009458043961666094,134140.0,139560.0,1.0468615649183146
2015-01-15,8494.150390625,8527.099609375,8380.5498046875,8424.5,232100,0.026167234392820093,0.025830729950324278,0.01193396734955875,8335.7201171875,8291.65009765625,8253.692553710938,8344.81306640625,7704.864516601562,146.9501953125,0.01775286150852073,151800.0,141300.0,1.6426043878273178
2015-01-16,8513.7998046875,8530.75,8452.25,8504.0498046875,176000,0.0023132877520259942,0.0023106162211340322,0.011809600442743354,8381.580078125,8303.48505859375,8277.892553710937,8348.6060546875,7714.850266113282,9.8994140625,0.0011654389912175314,157400.0,139290.0,1.2635508651015865
2015-01-19,8550.7001953125,8570.9501953125,8531.5,8550.0498046875,125400,0.004334185847861161,0.004324820315931695,0.011407052068317703,8427.1201171875,8320.7150390625,8297.462573242188,8352.8540625,7724.983518066406,36.25,0.004257793327491867,161840.0,137455.0,0.9122985704412353
2015-01-20,8695.599609375,8707.900390625,8574.5,8575.099609375,158700,0.016945912118627948,0.01680393189462208,0.011804522960214977,8506.3599609375,8377.539990234374,8320.982543945312,8360.0260546875,7736.046015625,24.3994140625,0.002853498953907398,167660.0,136650.0,1.1613611416026344
2015-01-21,8729.5,8741.849609375,8689.599609375,8719.650390625,185900,0.0038985684884169647,0.003890988763950604,0.011610958114144893,8596.75,8440.27998046875,8341.257543945312,8367.7310546875,7747.227514648437,24.05078125,0.0027658565631368415,175620.0,138985.0,1.337554412346656
2015-01-22,8761.400390625,8774.150390625,8727.0,8745.849609375,175500,0.0036543204794088346,0.003647659672542357,0.011404202791378545,8650.2,8492.96005859375,8365.977563476563,8375.7060546875,7758.117016601563,16.349609375,0.001872914757431697,164300.0,141150.0,1.2433581296493093
2015-01-23,8835.599609375,8866.400390625,8795.400390625,8827.9501953125,191200,0.008468876599840858,0.008433216854945564,0.01095448859562898,8714.5599609375,8548.07001953125,8399.0525390625,8384.75205078125,7769.346264648438,66.5498046875,0.007595795388909584,167340.0,139615.0,1.3694803566951974
2015-01-27,8910.5,8925.0498046875,8825.4501953125,8871.349609375,192000,0.00847711461998868,0.008441385660836975,0.010999049748343363,8786.519921875,8606.82001953125,8434.542529296876,8395.80505859375,7780.891765136719,35.75,0.004046131737575288,180660.0,145440.0,1.3201320132013201
2015-01-28,8914.2998046875,8985.0498046875,8874.0498046875,8902.75,185100,0.0004264412420740271,0.0004263503418490414,0.011025918522970843,8830.2599609375,8668.3099609375,8467.942529296875,8406.293046875,7792.254514160156,-7.75,-0.0008697603950395601,185940.0,150590.0,1.2291652832193374
2015-01-29,8952.349609375,8966.650390625,8861.25,8901.5,256300,0.0042684008302582566,0.0042593170470792705,0.010991057130081812,8874.8298828125,8735.78994140625,8503.147509765626,8416.7250390625,7803.536762695312,-12.7998046875,-0.0014358732562224734,200020.0,159520.0,1.6066950852557673
2015-01-30,8808.900390625,8996.599609375,8775.099609375,8996.599609375,267300,-0.01602363904552817,-0.016153405638702815,0.011881674885466978,8884.3298828125,8767.26494140625,8529.45751953125,8424.3850390625,7814.060263671875,44.25,0.004942836454204258,218380.0,168660.0,1.584845250800427
2015-02-02,8797.400390625,8840.7998046875,8751.099609375,8802.5,210100,-0.0013054977908750764,-0.0013063506955069547,0.011656524007123045,8876.6900390625,8795.625,8549.555029296875,8432.68705078125,7824.4420166015625,-6.400390625,-0.0007265822453630771,222160.0,174070.0,1.2069856954098925
2015-02-03,8756.5498046875,8837.2998046875,8726.650390625,8823.150390625,208700,-0.004643483770618517,-0.004654298232220474,0.011723309805375646,8845.9,8816.2099609375,8568.4625,8439.7800390625,7834.462016601563,25.75,0.0029270010294678225,225500.0,178595.0,1.1685657493210897
2015-02-04,8723.7001953125,8792.849609375,8704.400390625,8789.150390625,195300,-0.003751432939651078,-0.0037584872121479928,0.00910143236172388,8807.780078125,8819.02001953125,8598.280004882812,8444.70705078125,7844.4000170898435,32.6005859375,0.0037229944058615946,227540.0,179720.0,1.0866904073002448
2015-02-05,8711.7001953125,8838.4501953125,8683.650390625,8733.099609375,173600,-0.0013755630903555804,-0.0013765100457609084,0.009042472294678585,8759.6501953125,8817.2400390625,8628.760009765625,8448.338046875,7854.486767578125,9.3994140625,0.0010774572546120489,211000.0,180195.0,0.9634007602874664
2015-02-06,8661.0498046875,8726.2001953125,8645.5498046875,8696.849609375,171300,-0.005814064934449137,-0.005831032408607971,0.008760451380410124,8730.080078125,8807.20498046875,8650.08251953125,8452.29705078125,7864.316767578125,-14.8505859375,-0.0017046713735041808,191800.0,181570.0,0.9434377925868811
2015-02-09,8526.349609375,8605.5498046875,8516.349609375,8584.400390625,146800,-0.01555240973670402,-0.015674617197285398,0.009599321329701144,8675.869921875,8776.27998046875,8662.175,8453.30904296875,7872.967514648438,-76.6494140625,-0.008849898775667598,179140.0,181510.0,0.8087708666189191
2015-02-10,8565.5498046875,8646.25,8470.5,8478.099609375,196200,0.0045975355349490155,0.004586999150377187,0.009598465624973738,8637.669921875,8741.7849609375,8674.302490234375,8454.73603515625,7881.813264160156,-48.25,-0.005658928170966335,176640.0,186160.0,1.0539321014181349
2015-02-11,8627.400390625,8651.9501953125,8593.650390625,8603.2998046875,161600,0.007220854159723844,0.007194908616778425,0.009623820038183756,8618.4099609375,8713.09501953125,8690.702490234375,8455.51904296875,7891.068767089844,37.75,0.004407189364463365,169900.0,187760.0,0.8606731998295697
2015-02-12,8711.5498046875,8732.5498046875,8599.25,8676.9501953125,158800,0.009753739278629103,0.009706478627223793,0.009709275901061219,8618.3798828125,8689.0150390625,8712.402490234375,8458.63203125,7900.961015625,49.5498046875,0.005743306493731704,166940.0,188395.0,0.8429098436795032
2015-02-13,8805.5,8822.099609375,8729.650390625,8741.5,221900,0.0107845558389561,0.010726817268910518,0.00824290664748883,8647.269921875,8688.675,8727.969970703125,8464.24802734375,7911.612016601563,29.9501953125,0.003437987038355039,177060.0,187885.0,1.1810415945924368
2015-02-16,8809.349609375,8870.099609375,8793.400390625,8831.400390625,136400,0.00043718237181300523,0.0004370868354434235,0.008247837524965317,8703.869921875,8689.869921875,8742.7474609375,8469.68201171875,7921.761765136719,25.900390625,0.0029413878399863723,174980.0,185905.0,0.7337080767058444
2015-02-18,8869.099609375,8894.2998046875,8808.900390625,8811.5498046875,147600,0.006782566551384539,0.006759668427262326,0.008306329897475146,8764.5798828125,8701.12490234375,8758.667431640624,8475.77599609375,7932.019013671875,2.2001953125,0.0002497568390472924,165260.0,187015.0,0.7892415046921369
2015-02-19,8895.2998046875,8913.4501953125,8794.4501953125,8883.0498046875,213300,0.0029540986646272582,0.0029497438893496893,0.007521201271678962,8818.159765625,8718.28486328125,8768.65244140625,8482.91599609375,7942.418762207031,13.9501953125,0.0015728987075254036,175600.0,189745.0,1.1241402935518723
2015-02-20,8833.599609375,8899.9501953125,8816.2998046875,8895.5,197600,-0.006936269340802492,-0.006960437077779418,0.007701824992870624,8842.5697265625,8730.4748046875,8773.857421875,8490.82298828125,7952.3827612304685,0.2001953125,2.2505740885147495e-05,183360.0,190330.0,1.0381968160563233
2015-02-23,8754.9501953125,8869.0,8736.099609375,8856.849609375,139600,-0.008903438863023694,-0.008943311319236858,0.007949436487298345,8832.459765625,8739.86484375,8773.534912109375,8499.10798828125,7962.243762207031,23.25,0.00263199613160246,166900.0,188535.0,0.7404460710212958
2015-02-24,8762.099609375,8800.5,8726.75,8772.900390625,149800,0.0008166139044774035,0.0008162806567537197,0.0077002786270283724,8823.009765625,8763.43984375,8769.859912109376,8507.23697265625,7972.248010253907,17.9501953125,0.002050290968201137,169580.0,186465.0,0.8033679242753332
2015-02-25,8767.25,8840.650390625,8751.400390625,8801.900390625,135200,0.0005878032497472763,0.0005876305610850604,0.007419108823959586,8802.63984375,8783.60986328125,8762.697412109375,8516.72396484375,7982.508010253906,39.80078125,0.004542379455195327,167100.0,183625.0,0.736283185840708
2015-02-26,8683.849609375,8786.0498046875,8669.4501953125,8779.0,217500,-0.00951271956713906,-0.009558254487962844,0.007662658389612052,8760.3498046875,8789.25478515625,8751.17490234375,8525.91896484375,7992.445258789063,11.75,0.00134021500470501,167940.0,185245.0,1.1741207589948446
2015-02-27,8844.599609375,8856.9501953125,8717.4501953125,8729.5,249500,0.018511375395821705,0.018342125395864908,0.00878516277630229,8762.5498046875,8802.559765625,8745.78740234375,8538.41896484375,8003.1942578125,45.650390625,0.005256930126440269,178320.0,184905.0,1.3493415537708553
2015-03-02,8956.75,8972.349609375,8885.4501953125,8953.849609375,218100,0.01268009809128312,0.012600378838793266,0.008466272762442564,8802.909765625,8817.684765625,8753.1798828125,8556.201962890626,8014.481257324219,109.25,0.012352170230995918,194020.0,182445.0,1.1954287593521336
2015-03-03,8996.25,9008.400390625,8925.5498046875,8962.849609375,177800,0.004410081781896391,0.00440038586730066,0.008485538280552964,8849.73984375,8836.3748046875,8763.12236328125,8575.530966796876,8025.886008300781,6.099609375,0.000681006991933458,199620.0,180830.0,0.9832439307637008
2015-03-04,8922.650390625,9119.2001953125,8893.9501953125,9109.150390625,248400,-0.008181143184660233,-0.008214792388202198,0.008648028482028855,8880.819921875,8841.7298828125,8771.427392578125,8590.797978515626,8037.236511230469,112.900390625,0.01254971689592886,222260.0,182815.0,1.3587506495637667
2015-03-05,8937.75,8957.5498046875,8849.349609375,8929.400390625,160100,0.0016922784950608172,0.0016908482052135402,0.008576798583252991,8931.6,8845.97490234375,8782.1298828125,8605.048974609375,8048.626010742188,6.75,0.0007565016788164426,210780.0,181055.0,0.8842616884372152
2015-03-09,8756.75,8891.2998046875,8740.4501953125,8891.150390625,155500,-0.02025118178512486,-0.02045904811401918,0.009827920502160426,8914.030078125,8838.28994140625,8784.382373046876,8613.703974609374,8058.11576171875,-46.599609375,-0.005213796467231686,191980.0,180150.0,0.8631695809048016
2015-03-10,8712.0498046875,8778.0,8677.349609375,8769.75,163800,-0.005104655872612551,-0.005117729137055929,0.009805933372119494,8865.0900390625,8833.99990234375,8786.932373046875,8622.604970703125,8066.604760742188,13.0,0.0014845690467353756,181120.0,179775.0,0.9111389236545682
2015-03-11,8699.9501953125,8755.599609375,8682.349609375,8728.75,172800,-0.0013888361116221049,-0.00138980143838521,0.009082599225423224,8805.830078125,8827.7849609375,8795.61240234375,8633.12197265625,8074.56076171875,16.7001953125,0.0019169076953066194,180120.0,181075.0,0.9543007041281237
2015-03-12,8776.0,8787.2001953125,8732.900390625,8740.650390625,173900,0.008741406902360804,0.00870342200550124,0.009214157326592176,8776.5,8828.6599609375,8806.134912109375,8644.62796875,8082.89701171875,40.7001953125,0.004678210150493633,165220.0,179960.0,0.9663258501889309
2015-03-13,8647.75,8849.75,8631.75,8844.0498046875,179200,-0.014613719234275346,-0.014721551472009752,0.009748112930605152,8718.5,8825.05,8807.152392578126,8652.65697265625,8090.520012207031,68.0498046875,0.007754079841328624,169040.0,180840.0,0.990931209909312
2015-03-16,8633.150390625,8663.5498046875,8612.0,8656.75,163300,-0.0016882552542568652,-0.0016896819631506011,0.009487906778214986,8693.780078125,8803.905078125,8803.232421875,8660.35498046875,8097.670764160156,9.0,0.0010407331386776907,170600.0,181065.0,0.901886063016044
2015-03-17,8723.2998046875,8742.5498046875,8630.7998046875,8689.099609375,177000,0.010442238346779709,0.01038809476984804,0.009466936574522009,8696.030078125,8780.56005859375,8799.122412109375,8669.16697265625,8104.969514160156,55.94921875,0.006480741817118923,173240.0,178820.0,0.9898221675427804
2015-03-18,8685.900390625,8747.25,8664.0,8742.900390625,156400,-0.004287301239194297,-0.0042965180681336585,0.009503133238914763,8693.2201171875,8749.52509765625,8792.949951171875,8674.9759765625,8112.021516113281,19.6005859375,0.0022469233405193237,169960.0,179820.0,0.8697586475364253
2015-03-19,8634.650390625,8788.2001953125,8614.650390625,8749.4501953125,163500,-0.00590036699653107,-0.005917842938767325,0.009402815929088398,8664.9501953125,8720.72509765625,8781.227490234374,8680.1009765625,8118.930268554687,63.5498046875,0.007316432589543803,167880.0,180615.0,0.9052404285358359
2015-03-20,8570.900390625,8627.900390625,8553.0,8627.900390625,174600,-0.0073830435647072035,-0.0074104331263360745,0.009440895481023585,8649.5802734375,8684.04013671875,8765.00751953125,8688.971982421876,8125.402770996094,-6.75,-0.0007817340244984042,166960.0,178680.0,0.977165883143049
2015-03-23,8550.900390625,8608.349609375,8540.5498046875,8591.5498046875,150700,-0.002333477124745964,-0.002336203925268819,0.00936524235680027,8633.1302734375,8663.45517578125,8750.87255859375,8697.94798828125,8131.321772460938,20.6494140625,0.002409246767712607,164440.0,176335.0,0.8546233022372189
2015-03-24,8542.9501953125,8627.75,8535.849609375,8537.0498046875,156700,-0.000929749494125387,-0.0009301819792756467,0.009205580190636957,8597.0603515625,8646.54521484375,8740.27255859375,8704.115,8137.241274414063,-13.8505859375,-0.0016197809943717092,160380.0,177190.0,0.8843614199446921
2015-03-25,8530.7998046875,8573.75,8516.5498046875,8568.900390625,161000,-0.0014222710360253243,-0.0014232834235154116,0.009193568411354512,8566.040234375,8629.63017578125,8728.707568359376,8709.04099609375,8143.3052734375,25.9501953125,0.003037615193722986,161300.0,177750.0,0.9057665260196905
2015-03-26,8342.150390625,8499.4501953125,8325.349609375,8474.9501953125,280100,-0.022113918786236364,-0.022362097108321904,0.01028528574584273,8507.540234375,8586.24521484375,8707.452587890624,8709.42400390625,8148.367775878906,-55.849609375,-0.006546819835616326,184620.0,184995.0,1.5140949755398794
2015-03-27,8341.400390625,8413.2001953125,8269.150390625,8396.0,193000,-8.990487642646094e-05,-8.990891811211022e-05,0.010158889956358856,8461.640234375,8555.61025390625,8690.330126953126,8710.26400390625,8153.896528320312,53.849609375,0.006455123301962619,188300.0,183770.0,1.0502258257604615
2015-03-30,8492.2998046875,8492.2998046875,8380.75,8390.9501953125,134700,0.018090417315550278,0.017928732765285012,0.01011458193299053,8449.9201171875,8541.5251953125,8672.71513671875,8714.55900390625,8160.208276367188,49.5498046875,0.005940226145143401,185100.0,178030.0,0.7566140538111554
2015-03-31,8491.0,8550.4501953125,8454.150390625,8527.599609375,167200,-0.0001530568535489385,-0.00015306856794447524,0.009525409689756572,8439.530078125,8518.29521484375,8649.42763671875,8714.49599609375,8165.850776367188,35.2998046875,0.004156683760506847,187200.0,175485.0,0.9527879875772858
2015-04-01,8586.25,8603.400390625,8464.75,8483.7001953125,125500,0.011217759981156483,0.011155307528727893,0.00990407511564653,8450.6201171875,8508.33017578125,8628.92763671875,8715.945,8171.702775878906,-7.2998046875,-0.0008597108335296196,180100.0,172870.0,0.7259790594088043
2015-04-06,8659.900390625,8667.5498046875,8573.75,8615.7998046875,146900,0.00857771327704171,0.008541133724940244,0.010086056072015051,8514.1701171875,8510.85517578125,8615.79013671875,8718.12900390625,8177.991027832031,29.5498046875,0.0034415262410831273,153460.0,167795.0,0.8754730474686373
2015-04-07,8660.2998046875,8693.599609375,8586.849609375,8684.4501953125,148700,4.612224673294918e-05,4.6121183134830896e-05,0.010065804002465205,8577.95,8519.7951171875,8601.917626953125,8717.4230078125,8183.922026367188,24.5498046875,0.002834883033305675,144600.0,167225.0,0.889221109283899
2015-04-08,8714.400390625,8730.5,8679.7998046875,8698.9501953125,148200,0.006246964557533818,0.006227533157299894,0.00917614343717207,8622.3701171875,8536.1451171875,8599.800146484375,8717.121015625,8189.577028808594,38.650390625,0.004462939101032042,147300.0,166860.0,0.8881697231211795
2015-04-09,8778.2998046875,8785.5,8682.4501953125,8756.2001953125,152700,0.007332623152276119,0.007305870171212896,0.009247583340726409,8679.830078125,8559.680078125,8603.112646484375,8717.45900390625,8195.19552734375,41.7998046875,0.00479663577685373,144400.0,166305.0,0.9181924776765581
2015-04-10,8780.349609375,8787.400390625,8733.599609375,8774.349609375,139000,0.0002335081659441407,0.00023348090715570997,0.009237996052952393,8718.65,8584.63505859375,8607.1326171875,8716.35400390625,8200.815275878906,-3.9501953125,-0.0004499954889203768,147100.0,164615.0,0.844394496248823
2015-04-13,8834.0,8841.650390625,8762.099609375,8801.75,121600,0.006110279546012176,0.0060916874846368065,0.009132598522201718,8753.469921875,8633.82001953125,8610.0326171875,8714.82400390625,8206.851025390624,21.400390625,0.0024373050706489254,142040.0,162000.0,0.7506172839506173
2015-04-16,8706.7001953125,8760.0,8645.650390625,8757.0498046875,142900,-0.014410211080767454,-0.014515046525185486,0.00911512289140708,8762.75,8670.35,8612.980126953125,8710.67201171875,8212.135026855469,-76.9501953125,-0.008710685455342993,140880.0,160185.0,0.8920935168711178
2015-04-17,8606.0,8699.849609375,8596.7001953125,8698.0498046875,150400,-0.01156582781691673,-0.011633232232741262,0.009492814131176353,8741.069921875,8681.72001953125,8611.622607421876,8703.74501953125,8217.454526367188,-8.650390625,-0.0009935326163702275,141320.0,159540.0,0.9427102920897581
2015-04-20,8448.099609375,8619.9501953125,8422.75,8618.7998046875,148900,-0.01834770981001632,-0.01851811663955681,0.009978172802634397,8675.0298828125,8677.42998046875,8597.86259765625,8696.52900390625,8222.027275390625,12.7998046875,0.0014873117229258657,140560.0,158135.0,0.9416005311917033
2015-04-21,8377.75,8469.349609375,8352.7001953125,8416.099609375,407800,-0.008327270348106652,-0.008362135754524264,0.010076821551821078,8594.5099609375,8656.57998046875,8582.455078125,8688.13599609375,8225.757524414063,-32.0,-0.0037878341259718405,194320.0,170705.0,2.3889165519463402
2015-04-22,8429.7001953125,8449.9501953125,8284.7001953125,8400.400390625,171800,0.006200972255378856,0.006181825339152998,0.010177688565228228,8513.65,8633.5599609375,8572.207568359376,8681.59900390625,8230.115024414063,22.650390625,0.0027036364924950015,204360.0,171120.0,1.003973819541842
2015-04-23,8398.2998046875,8504.9501953125,8361.849609375,8478.2001953125,156000,-0.0037249712205020824,-0.003731926202576211,0.010092309374351105,8451.969921875,8607.3599609375,8563.5775390625,8675.09099609375,8234.403022460938,48.5,0.0057534667753628265,206980.0,170190.0,0.9166225982725189
2015-04-24,8305.25,8413.2998046875,8273.349609375,8405.7001953125,173600,-0.011079600258562361,-0.011141436198728826,0.010341009072172273,8391.819921875,8566.444921875,8551.29501953125,8666.9619921875,8238.372021484374,7.400390625,0.0008811772379058773,211620.0,171335.0,1.01321971576152
2015-04-27,8213.7998046875,8334.4501953125,8202.349609375,8330.5498046875,171500,-0.011011130948797465,-0.011072202173819238,0.010559991235266169,8344.9599609375,8509.994921875,8534.8375,8658.0169921875,8241.974270019531,25.2998046875,0.003046242399385931,216140.0,172075.0,0.9966584338224611
2015-04-28,8285.599609375,8308.0,8185.14990234375,8215.5498046875,174600,0.008741362876475867,0.008703378361128562,0.010825877629880052,8326.5298828125,8460.519921875,8522.577490234375,8653.2019921875,8245.501267089843,1.75,0.00021305608142546884,169500.0,172755.0,1.0106798645480595
2015-04-29,8239.75,8308.2001953125,8219.2001953125,8274.7998046875,160400,-0.005533650132347967,-0.0055490174921902485,0.009736289081911677,8288.53984375,8401.094921875,8517.457470703124,8646.68599609375,8248.853767089844,-10.7998046875,-0.0013034427436344166,167220.0,166770.0,0.9618036817173352
2015-04-30,8181.5,8229.400390625,8144.75,8224.5,267700,-0.007069389241178392,-0.007094495768480639,0.009842590727404803,8245.1798828125,8348.57490234375,8509.462451171876,8637.76798828125,8252.29526611328,-15.25,-0.0018507843077763281,189560.0,170505.0,1.5700419342541274
2015-05-04,8331.9501953125,8346.0,8220.4501953125,8230.0498046875,131700,0.01838907233545184,0.018222037975143816,0.009873131668627256,8250.519921875,8321.169921875,8501.444970703125,8630.17599609375,8256.411018066407,48.5498046875,0.005934095787752857,181180.0,170355.0,0.7730914854274896
2015-05-05,8324.7998046875,8355.650390625,8280.599609375,8338.400390625,155500,-0.0008581893143123631,-0.0008585577695799613,0.009871559088209846,8272.719921875,8308.83994140625,8493.1349609375,8620.5619921875,8259.978266601562,6.4501953125,0.0007741519285759578,177980.0,169770.0,0.9159451021970901
2015-05-06,8097.0,8331.9501953125,8083.0,8316.599609375,209600,-0.02736399793773192,-0.027745365388399824,0.011067669904986045,8235.0,8280.76494140625,8468.6724609375,8606.315,8262.289765625,-8.2001953125,-0.0009850321334913857,184980.0,173975.0,1.2047708004023567
2015-05-07,8057.2998046875,8122.60009765625,7997.14990234375,8077.0,161600,-0.004903074634123761,-0.004915134139810429,0.010739380867597863,8198.5099609375,8243.52490234375,8438.542431640624,8590.07900390625,8263.95051513672,-20.0,-0.0024700506360380388,185220.0,174710.0,0.9249613645469635
2015-05-08,8191.5,8224.9501953125,8123.4501953125,8131.5,183100,0.01665572816769534,0.01651854271401412,0.011636424811809085,8200.5099609375,8222.844921875,8415.10244140625,8576.0030078125,8266.334016113282,74.2001953125,0.009209064712887127,168300.0,176430.0,1.0378053618999037
2015-05-11,8325.25,8332.75,8224.650390625,8243.2001953125,192000,0.01632790087285607,0.016196034167464263,0.012247319047169337,8199.169921875,8224.844921875,8395.644921875,8565.836015625,8269.202265625,51.7001953125,0.006311444218091925,180360.0,178620.0,1.0749076251259657
2015-05-12,8126.9501953125,8326.650390625,8115.2998046875,8326.150390625,173400,-0.02381908107113906,-0.024107341992543527,0.012931596981690944,8159.6,8216.1599609375,8363.07744140625,8553.276015625,8270.901267089845,0.900390625,0.0001081517822287619,183940.0,179655.0,0.9651832679301996
2015-05-13,8235.4501953125,8254.9501953125,8089.7998046875,8181.5498046875,169800,0.013350641678914421,0.013262307208340643,0.013466770963279466,8187.2900390625,8211.14501953125,8335.832470703124,8542.74302734375,8273.962517089843,54.599609375,0.006718339360131949,175980.0,181195.0,0.9371119512127818
2015-05-14,8224.2001953125,8236.25,8137.2998046875,8232.4501953125,134800,-0.0013660455388829762,-0.0013669794296785854,0.013300037622695967,8220.6701171875,8209.5900390625,8305.34248046875,8531.88203125,8277.158518066406,-3.0,-0.0003642788103688074,170620.0,181855.0,0.7412498968958786
2015-05-15,8262.349609375,8279.2001953125,8212.2001953125,8240.2998046875,129800,0.004638677701966021,0.004627952191887896,0.013157842317426678,8234.8400390625,8217.675,8283.124951171874,8523.45203125,8280.63151611328,16.099609375,0.0019575896734829244,159960.0,181200.0,0.7163355408388521
2015-05-18,8373.650390625,8384.599609375,8271.9501953125,8284.9501953125,148700,0.013470838987944989,0.013380913913783618,0.01344119864785456,8244.5201171875,8221.84501953125,8271.507470703125,8514.033046875,8285.201767578124,22.6005859375,0.0027353703251501126,151300.0,181115.0,0.8210253154073379
2015-05-19,8365.650390625,8427.7998046875,8335.0,8356.2001953125,140300,-0.0009553778372400901,-0.0009558345015271625,0.01282755031067008,8292.26015625,8225.930078125,8267.385009765625,8502.2110546875,8289.759270019531,-17.4501953125,-0.0020839412321341897,144680.0,180685.0,0.7764894706256745
2015-05-20,8423.25,8440.349609375,8391.4501953125,8392.650390625,123600,0.006885251795789804,0.006861656693210339,0.012784441681147798,8329.8201171875,8258.555078125,8269.660009765625,8490.7510546875,8294.242270507813,27.0,0.00322748366705088,135440.0,166475.0,0.7424538218951795
2015-05-21,8421.0,8446.349609375,8382.5,8434.5,143800,-0.00026711779894939003,-0.0002671534812630433,0.012710204392536869,8369.180078125,8294.92509765625,8269.225,8480.718046875,8298.225270996094,11.25,0.0013355889947466832,137240.0,165075.0,0.8711191882477661
2015-05-22,8458.9501953125,8489.5498046875,8420.599609375,8432.5,187300,0.004506613859696085,0.004496489481834225,0.012715644708579272,8408.5001953125,8321.6701171875,8272.25751953125,8471.14205078125,8302.317770996095,11.5,0.001365633535209595,148740.0,166640.0,1.1239798367738838
2015-05-25,8370.25,8441.9501953125,8364.150390625,8438.150390625,121300,-0.010485957862909845,-0.010541322896106728,0.01268800952155501,8407.8201171875,8326.1701171875,8275.50751953125,8463.41205078125,8305.849521484375,-20.7998046875,-0.0024589108822305333,143260.0,164025.0,0.7395214144185338
2015-05-26,8339.349609375,8378.900390625,8320.0498046875,8377.099609375,116800,-0.0036916926764433144,-0.003698523791285403,0.012442710232437097,8402.5599609375,8347.41005859375,8281.785009765625,8455.958046875,8309.125268554688,6.849609375,0.0008183279322600878,138560.0,161290.0,0.7241614483228966
2015-05-27,8334.599609375,8342.849609375,8277.9501953125,8302.75,165500,-0.0005695887835976965,-0.0005697510609127147,0.012304648483068475,8384.8298828125,8357.325,8284.235009765625,8448.65103515625,8311.959016113282,-36.599609375,-0.004388784628222703,146940.0,160835.0,1.0290048807784375
2015-05-28,8319.0,8364.5,8270.150390625,8345.7001953125,232300,-0.00187166871908917,-0.0018734224796336696,0.012239293924403444,8364.4298828125,8366.80498046875,8288.197509765625,8439.51103515625,8314.575266113281,11.1005859375,0.0013318679310057964,164640.0,164430.0,1.4127592288511828
2015-05-29,8433.650390625,8443.900390625,8305.7001953125,8327.099609375,363900,0.013781751487558669,0.01368764678319723,0.012442466039025768,8359.369921875,8383.93505859375,8300.805029296875,8435.22904296875,8317.590517578124,8.099609375,0.0009736277647553793,199960.0,169240.0,2.1502008981328293
2015-06-01,8433.400390625,8467.150390625,8405.400390625,8417.25,122200,-2.964315431874809e-05,-2.9643593685729908e-05,0.01179883344441682,8372.0,8389.91005859375,8305.8775390625,8431.23404296875,8320.805268554688,-16.400390625,-0.001944637240741088,200140.0,168765.0,0.7240837851450241
2015-06-02,8236.4501953125,8445.349609375,8226.0498046875,8442.7998046875,146800,-0.023353592405198742,-0.02363060893126965,0.01296678617003929,8351.4201171875,8376.9900390625,8301.46005859375,8421.49705078125,8323.244018554688,9.3994140625,0.00111454616490744,206140.0,168330.0,0.8720964771579636
2015-06-03,8135.10009765625,8236.7001953125,8094.14990234375,8232.4501953125,171400,-0.012305070176218624,-0.012381404397236432,0.011696926424148012,8311.52021484375,8348.175048828125,8303.365063476562,8410.481044921875,8324.96251953125,-4.0,-0.0004856461102959702,207320.0,166420.0,1.0299242879461603
2015-06-04,8130.64990234375,8160.0498046875,8056.75,8155.14990234375,154700,-0.0005470363313393456,-0.0005471860103022912,0.011635337779327489,8273.8501953125,8319.1400390625,8307.032568359375,8400.40103515625,8327.009270019531,20.0498046875,0.0024646045465717644,191800.0,166075.0,0.9315068493150684
2015-06-05,8114.7001953125,8191.0,8100.14990234375,8119.14990234375,162100,-0.001961676769116849,-0.001963603376990351,0.01100388553334466,8210.06015625,8284.7150390625,8303.192578125,8391.27703125,8329.569770507813,-11.5,-0.0014144010796338677,151440.0,165025.0,0.98227541281624
2015-06-08,8044.14990234375,8131.0,8030.5498046875,8124.35009765625,135900,-0.008694134258897646,-0.008732148739867544,0.010406561857750452,8132.21005859375,8252.105029296876,8289.137573242188,8381.142021484375,8331.372270507813,9.64990234375,0.0011891877840815755,154180.0,162220.0,0.8377512020712613
2015-06-09,8022.39990234375,8057.14990234375,8005.14990234375,8026.5,136000,-0.0027038282806817193,-0.0027074902267056862,0.009019228717223696,8089.4,8220.41005859375,8283.91005859375,8370.731015625,8332.751520996093,-17.64990234375,-0.002194128970496623,152020.0,160350.0,0.8481446835048332
2015-06-10,8124.4501953125,8152.25,8023.7998046875,8024.14990234375,136800,0.012720668903445809,0.012640440848079765,0.00896887188559521,8087.27001953125,8199.3951171875,8278.36005859375,8362.6040234375,8335.013522949219,1.75,0.00021813921286680514,145100.0,158700.0,0.8620037807183365
2015-06-11,7965.35009765625,8163.0498046875,7958.25,8157.2998046875,166200,-0.019582875620068996,-0.019777160752925255,0.009920971526166826,8054.21005859375,8164.030126953125,8265.417553710937,8355.068017578125,8336.5940234375,32.849609375,0.004043302449432576,147400.0,160270.0,1.0370000623947089
2015-06-12,7982.89990234375,7995.60009765625,7940.2998046875,7959.85009765625,136600,0.0022032684655837187,0.0022008448289133065,0.009855735202796843,8027.85,8118.955078125,8251.445068359375,8347.8980078125,8338.66577392578,-5.5,-0.0006904906793259894,142300.0,160610.0,0.8505074403835378
2015-06-15,8013.89990234375,8057.7001953125,7944.85009765625,7986.60009765625,133000,0.003883300602441242,0.0038757800540692557,0.009297776021502401,8021.8,8077.005029296875,8233.457543945313,8338.330009765625,8340.605522460937,3.7001953125,0.0004635151834252157,141720.0,159825.0,0.8321601751916158
2015-06-16,8047.2998046875,8061.85009765625,7952.35009765625,8004.2001953125,124000,0.004167746384501569,0.0041590853857635356,0.009402458504917664,8026.77998046875,8058.089990234375,8217.540014648437,8329.456005859374,8342.206772460937,-9.69970703125,-0.0012103603924991898,139320.0,159010.0,0.7798251682284133
2015-06-17,8091.5498046875,8136.85009765625,8048.9501953125,8084.2001953125,152500,0.005498738840850059,0.005483675969067097,0.009339206000175314,8020.19990234375,8053.7349609375,8200.955004882813,8319.562001953125,8343.966772460937,36.900390625,0.004585437540615271,142460.0,160455.0,0.9504222367642018
2015-06-18,8174.60009765625,8186.89990234375,8101.7998046875,8113.7001953125,144800,0.010263830165222254,0.010211514727058937,0.00972872289750105,8062.04990234375,8058.12998046875,8188.635009765625,8309.85599609375,8345.881271972656,22.150390625,0.002737471950326265,138180.0,160505.0,0.9021525809164823
2015-06-19,8224.9501953125,8250.7998046875,8195.650390625,8201.150390625,147100,0.006159334653041526,0.006140443483030782,0.009788713192389966,8110.4599609375,8069.15498046875,8176.935009765625,8301.14900390625,8347.634772949219,26.55029296875,0.003247901139085968,140280.0,158495.0,0.9281049875390391
2015-06-22,8353.099609375,8369.4501953125,8257.400390625,8259.2998046875,122700,0.015580570218593381,0.015460439332762258,0.010234288119884373,8178.29990234375,8100.049951171875,8176.077490234375,8293.92298828125,8349.912770996094,34.349609375,0.004176269589398397,138220.0,158565.0,0.7738151546684325
2015-06-23,8381.5498046875,8398.4501953125,8334.9501953125,8377.4501953125,131700,0.003405944696333929,0.003400157603319678,0.010224510901898031,8245.14990234375,8135.96494140625,8178.1875,8285.98798828125,8352.444020996094,24.3505859375,0.0029151556998279317,139760.0,159310.0,0.8266901010608249
2015-06-24,8360.849609375,8421.349609375,8338.900390625,8399.400390625,130100,-0.002469733616678238,-0.0024727884395158908,0.010241852476518246,8299.00986328125,8159.6048828125,8179.5,8277.59798828125,8354.792768554687,17.8505859375,0.0021297476425561307,135280.0,157540.0,0.8258220134568999
2015-06-25,8398.0,8423.150390625,8329.5,8336.25,201200,0.00444337505883885,0.004433532413488122,0.010271687195986012,8343.68984375,8202.869873046875,8183.45,8268.87798828125,8357.216767578126,-24.599609375,-0.0029422379930643078,146560.0,155985.0,1.289867615475847
2015-06-26,8381.099609375,8408.5498046875,8339.7001953125,8393.9501953125,110600,-0.0020124304149797823,-0.0020144580738723343,0.009794752057075277,8374.9197265625,8242.68984375,8180.8224609375,8262.3659765625,8359.590766601563,-4.0498046875,-0.000482234423374613,139260.0,143320.0,0.7716996929946972
2015-06-29,8318.400390625,8329.4501953125,8195.650390625,8247.0498046875,132000,-0.00748102536329065,-0.007509148581665224,0.009926097693589542,8367.9798828125,8273.139892578125,8175.0724609375,8256.613984375,8361.659018554688,-134.0498046875,-0.015994297996118966,141120.0,143810.0,0.9178777553716709
2015-06-30,8368.5,8378.0,8298.9501953125,8316.349609375,158500,0.006022745602803914,0.006004681365091595,0.008452069708902738,8365.369921875,8305.259912109375,8181.674951171875,8255.0219921875,8363.82126953125,-2.05078125,-0.0002465355301136106,146480.0,144395.0,1.0976834377921674
2015-07-01,8453.0498046875,8481.599609375,8370.150390625,8376.25,131800,0.01010334046573469,0.010052642911917523,0.008097071162463741,8383.8099609375,8341.409912109375,8197.572436523438,8256.52798828125,8366.314768066406,7.75,0.0009260918922148533,146820.0,142415.0,0.9254643120457817
2015-07-02,8444.900390625,8479.25,8433.2001953125,8471.9501953125,112000,-0.0009640797405430224,-0.000964544764320111,0.008104373887210881,8393.1900390625,8368.43994140625,8213.2849609375,8256.8319921875,8368.400769042968,18.900390625,0.002235925619948329,128980.0,140280.0,0.7984031936127745
2015-07-03,8484.900390625,8497.75,8424.150390625,8440.099609375,88400,0.004736586359787687,0.004725404031422576,0.008073466684825246,8413.9501953125,8394.4349609375,8231.794970703126,8258.56400390625,8370.410021972657,-4.80078125,-0.0005684828746268609,124540.0,136595.0,0.6471686372121966
2015-07-06,8522.150390625,8533.150390625,8386.150390625,8386.150390625,101500,0.004390151714822377,0.004380543110671768,0.007658206991730837,8454.7001953125,8411.3400390625,8255.694995117188,8262.90201171875,8372.4477734375,-98.75,-0.011638321660099777,118440.0,134875.0,0.752548656163114
2015-07-07,8510.7998046875,8561.349609375,8483.849609375,8525.5,122200,-0.0013318922357890006,-0.001332779992604704,0.007611197776726744,8483.16015625,8424.2650390625,8280.114990234375,8268.84201171875,8374.522021484376,3.349609375,0.0003930474377317748,111180.0,134185.0,0.9106830122591943
2015-07-08,8363.0498046875,8457.5,8341.400390625,8439.2001953125,188100,-0.01736029555278973,-0.017512752525573723,0.008506016078111092,8465.16015625,8424.48505859375,8292.044970703126,8270.391015625,8375.903020019532,-71.599609375,-0.00841279445153498,122440.0,136750.0,1.3755027422303474
2015-07-09,8328.5498046875,8400.2998046875,8323.0,8364.849609375,131300,-0.004125289314989233,-0.004133821795005965,0.007072683106235907,8441.8900390625,8417.5400390625,8310.204956054688,8272.16701171875,8376.67626953125,1.7998046875,0.0002152091317800364,126300.0,135005.0,0.9725565719788156
2015-07-10,8360.5498046875,8377.099609375,8315.400390625,8365.7001953125,154100,0.0038422055160178825,0.0038348430969963264,0.007081532670897741,8417.019921875,8415.48505859375,8329.087451171876,8275.7480078125,8377.714267578125,37.150390625,0.004460607368174817,139440.0,135880.0,1.1340889019723286
2015-07-13,8459.650390625,8471.650390625,8355.400390625,8397.25,117800,0.011853357524637564,0.011783656733947193,0.007390596653831152,8404.519921875,8429.61005859375,8351.374975585937,8278.30201171875,8379.542019042969,36.7001953125,0.004389686823218652,142700.0,135120.0,0.8718176435760805
2015-07-14,8454.099609375,8480.25,8424.099609375,8470.599609375,101700,-0.0006561478304294432,-0.000656363189627265,0.007420073290102561,8393.1798828125,8438.17001953125,8371.714965820312,8280.8880078125,8381.384016113281,10.94921875,0.001294287381205959,138600.0,134005.0,0.7589269057124735
2015-07-15,8523.7998046875,8531.400390625,8462.9501953125,8463.400390625,105500,0.008244543893853207,0.008210743295109776,0.007503508991477708,8425.3298828125,8445.24501953125,8393.327465820312,8289.42400390625,8383.475515136719,9.30078125,0.0011001504216588706,122080.0,131655.0,0.8013368273138126
2015-07-16,8608.0498046875,8616.099609375,8542.900390625,8546.150390625,116000,0.009884089482447456,0.009835561378738018,0.007483635655693726,8481.2298828125,8461.5599609375,8414.999951171874,8300.43900390625,8386.305764160155,22.3505859375,0.0026221387702241345,119020.0,130215.0,0.890834389279269
2015-07-17,8609.849609375,8642.9501953125,8593.150390625,8623.650390625,105000,0.00020908390731189108,0.00020906205231804127,0.007453457279318002,8531.08984375,8474.0548828125,8434.244921875,8308.80599609375,8389.690512695313,15.6005859375,0.0018123252410789637,109200.0,128110.0,0.8196081492467411
2015-07-20,8603.4501953125,8624.099609375,8559.0,8623.900390625,90600,-0.0007432666484129546,-0.0007435430080160121,0.0067885561275595465,8559.8498046875,8482.18486328125,8446.762451171875,8314.37,8392.830263671874,14.05078125,0.00163194270370304,103760.0,126505.0,0.7161772261965931
2015-07-21,8529.4501953125,8646.75,8517.900390625,8601.5,164100,-0.00860120048586066,-0.008638404295993872,0.007133272486274933,8574.919921875,8484.04990234375,8454.157470703125,8322.42,8394.903764648438,-1.9501953125,-0.00022667595769457042,116240.0,128125.0,1.280780487804878
2015-07-22,8633.5,8643.900390625,8498.650390625,8512.25,136800,0.012198887654526924,0.012125080858812433,0.00751266503354621,8596.8599609375,8511.094921875,8467.789990234374,8330.38099609375,8397.464013671875,-17.2001953125,-0.0020165655368915396,122500.0,128460.0,1.0649229332087808
2015-07-23,8589.7998046875,8654.75,8573.7998046875,8643.9501953125,132900,-0.005061700968610694,-0.005074554770036643,0.007625301273499726,8593.2099609375,8537.219921875,8477.37998046875,8337.69298828125,8399.681513671874,10.4501953125,0.001210423966236173,125880.0,125045.0,1.0628173857411332
2015-07-24,8521.5498046875,8589.150390625,8513.5,8588.150390625,127400,-0.00794547038951432,-0.00797720384261551,0.00786669644907267,8575.55,8553.319921875,8484.402490234375,8342.8769921875,8402.201513671875,-1.6494140625,-0.00019202008195812735,130360.0,125885.0,1.012034793660881
2015-07-27,8361.0,8492.2001953125,8351.5498046875,8492.099609375,136600,-0.01884044667546103,-0.019020189089775028,0.008849362247147033,8527.0599609375,8543.4548828125,8486.532470703125,8342.623984375,8403.994514160157,-29.4501953125,-0.00345596704678064,139560.0,126115.0,1.0831384054236213
2015-07-28,8337.0,8397.400390625,8321.75,8371.099609375,174600,-0.002870470039468942,-0.002874597739444469,0.00876936011145115,8488.569921875,8531.744921875,8484.957470703124,8342.0509765625,8406.120263671875,10.099609375,0.0012079427550532233,141660.0,126920.0,1.3756697132051685
2015-07-29,8375.0498046875,8381.5,8338.4501953125,8365.599609375,141000,0.004563968416396724,0.0045535850933296085,0.00851211853429371,8436.8798828125,8516.869921875,8481.057470703125,8341.08697265625,8408.151262207031,28.599609375,0.003430443729758906,142500.0,127380.0,1.1069241639189826
2015-07-30,8421.7998046875,8458.900390625,8408.2998046875,8417.0,215200,0.005582056356707721,0.005566534416230723,0.008615681109573005,8403.2798828125,8498.244921875,8479.90244140625,8341.10296875,8410.46576171875,41.9501953125,0.005008948757417604,158960.0,132540.0,1.6236607816508224
2015-07-31,8532.849609375,8548.9501953125,8448.0,8456.099609375,203300,0.013185994355469077,0.013099815871268341,0.009061053488478368,8405.53984375,8490.544921875,8482.29990234375,8342.58095703125,8413.306010742188,34.2998046875,0.0040727404453866295,174140.0,138285.0,1.4701522218606502
2015-08-03,8543.0498046875,8563.9501953125,8508.099609375,8510.650390625,156700,0.0011954031512864116,0.0011946892258352072,0.009013576870823417,8441.9498046875,8484.5048828125,8483.344873046875,8346.036953125,8416.293510742187,-22.19921875,-0.0026016184236517925,178160.0,141045.0,1.1109929455138432
2015-08-04,8516.900390625,8565.150390625,8448.25,8564.099609375,187400,-0.00306089917070973,-0.0030655933038692055,0.009036912070181811,8477.9298828125,8483.24990234375,8483.64990234375,8349.58796875,8419.616013183593,21.0498046875,0.002463968391703645,180720.0,144305.0,1.2986383008211773
2015-08-05,8567.9501953125,8591.849609375,8545.849609375,8547.4501953125,132800,0.005993941733038577,0.005976049525257857,0.008128689305644232,8516.5099609375,8476.694921875,8493.894921875,8354.25498046875,8423.242263183594,30.5498046875,0.0035869627782811426,179080.0,141540.0,0.9382506711883567
2015-08-06,8588.650390625,8606.2998046875,8551.5,8585.7998046875,134900,0.002416003226048735,0.0024130893825477714,0.008032374029093186,8549.880078125,8476.57998046875,8506.899951171876,8359.64798828125,8426.382766113282,17.849609375,0.002083299852135633,163020.0,141720.0,0.9518769404459497
2015-08-07,8564.599609375,8595.9501953125,8552.7001953125,8580.7998046875,143700,-0.002800298085977815,-0.0028042262557410207,0.00807069218993116,8556.230078125,8480.8849609375,8517.10244140625,8362.26697265625,8429.906013183594,-7.8505859375,-0.0009140651418375768,151100.0,141200.0,1.0177053824362605
2015-08-10,8525.599609375,8621.5498046875,8497.7998046875,8577.0,123400,-0.004553627931107251,-0.004564027276617137,0.0077628075213049905,8552.7400390625,8497.344921875,8520.39990234375,8364.11095703125,8433.112761230468,12.400390625,0.0014478657719651318,144440.0,141480.0,0.8722080859485439
2015-08-11,8462.349609375,8556.25,8441.2998046875,8548.4501953125,154400,-0.007418833032042493,-0.00744648944425946,0.00795687279671014,8541.8298828125,8509.8798828125,8520.81240234375,8368.6289453125,8436.104509277344,22.8505859375,0.00268023212260318,137840.0,144115.0,1.0713666169378622
2015-08-12,8349.4501953125,8446.9501953125,8337.9501953125,8445.7001953125,190000,-0.013341379081930671,-0.013431174840318333,0.00824956999037809,8498.1298828125,8507.319921875,8512.094921875,8372.915947265625,8439.110759277344,-16.6494140625,-0.00196746941819267,149280.0,148340.0,1.2808413105028988
2015-08-13,8355.849609375,8429.5,8339.75,8384.4501953125,189200,0.0007664473603414823,0.0007661537895581861,0.007859106732987902,8451.5697265625,8500.72490234375,8499.484912109376,8377.41994140625,8441.991506347656,35.0,0.0041918927811138386,160140.0,152000.0,1.2447368421052631
2015-08-14,8518.5498046875,8530.099609375,8381.2001953125,8402.349609375,155900,0.01947141259339502,0.01928427002460754,0.009148451196680892,8442.359765625,8499.294921875,8494.919921875,8385.49693359375,8445.187255859375,46.5,0.005564963728862289,162580.0,154545.0,1.0087676728460966
2015-08-17,8477.2998046875,8530.599609375,8428.0498046875,8530.5,174700,-0.004842373519645449,-0.004854135797220708,0.009200119804406472,8432.6998046875,8492.719921875,8488.61240234375,8394.159931640625,8447.935004882813,11.9501953125,0.0014028438626870702,172840.0,158750.0,1.1004724409448818
2015-08-18,8466.5498046875,8525.75,8433.599609375,8505.849609375,153300,-0.0012680924643075908,-0.001268897173926015,0.009012796408716914,8433.53984375,8487.68486328125,8485.4673828125,8403.0429296875,8450.28825439453,28.5498046875,0.003367794621550775,172620.0,158210.0,0.9689652992857595
2015-08-19,8495.150390625,8520.4501953125,8425.9501953125,8468.0498046875,130500,0.0033780685872379923,0.00337237573051901,0.008572415635213227,8462.6798828125,8480.4048828125,8478.54990234375,8410.45693359375,8452.805505371094,1.5,0.00017716779970626594,160720.0,157895.0,0.8264986225022958
2015-08-20,8372.75,8501.349609375,8359.75,8471.0498046875,184100,-0.014408266481082843,-0.014513073495647132,0.009059477673461347,8466.0599609375,8458.81484375,8467.697412109375,8418.604931640624,8454.531254882813,-24.1005859375,-0.0028369816694589307,159700.0,160455.0,1.147362188775669
2015-08-21,8299.9501953125,8322.2001953125,8225.0498046875,8305.400390625,201300,-0.008694849922367243,-0.008732870680242016,0.009090168748252704,8422.3400390625,8432.34990234375,8456.617431640625,8424.9459375,8455.578754882812,-67.349609375,-0.008043905452211042,168780.0,164150.0,1.2263173926286932
2015-08-24,7809.0,8060.0498046875,7769.39990234375,8055.9501953125,312400,-0.05915098088055637,-0.0609725995392517,0.015440280674295231,8288.680078125,8360.68994140625,8429.017431640625,8420.847939453124,8453.77775390625,-244.0,-0.029397766764649027,196320.0,172940.0,1.8064068463050769
2015-08-25,7880.7001953125,7925.39990234375,7667.25,7895.39990234375,299100,0.009181738418811536,0.009139842514835898,0.015690790078209685,8171.51015625,8302.525,8406.20244140625,8417.515947265625,8451.57025390625,86.39990234375,0.011064144236618004,225480.0,179165.0,1.6694108782407278
2015-08-26,7791.85009765625,7930.0498046875,7777.10009765625,7865.25,216600,-0.011274391291918318,-0.011338429020653107,0.015705075904342405,8030.85009765625,8246.764990234375,8377.042456054687,8411.521953125,8448.908752441406,-15.4501953125,-0.0019605104787122716,242700.0,182945.0,1.1839623930689551
2015-08-27,7948.9501953125,7963.60009765625,7862.2998046875,7921.60009765625,305000,0.02016210472317792,0.019961540867943228,0.016467832631981847,7946.09013671875,8206.075048828125,8353.399975585937,8407.008955078125,8446.96200439453,129.75,0.016652014396302126,266880.0,187435.0,1.627230773334756
2015-08-28,8001.9501953125,8091.7998046875,7961.64990234375,8053.7001953125,195600,0.006667547122292117,0.006645417343079588,0.016198066005066767,7886.49013671875,8154.415087890625,8326.855004882813,8402.548955078126,8445.286755371093,104.75,0.013177840774719047,265740.0,187050.0,1.045709703287891
2015-08-31,7971.2998046875,8043.60009765625,7947.9501953125,8009.25,198200,-0.003830365083121179,-0.0038377197180878234,0.01616721820906257,7918.95009765625,8103.815087890625,8298.267504882813,8394.912958984374,8443.422004394532,7.2998046875,0.0009122532019477186,242900.0,189125.0,1.0479841374752148
2015-09-01,7785.85009765625,7929.10009765625,7746.5,7907.9501953125,184900,-0.023264675971940818,-0.02353957047024599,0.016769481801403224,7899.980078125,8035.7451171875,8261.714990234375,8382.99896484375,8440.538002929687,-63.349609375,-0.007947211988908942,220060.0,189000.0,0.9783068783068783
2015-09-02,7717.0,7862.5498046875,7699.25,7856.64990234375,215300,-0.0088429775544967,-0.008882308721944062,0.016615716239020688,7885.01005859375,7957.930078125,8219.16748046875,8370.12197265625,8437.20650390625,70.7998046875,0.009093394272876207,219800.0,193125.0,1.1148220064724919
2015-09-03,7823.0,7845.60009765625,7754.0498046875,7774.4501953125,155800,0.013735907736166952,0.01364242522747763,0.0170711420103897,7859.82001953125,7902.955078125,8180.8849609375,8358.62197265625,8434.532255859374,57.4501953125,0.007444628134313853,189960.0,194170.0,0.8023896585466344
2015-09-04,7655.0498046875,7804.89990234375,7626.85009765625,7803.39990234375,193600,-0.021468770971813878,-0.021702577450189775,0.017477905448049773,7790.43994140625,7838.4650390625,8135.407470703125,8344.1009765625,8430.858002929688,-19.60009765625,-0.002505445181675828,189560.0,196665.0,0.9844151221620522
2015-09-07,7558.7998046875,7705.0498046875,7545.89990234375,7685.85009765625,141400,-0.01257339958011272,-0.012653113658095735,0.017548118539245695,7707.93994140625,7813.44501953125,8087.06748046875,8328.90896484375,8426.498251953126,30.80029296875,0.00402352613694162,178200.0,197565.0,0.7157138157062233
2015-09-08,7688.25,7720.89990234375,7539.5,7587.7001953125,172200,0.017125760525132927,0.016980767754825463,0.018275861115515733,7688.419921875,7794.2,8048.3625,8315.30396484375,8422.81,28.900390625,0.0038234099819759435,175660.0,198455.0,0.8677030057191807
2015-09-09,7818.60009765625,7846.0498046875,7764.5498046875,7805.85009765625,208400,0.01695445617094271,0.016812333537542277,0.0187642639618168,7708.73994140625,7796.875,8021.819995117187,8302.614970703125,8419.991501464843,117.60009765625,0.015296081378239521,174280.0,199375.0,1.0452664576802508
2015-09-10,7788.10009765625,7819.85009765625,7678.5,7729.0498046875,160300,-0.0039009540862875447,-0.003908582653268309,0.018742542815353175,7701.7599609375,7780.789990234375,7993.43251953125,8289.47896484375,8416.9225,-89.55029296875,-0.011453494468350431,175180.0,197930.0,0.8098822816147123
2015-09-11,7789.2998046875,7864.85009765625,7759.89990234375,7833.7998046875,136400,0.00015404360706794407,0.00015403174356981987,0.01798754219471493,7728.6099609375,7759.524951171875,7956.97001953125,8275.566953125,8413.482250976562,45.69970703125,0.0058678890176312535,163740.0,196955.0,0.6925439821278973
2015-09-14,7872.25,7879.9501953125,7761.85009765625,7811.10009765625,122800,0.010649249276883932,0.010592945398427487,0.018294256751177077,7791.3,7749.619970703125,7926.717529296875,8262.5689453125,8410.192749023438,21.80029296875,0.0027987487342098277,160020.0,194360.0,0.631817246346985
2015-09-15,7829.10009765625,7880.0,7799.75,7867.35009765625,136500,-0.005481266771729776,-0.00549634403468119,0.018291055390971006,7819.47001953125,7753.944970703125,7894.845043945313,8248.934951171876,8407.022751464843,-4.89990234375,-0.0006224271769506812,152880.0,193520.0,0.7053534518396032
2015-09-16,7899.14990234375,7913.89990234375,7853.2998046875,7886.85009765625,140000,0.008947363530129149,0.008907573043561995,0.018446920382446365,7835.57998046875,7772.1599609375,7865.04501953125,8239.656953125,8404.139750976563,57.75,0.007376326688847453,139200.0,193995.0,0.721668084228975
2015-09-18,7981.89990234375,8055.0,7955.85009765625,7967.4501953125,241800,0.010475810818002973,0.010421319740291772,0.01850910230035854,7874.33994140625,7788.049951171875,7845.502514648438,8232.723955078125,8401.578249511718,68.30029296875,0.008646537135405504,155500.0,196880.0,1.2281592848435596
2015-09-21,7977.10009765625,7987.89990234375,7908.35009765625,7911.5,121800,-0.0006013361162410247,-0.0006015169913181517,0.018448498473160508,7911.9,7820.25498046875,7829.360009765625,8225.0549609375,8398.5225,-70.39990234375,-0.008819943021720714,152580.0,192905.0,0.6313988750939582
2015-09-22,7812.0,8021.60009765625,7787.75,8014.7998046875,168400,-0.02069675641963653,-0.020913936119176794,0.013498342178136568,7899.85,7845.575,7829.510009765625,8212.101953125,8394.802998046875,37.69970703125,0.004725991471803964,161700.0,185705.0,0.9068145714978056
2015-09-23,7845.9501953125,7882.89990234375,7723.25,7737.35009765625,146700,0.004345903137800811,0.004336486972064778,0.013369914447315705,7903.22001953125,7861.34501953125,7827.772509765625,8199.93896484375,8391.409248046875,-74.64990234375,-0.009555799071140554,163740.0,178085.0,0.8237639329533649
2015-09-24,7868.5,7894.5,7804.10009765625,7838.39990234375,202500,0.002874069312977845,0.0028699470722847766,0.01312153882554062,7897.0900390625,7866.335009765625,7831.605004882813,8186.83296875,8388.06349609375,-7.55029296875,-0.0009623172185391722,176240.0,177380.0,1.1416168677415717
2015-09-28,7795.7001953125,7893.9501953125,7787.9501953125,7892.7998046875,136300,-0.009252056260723118,-0.009295122372462671,0.01244096946332285,7859.85009765625,7867.09501953125,7823.9425048828125,8170.5859765625,8384.219995117188,24.2998046875,0.0030882385063862234,155140.0,168945.0,0.8067714344905147
2015-09-29,7843.2998046875,7926.5498046875,7691.2001953125,7725.7001953125,240700,0.006105879931557867,0.006087314580231289,0.012423611855289389,7833.0900390625,7872.49501953125,7816.009985351562,8155.25498046875,8380.744995117188,-70.0,-0.008979308881335702,178920.0,171200.0,1.4059579439252337
2015-09-30,7948.89990234375,7957.7001953125,7874.5,7924.25,210700,0.013463733413981993,0.01337390276102144,0.012806850556706972,7860.47001953125,7880.160009765625,7814.889990234375,8142.163974609375,8378.298244628906,80.9501953125,0.010320935999937247,187380.0,171825.0,1.226247635675833
2015-10-01,7950.89990234375,8008.25,7930.64990234375,7992.0498046875,156900,0.00025160714370175974,0.0002515754959328041,0.01158583517105726,7881.4599609375,7892.339990234375,7823.14248046875,8130.59296875,8376.349243164062,43.14990234375,0.0054284118398606526,189420.0,170425.0,0.9206395775267713
2015-10-05,8119.2998046875,8128.89990234375,8005.10009765625,8005.10009765625,183100,0.02117998017986733,0.02095880198216427,0.012158762154810192,7931.619921875,7914.35498046875,7843.257470703125,8120.30896484375,8375.167490234375,54.2001953125,0.006816862993901229,185540.0,168815.0,1.0846192577673786
2015-10-06,8152.89990234375,8180.9501953125,8096.5,8180.4501953125,178500,0.004138299910646515,0.004129760698013392,0.011882991502060264,8003.05986328125,7931.45498046875,7859.752465820313,8111.570966796875,8374.467487792968,61.150390625,0.007531485731035102,193980.0,169950.0,1.0503089143865842
2015-10-07,8177.39990234375,8188.89990234375,8132.89990234375,8146.2001953125,193900,0.0030050657181448504,0.003000559533489925,0.010504623911437848,8069.8798828125,7951.4849609375,7885.869970703125,8104.68796875,8374.233989257813,-6.69970703125,-0.0008217575478050461,184620.0,169965.0,1.140823110640426
2015-10-08,8129.35009765625,8196.75,8105.85009765625,8196.75,171700,-0.005875926976951273,-0.00589325816039762,0.010067678356574466,8105.969921875,7983.219970703125,7914.397485351563,8100.054970703125,8373.782741699219,19.35009765625,0.0023662897604780227,176820.0,171480.0,1.0012829484487986
2015-10-09,8189.7001953125,8232.2001953125,8139.64990234375,8186.35009765625,199700,0.00742372968703231,0.007396309429230271,0.009609700306812866,8153.72998046875,8017.594970703125,7939.469995117188,8097.108974609375,8374.3932421875,57.0,0.00701163061195181,185380.0,172855.0,1.1553035781435308
2015-10-12,8143.60009765625,8244.5,8128.2001953125,8231.5,199100,-0.005629033610123568,-0.005644936325841478,0.009228702043284794,8158.5900390625,8045.10498046875,7955.719995117188,8092.47998046875,8374.962243652344,41.7998046875,0.00510394809219326,188580.0,172390.0,1.1549393816346656
2015-10-13,8131.7001953125,8150.25,8088.60009765625,8121.9501953125,145900,-0.0014612581906097155,-0.0014623268695636497,0.009161379151079594,8154.35009765625,8078.70498046875,7972.9,8086.67798828125,8374.824245605469,-21.64990234375,-0.002658517373658967,182060.0,171670.0,0.8498864099726219
2015-10-14,8107.89990234375,8139.2998046875,8096.35009765625,8102.39990234375,138900,-0.002926853228365389,-0.002931144839264699,0.009223299586503704,8140.45009765625,8105.164990234375,7988.830004882812,8078.178994140625,8374.237744140624,-29.30029296875,-0.003603218547781691,171060.0,171795.0,0.8085217846852353
2015-10-15,8179.5,8190.5498046875,8129.7998046875,8134.35009765625,167200,0.008830905477206663,0.008792141080753622,0.009142648821591586,8150.480078125,8128.225,8004.1925048828125,8070.907998046875,8373.515244140624,26.4501953125,0.003262274526212891,170160.0,174015.0,0.9608367094790679
2015-10-16,8238.150390625,8246.400390625,8147.64990234375,8193.650390625,156400,0.007170412693318751,0.007144827515608405,0.009038074846398007,8160.1701171875,8156.950048828125,8024.64501953125,8065.332998046875,8373.37099609375,14.150390625,0.001729982349165597,161500.0,175010.0,0.8936632192446146
2015-10-19,8275.0498046875,8283.0498046875,8239.2001953125,8262.5498046875,124500,0.004479089639404021,0.00446908837067067,0.008927160939608126,8186.46005859375,8172.525048828125,8043.440014648438,8059.474990234375,8373.875744628906,24.3994140625,0.0029617587571922075,146580.0,174235.0,0.7145521852670245
2015-10-20,8261.650390625,8294.0498046875,8229.2001953125,8280.2998046875,155100,-0.0016192547934769097,-0.0016205672034621203,0.00875684959412743,8212.45009765625,8183.40009765625,8057.4275390625,8052.934990234375,8374.18049560547,5.25,0.0006344372691299182,148420.0,169900.0,0.912889935256033
2015-10-21,8251.7001953125,8294.400390625,8217.150390625,8258.349609375,144800,-0.001204383487806604,-0.0012051093404612868,0.00876644239580405,8241.21015625,8190.830126953125,8071.157543945313,8046.677001953125,8374.207497558593,-3.30078125,-0.00039953049256908745,149600.0,171050.0,0.8465361005553932
2015-10-23,8295.4501953125,8328.099609375,8280.75,8308.25,152000,0.005301937657024025,0.005287931868963474,0.007019350193439191,8264.4001953125,8207.44013671875,8095.330053710937,8042.074013671875,8374.443498535156,56.5498046875,0.006853109462171681,146560.0,170230.0,0.8929095929037185
2015-10-26,8260.5498046875,8336.2998046875,8252.0498046875,8333.650390625,133900,-0.004207172582956553,-0.004216047634858218,0.007193356424668672,8268.880078125,8214.52509765625,8116.060034179687,8038.038017578125,8374.332746582031,38.2001953125,0.004604957466212712,142060.0,169590.0,0.7895512707117165
2015-10-27,8232.900390625,8241.9501953125,8217.0498046875,8230.349609375,156700,-0.0033471638954116756,-0.003352778179937369,0.0073144843889362396,8260.4501953125,8223.455126953126,8134.280053710938,8035.707021484375,8373.519997558593,-30.2001953125,-0.0036559546309330054,148500.0,167300.0,0.9366407650926479
2015-10-28,8171.2001953125,8209.099609375,8131.7998046875,8188.89990234375,188900,-0.007494344931314734,-0.007522568634822207,0.007177768971429018,8242.36015625,8227.405126953125,8153.0550537109375,8032.014033203125,8372.483996582032,-44.00048828125,-0.005344469894395225,155260.0,169930.0,1.1116342023186019
2015-10-29,8111.75,8179.60009765625,8098.0,8175.4501953125,217500,-0.00727557689096936,-0.0073021729802976425,0.007431306668620259,8214.3701171875,8227.79013671875,8166.477563476563,8023.878037109375,8372.40599609375,4.25,0.000520119431468349,169800.0,168770.0,1.2887361497896546
2015-10-30,8065.7998046875,8146.10009765625,8044.39990234375,8123.5498046875,199500,-0.005664646384873739,-0.005680751342262694,0.007060675854678911,8168.4400390625,8216.4201171875,8172.32255859375,8015.648037109375,8372.224494628907,11.7998046875,0.0014546558618670448,179300.0,168210.0,1.1860174781523096
2015-11-02,8050.7998046875,8060.7001953125,7995.60009765625,8054.5498046875,136100,-0.0018597039801661053,-0.0018614353765358403,0.007084322672086838,8126.4900390625,8197.68505859375,8177.317553710937,8007.333037109375,8371.30549560547,-11.25,-0.0013947779851245475,179740.0,167170.0,0.8141412932942513
2015-11-03,8060.7001953125,8100.35009765625,8031.75,8086.35009765625,132500,0.0012297400090901522,0.0012289844981697455,0.005193359715304793,8092.05,8176.25009765625,8174.3875732421875,7998.644033203125,8370.186496582031,35.55029296875,0.0044157467371193585,174900.0,164640.0,0.8047862001943634
2015-11-04,8040.2001953125,8116.10009765625,8027.2998046875,8104.89990234375,122100,-0.0025432033822472278,-0.0025464428174963505,0.005103616674198557,8065.85,8154.105078125,8168.752587890625,7991.993037109375,8368.772497558593,44.19970703125,0.005483358264205539,161540.0,161820.0,0.7545420837968113
2015-11-05,7955.4501953125,8031.2001953125,7944.10009765625,8030.35009765625,132100,-0.010540782311541208,-0.010596729858654794,0.005473766875824871,8034.5900390625,8124.480078125,8157.655102539063,7985.103037109375,8367.05274658203,-9.85009765625,-0.0012251060193740804,144460.0,158730.0,0.8322308322308323
2015-11-06,7954.2998046875,8002.64990234375,7926.14990234375,7956.5498046875,219500,-0.00014460408861305396,-0.00014461454479229208,0.005374056937209904,8012.2900390625,8090.3650390625,8148.902587890625,7988.009033203125,8365.436496582031,1.099609375,0.00013822088605971167,148460.0,161120.0,1.3623386295928501
2015-11-09,7915.2001953125,7937.75,7771.7001953125,7788.25,211800,-0.004915531264230055,-0.004927652224989373,0.005045371419656893,7985.1701171875,8055.830078125,8135.177587890625,7988.699033203125,8362.54174560547,-166.0498046875,-0.020875477259437242,163600.0,161725.0,1.309630545679394
2015-11-10,7783.35009765625,7885.10009765625,7772.85009765625,7877.60009765625,165200,-0.01665783484975325,-0.016798136847989233,0.006009091453950355,7929.70009765625,8010.875048828125,8117.165087890625,7988.529033203125,8358.889497070313,-37.60009765625,-0.004750365970341134,170140.0,160030.0,1.0323064425420234
2015-11-13,7762.25,7775.10009765625,7730.89990234375,7762.4501953125,160900,-0.002710927478722036,-0.0027146086971354118,0.006007037080386917,7874.11005859375,7969.980029296875,8098.692578125,7984.795029296875,8354.94724609375,-20.89990234375,-0.0026852065089611543,177900.0,160780.0,1.0007463614877472
2015-11-16,7806.60009765625,7838.85009765625,7714.14990234375,7732.9501953125,149500,0.005713562131630656,0.005697301642988936,0.0062651210997297785,7844.3400390625,7939.4650390625,8083.627587890625,7980.88802734375,8350.502248535156,-29.2998046875,-0.003774653571773648,181380.0,161310.0,0.9267869319942967
2015-11-17,7837.5498046875,7860.4501953125,7793.0,7848.75,145000,0.00396455648349936,0.0039567183391247835,0.0059120873632672,7820.9900390625,7916.6400390625,8066.530078125,7978.21302734375,8346.042497558594,42.14990234375,0.005399264957405021,166480.0,160200.0,0.9051186017478152
2015-11-18,7731.7998046875,7843.39990234375,7725.0498046875,7823.14990234375,143600,-0.01349273722468125,-0.013584591382027576,0.006008481346017622,7784.3099609375,7884.7400390625,8041.212548828125,7977.132021484375,8340.894494628907,-14.39990234375,-0.0018372964386315826,152840.0,159560.0,0.8999749310604162
2015-11-19,7842.75,7854.89990234375,7765.4501953125,7788.5,132600,0.014349853606560714,0.014247868942778304,0.0069928328199469975,7796.18994140625,7862.94501953125,8019.59755859375,7979.647021484375,8335.930246582031,56.7001953125,0.007333376024315166,146320.0,159965.0,0.8289313287281593
2015-11-20,7856.5498046875,7906.9501953125,7817.7998046875,7841.89990234375,151900,0.0017595619760288894,0.0017580157603643014,0.007059690729357165,7815.04990234375,7844.57998046875,7999.342529296875,7980.318017578125,8330.660495605469,-0.85009765625,-0.0001083928030665264,144520.0,159805.0,0.950533462657614
2015-11-23,7849.25,7877.5,7825.2001953125,7869.5,127000,-0.0009291361817810317,-0.0009295680963622142,0.007062590328080742,7823.5798828125,7833.9599609375,7979.22001953125,7984.202021484375,8325.335246582032,12.9501953125,0.0016483310911837468,140020.0,158915.0,0.799169367271812
2015-11-24,7831.60009765625,7870.35009765625,7812.64990234375,7837.0,130600,-0.002248610038379506,-0.0022511419581774496,0.006822835038464788,7822.38994140625,7821.689990234375,7956.027514648437,7989.65802734375,8319.731499023437,-12.25,-0.0015606586616555723,137140.0,157845.0,0.8273939624314992
2015-11-26,7883.7998046875,7897.10009765625,7832.0,7837.14990234375,219800,0.006665267171503286,0.006643152490718722,0.007135066701164397,7852.78994140625,7818.549951171875,7937.190014648438,7993.5690234375,8315.10599609375,5.5498046875,0.0007086425019531935,152380.0,162140.0,1.3556186012088318
2015-11-27,7942.7001953125,7959.2998046875,7879.4501953125,7910.60009765625,150300,0.0074710662477730505,0.007443296061827621,0.00745496563508378,7872.77998046875,7834.4849609375,7922.680004882813,7996.051025390625,8310.832495117187,26.80029296875,0.0033994131805344992,155920.0,161820.0,0.92880978865406
2015-11-30,7935.25,7966.0,7922.7998046875,7936.25,216300,-0.0009379927643368147,-0.000938432954834984,0.007332977981779943,7888.52001953125,7851.7849609375,7910.882495117187,7998.9940234375,8306.72599609375,-6.4501953125,-0.000812090995994873,168800.0,163190.0,1.3254488632881918
2015-12-01,7954.89990234375,7972.14990234375,7934.14990234375,7958.14990234375,138600,0.0024762801857218797,0.0024732192560477395,0.007248141663090023,7909.65,7866.61494140625,7903.039990234375,8002.306025390625,8302.881994628906,22.89990234375,0.002885845101761129,171120.0,159245.0,0.8703569970799712
2015-12-02,7931.35009765625,7979.2998046875,7910.7998046875,7976.7001953125,126300,-0.00296041496142041,-0.0029648056574549755,0.007180485641366258,7929.6,7875.994970703125,7896.3175048828125,8003.48802734375,8298.980244140625,21.80029296875,0.002740486145190461,170260.0,155585.0,0.8117749140341293
2015-12-03,7864.14990234375,7912.2998046875,7853.2998046875,7902.2998046875,125700,-0.008472730932953976,-0.008508828559286395,0.0073805693414049686,7925.67001953125,7889.22998046875,7886.985009765625,8004.1890234375,8294.995744628906,-29.05029296875,-0.0036627172689469973,151440.0,155065.0,0.8106278012446393
2015-12-04,7781.89990234375,7821.39990234375,7775.7001953125,7817.60009765625,152500,-0.010458854551524621,-0.010513932743920033,0.007640721349336163,7893.5099609375,7883.144970703125,7873.044995117188,8001.8440234375,8291.27349609375,-46.5498046875,-0.005919241782716626,151880.0,156065.0,0.9771569538333387
2015-12-07,7765.39990234375,7825.39990234375,7746.0498046875,7816.5498046875,137600,-0.0021203048364873966,-0.0021225558652615325,0.007638939326808238,7859.53994140625,7874.02998046875,7859.30498046875,7997.5140234375,8287.272746582032,34.64990234375,0.004452627607470787,136140.0,156840.0,0.8773272124458047
2015-12-08,7701.7001953125,7771.25,7685.4501953125,7738.5,135100,-0.00820301695113268,-0.008236846826399094,0.007513550978593019,7808.9,7859.275,7846.61748046875,7992.006025390625,8282.644245605468,-26.89990234375,-0.003464071739000986,135440.0,156990.0,0.8605643671571438
2015-12-09,7612.5,7702.85009765625,7606.89990234375,7695.5,140000,-0.011581883616657795,-0.011649476035916928,0.007826283037857663,7745.12998046875,7837.364990234375,7829.527490234375,7988.016025390625,8277.148996582031,-6.2001953125,-0.0008050424133977114,138180.0,153015.0,0.9149429794464595
2015-12-10,7683.2998046875,7691.9501953125,7610.0,7643.2998046875,140800,0.00930046695402309,0.009257483913935133,0.008199922133225191,7708.9599609375,7817.314990234375,7817.932470703125,7984.763017578125,8271.53799560547,30.7998046875,0.004045951354679803,141200.0,149465.0,0.942026561402335
2015-12-11,7610.4501953125,7703.0498046875,7575.2998046875,7699.60009765625,167800,-0.00948155235730297,-0.009526788440796045,0.007637309253323896,7674.67001953125,7784.089990234375,7809.2874755859375,7979.602021484375,8265.543498535157,16.30029296875,0.0021215224425845474,144260.0,149595.0,1.121695243824994
2015-12-14,7650.0498046875,7663.9501953125,7551.0498046875,7558.2001953125,148900,0.005203320218742258,0.0051898297247641055,0.007753319387144958,7651.6,7755.569970703125,7803.677465820312,7976.689013671875,8259.448249511719,-52.25,-0.006865559679003262,146520.0,148995.0,0.9993623947112319
2015-12-15,7700.89990234375,7705.0,7625.10009765625,7659.14990234375,134300,0.006647028314128445,0.006625034231155874,0.0077966429611131035,7651.43994140625,7730.169970703125,7798.3924560546875,7973.841015625,8253.47625,9.10009765625,0.001189547504733106,146360.0,148235.0,0.9059938610989308
2015-12-16,7750.89990234375,7776.60009765625,7715.75,7725.25,154300,0.006492747683265243,0.006471760590641962,0.007895311440106571,7679.119921875,7712.124951171875,7794.0599609375,7969.881015625,8248.062751464844,24.35009765625,0.0031619808028979972,149220.0,148700.0,1.0376597175521183
2015-12-17,7844.35009765625,7852.89990234375,7737.5498046875,7783.0498046875,175900,0.012056689737954374,0.011984586823973591,0.007752542038913955,7711.32998046875,7710.144970703125,7799.687475585937,7967.75001953125,8243.509750976562,32.14990234375,0.004147892857451091,156240.0,150315.0,1.170209227289359
2015-12-18,7761.9501953125,7836.14990234375,7753.35009765625,7828.89990234375,191400,-0.010504363180879661,-0.010559923429662535,0.007443907357949273,7741.62998046875,7708.15,7795.647485351563,7960.60302734375,8238.50900390625,-15.4501953125,-0.0019695953291422115,160960.0,153255.0,1.2488988940001957
2015-12-21,7834.4501953125,7840.75,7733.4501953125,7745.64990234375,126300,0.009340436124388285,0.009297083993681328,0.007751220205022769,7778.51005859375,7715.055029296875,7794.542504882813,7954.234033203125,8233.845004882813,-16.30029296875,-0.0021000254521851827,156440.0,151975.0,0.8310577397598289
2015-12-22,7786.10009765625,7846.2998046875,7776.85009765625,7829.39990234375,125700,-0.006171472975241898,-0.006190595230165718,0.007868054536380053,7795.55009765625,7723.49501953125,7791.385009765625,7946.408037109375,8229.356257324218,-5.05029296875,-0.00064462634171466,154720.0,151910.0,0.8274636297807912
2015-12-23,7865.9501953125,7871.4501953125,7826.10009765625,7830.4501953125,117900,0.01025546764808305,0.010203237135106905,0.00820103669533991,7818.56015625,7748.8400390625,7793.102514648437,7941.1400390625,8224.463010253907,44.35009765625,0.0056960605566322145,147440.0,151275.0,0.7793753098661378
2015-12-24,7861.0498046875,7888.75,7835.5,7888.75,93500,-0.0006229877514251081,-0.0006231818889286995,0.00806175301273029,7821.90009765625,7766.6150390625,7791.965014648437,7934.56703125,8218.984509277343,22.7998046875,0.00289854424721465,130960.0,144960.0,0.6450055187637969
2015-12-28,7925.14990234375,7937.2001953125,7863.0,7863.2001953125,122900,0.008154139618607559,0.008121074246974173,0.008096946802340261,7854.5400390625,7798.085009765625,7791.0875,7930.19802734375,8213.629008789063,2.150390625,0.00027355005736227927,117260.0,143590.0,0.8559091858764538
2015-12-29,7928.9501953125,7942.14990234375,7902.75,7929.2001953125,113000,0.0004795231655652099,0.0004794082310730862,0.008095239960690665,7873.4400390625,7825.975048828125,7790.772509765625,7926.14302734375,8208.6605078125,4.05029296875,0.0005110683102097771,114600.0,138425.0,0.8163265306122449
2015-12-30,7896.25,7944.75,7889.85009765625,7938.60009765625,106800,-0.004124151937772491,-0.004132679706995248,0.008123100539112697,7895.47001953125,7845.51005859375,7787.840014648437,7921.910029296875,8203.4530078125,9.64990234375,0.001217046658895008,110820.0,136835.0,0.7805020645302737
2015-12-31,7946.35009765625,7955.5498046875,7891.14990234375,7897.7998046875,150900,0.006344796283837217,0.006324752800432643,0.008230798803414279,7911.55,7865.055078125,7788.590014648437,7917.24703125,8199.401008300782,1.5498046875,0.00019627097514643025,117420.0,138065.0,1.0929634592402129
2016-01-04,7791.2998046875,7937.5498046875,7781.10009765625,7924.5498046875,134700,-0.01951213966956744,-0.019705014523420224,0.009156000440861935,7897.6,7859.750048828125,7784.947509765625,7908.31001953125,8194.797258300781,-21.80029296875,-0.002743434746875792,125660.0,138515.0,0.9724578565498322
2016-01-05,7784.64990234375,7831.2001953125,7763.25,7828.39990234375,145200,-0.0008535035886758635,-0.0008538680302466864,0.008848766337040759,7869.5,7862.02001953125,7785.085009765625,7898.502021484375,8190.220756835937,37.10009765625,0.004761734060590169,130120.0,138150.0,1.0510314875135722
2016-01-06,7741.0,7800.9501953125,7721.2001953125,7788.0498046875,147100,-0.005607176031205752,-0.005622955254962513,0.008927876966387567,7831.9099609375,7852.675,7783.865014648438,7888.089013671875,8185.045756835938,3.39990234375,0.00043674441193898523,136940.0,138625.0,1.0611361587015329
2016-01-07,7568.2998046875,7674.9501953125,7556.60009765625,7673.35009765625,188900,-0.022309804329221028,-0.022562432473354942,0.010082690698936364,7766.319921875,7830.894970703125,7777.194995117187,7874.421005859375,8179.648505859375,-67.64990234375,-0.008739168368912285,153360.0,141315.0,1.3367300003538194
2016-01-08,7601.35009765625,7634.10009765625,7581.0498046875,7611.64990234375,157400,0.004366937597831466,0.004357430194614917,0.00981425094042527,7697.319921875,7804.4349609375,7776.6375,7860.53900390625,8174.489504394532,43.35009765625,0.005727851535347568,154660.0,142185.0,1.1070084748742834
2016-01-11,7563.85009765625,7605.10009765625,7494.35009765625,7527.4501953125,189000,-0.00493333414699082,-0.00494554321070581,0.009616333036880345,7651.82998046875,7774.714990234375,7770.665014648437,7846.605009765625,8168.692255859375,-73.89990234375,-0.00972194431177901,165520.0,144595.0,1.3070991389743767
2016-01-12,7510.2998046875,7588.2998046875,7487.7998046875,7587.2001953125,163900,-0.007079766557687717,-0.007104947023205757,0.009515881147645715,7596.9599609375,7733.22998046875,7765.657495117188,7832.152998046875,8162.814252929687,23.35009765625,0.0030870650997545956,169260.0,144400.0,1.1350415512465375
2016-01-13,7562.39990234375,7590.9501953125,7425.7998046875,7557.89990234375,215200,0.006937152844914696,0.00691320150571891,0.009579400038576104,7561.23994140625,7696.574951171875,7761.275,7819.9769921875,8157.453000488281,47.60009765625,0.006337975699257803,182880.0,147715.0,1.4568594929424905
2016-01-14,7536.7998046875,7604.7998046875,7443.7998046875,7467.39990234375,200800,-0.003385181686611949,-0.0033909243778356985,0.009445409188093777,7554.93994140625,7660.629931640625,7753.069995117187,7808.47798828125,8152.282497558594,-95.0,-0.012562149744363222,185260.0,151040.0,1.3294491525423728
2016-01-15,7437.7998046875,7566.5,7427.2998046875,7561.64990234375,197500,-0.013135548583687595,-0.013222582904531205,0.009639936818111806,7522.2298828125,7609.77490234375,7737.414990234375,7795.91798828125,8146.716994628906,24.85009765625,0.003297168334071249,193280.0,153200.0,1.2891644908616189
2016-01-18,7351.0,7463.64990234375,7336.39990234375,7420.35009765625,233600,-0.01167009155487031,-0.01173872154132596,0.009269898699128424,7479.65986328125,7565.744921875,7712.747485351562,7781.9219921875,8140.757243652344,-17.44970703125,-0.0023460845262671267,202200.0,156085.0,1.496620431175321
2016-01-19,7435.10009765625,7462.75,7364.14990234375,7381.7998046875,188300,0.011440633608522655,0.011375684463334866,0.00965094182205709,7464.619921875,7530.78994140625,7696.40498046875,7769.409990234375,8135.278745117187,30.7998046875,0.004189879565705346,207080.0,155930.0,1.2075931507727826
2016-01-20,7309.2998046875,7470.89990234375,7241.5,7357.0,225600,-0.01691978471256972,-0.017064559633827973,0.009797178263277808,7413.99990234375,7487.619921875,7670.1474609375,7754.791982421875,8130.1144921875,-78.10009765625,-0.010504242932905411,209160.0,160895.0,1.402156686037478
2016-01-21,7276.7998046875,7398.7001953125,7250.0,7376.64990234375,240700,-0.004446390334017725,-0.004456304927870771,0.009779231886911339,7361.99990234375,7458.469921875,7644.682446289063,7741.218974609375,8124.791489257813,67.35009765625,0.009214302252735338,217140.0,166645.0,1.4443877704101533
2016-01-22,7422.4501953125,7433.39990234375,7327.60009765625,7355.7001953125,229200,0.020015720445019758,0.019818039378412727,0.010693700694725064,7358.92998046875,7440.579931640625,7622.5074462890625,7730.581982421875,8119.442241210938,78.900390625,0.010842732072163741,223480.0,172210.0,1.3309331629986645
2016-01-25,7436.14990234375,7487.14990234375,7421.2001953125,7468.75,163200,0.0018457122204607046,0.0018440109866640082,0.01073484375067669,7375.9599609375,7427.809912109375,7601.262451171875,7721.0009765625,8114.167990722656,46.2998046875,0.006237806043715823,209400.0,175695.0,0.9288824383164006
2016-01-27,7437.75,7477.89990234375,7419.7001953125,7469.60009765625,187600,0.00021517824106065397,0.00021515509354344282,0.010454723654161878,7376.48994140625,7420.554931640625,7576.8924560546875,7714.088974609375,8108.425490722656,33.4501953125,0.0044983218132755845,209260.0,178930.0,1.0484547029564635
2016-01-28,7424.64990234375,7468.85009765625,7409.60009765625,7426.5,274500,-0.001761298464757477,-0.0017628513745914778,0.010426124925885275,7399.5599609375,7406.779931640625,7551.67744140625,7707.33697265625,8102.24923828125,-11.25,-0.0015125541998588282,219040.0,187005.0,1.4678751905029277
2016-01-29,7563.5498046875,7575.64990234375,7402.7998046875,7413.35009765625,298700,0.018707939656508632,0.018535098493895702,0.011515943568247521,7456.9099609375,7409.454931640625,7535.042431640625,7702.475966796875,8096.76548828125,-11.2998046875,-0.0015219309780428805,230640.0,196600.0,1.5193285859613428
2016-02-01,7555.9501953125,7600.4501953125,7541.25,7589.5,200400,-0.0010047675458274563,-0.001005272663116682,0.011348770953211062,7483.6099609375,7421.269970703125,7515.522436523437,7696.843974609375,8090.973237304687,25.9501953125,0.00343095450980139,224880.0,199075.0,1.006655782996358
2016-02-02,7455.5498046875,7576.2998046875,7428.0498046875,7566.64990234375,230200,-0.013287592960483763,-0.013376662920665904,0.01093413948756665,7487.48994140625,7431.724951171875,7498.734936523438,7691.318974609375,8084.359487304688,10.69970703125,0.001416063731850403,238280.0,203850.0,1.129261712043169
2016-02-03,7361.7998046875,7419.39990234375,7350.2998046875,7392.4501953125,192000,-0.01257452534768888,-0.012654253761286621,0.011172879999890667,7472.29990234375,7424.394921875,7477.592431640625,7681.699970703125,8077.26673828125,-63.099609375,-0.00846344146682886,239160.0,206190.0,0.931179979630438
2016-02-04,7404.0,7457.0498046875,7365.9501953125,7411.4501953125,222700,0.005732320415128722,0.00571595318480905,0.011306075052933993,7468.169921875,7433.86494140625,7460.742431640625,7672.648974609375,8070.11673828125,49.650390625,0.006744327738087358,228800.0,209970.0,1.0606277087202933
2016-02-05,7489.10009765625,7503.14990234375,7406.64990234375,7418.25,249800,0.011493800331746407,0.011428248424226505,0.01064289718800882,7453.27998046875,7455.094970703125,7456.782446289062,7665.4459765625,8064.028737792969,14.25,0.0019246353322528362,219020.0,213015.0,1.1726873694340774
2016-02-08,7387.25,7512.5498046875,7363.2001953125,7489.7001953125,171500,-0.013599777854234385,-0.013693101923425259,0.01096629250665813,7419.53994140625,7451.574951171875,7446.07744140625,7656.558974609375,8057.934987792969,0.60009765625,8.012947462643789e-05,213240.0,213720.0,0.8024518061014412
2016-02-09,7298.2001953125,7323.4501953125,7275.14990234375,7303.9501953125,212100,-0.012054527014450533,-0.012127772043135017,0.011201154112569934,7388.07001953125,7437.77998046875,7432.794946289063,7644.846982421875,8052.185490722656,-83.2998046875,-0.011276158880165149,209620.0,214875.0,0.9870855148342059
2016-02-10,7215.7001953125,7271.85009765625,7177.75,7264.2998046875,246900,-0.011304156886925099,-0.011368534484495037,0.011346301634322289,7358.85009765625,7415.575,7418.064965820313,7630.306982421875,8046.375241699218,-33.900390625,-0.0046450343533702455,220600.0,219025.0,1.1272685766465016
2016-02-11,6976.35009765625,7208.64990234375,6959.9501953125,7203.60009765625,292300,-0.03317073758299127,-0.03373336331978199,0.013103505720463631,7273.3201171875,7370.74501953125,7388.762475585938,7611.128984375,8039.108491210937,-12.10009765625,-0.0016769124726260837,234520.0,222880.0,1.311468054558507
2016-02-12,6980.9501953125,7034.7998046875,6869.0,7023.64990234375,333900,0.0006593845767279838,0.0006591672782349067,0.01314371869557106,7171.69013671875,7312.48505859375,7360.969995117188,7591.649990234375,8032.021743164062,47.2998046875,0.006780021648195476,251340.0,229535.0,1.4546801141438126
2016-02-15,7162.9501953125,7182.7998046875,7056.7998046875,7057.35009765625,354200,0.02607094949942601,0.02573689591661371,0.01452044104150869,7126.83017578125,7273.18505859375,7347.227514648437,7576.2819921875,8026.310244140625,76.39990234375,0.010944054921785613,287880.0,237370.0,1.492185196107343
2016-02-16,7048.25,7204.64990234375,7037.7001953125,7201.25,253800,-0.016012982386442,-0.01614257549907488,0.014707385502400253,7076.84013671875,7232.455078125,7332.090014648437,7559.963994140625,8020.482495117188,38.2998046875,0.005346931591478012,296220.0,238380.0,1.0646866347847974
2016-02-17,7108.4501953125,7123.7001953125,6960.64990234375,7058.85009765625,260000,0.008541154940942874,0.008504885651830765,0.014581701981579516,7055.39013671875,7207.1201171875,7315.75751953125,7546.495,8014.596748046875,10.60009765625,0.0015039332680097898,298840.0,241965.0,1.0745355733267208
2016-02-18,7191.75,7215.10009765625,7127.85009765625,7177.39990234375,246700,0.011718419964794835,0.011650291007518507,0.014459847831821387,7098.4701171875,7185.8951171875,7309.880029296875,7535.022001953125,8009.356748046875,68.94970703125,0.009699682087766087,289720.0,243020.0,1.0151427866019258
2016-02-19,7210.75,7226.85009765625,7145.9501953125,7170.5498046875,192300,0.0026419160844022294,0.002638432358562314,0.014450333774125938,7144.430078125,7158.060107421875,7306.5775390625,7525.202998046875,8004.502998046875,-21.2001953125,-0.002947849315187541,261400.0,240600.0,0.7992518703241895
2016-02-22,7234.5498046875,7252.39990234375,7200.7001953125,7208.85009765625,154400,0.0033006004489823937,0.0032951654232690796,0.013672507170797784,7158.75,7142.790087890625,7297.18251953125,7517.643994140625,7999.01599609375,-1.89990234375,-0.0002634819323579378,221440.0,236860.0,0.6518618593261842
2016-02-23,7109.5498046875,7241.7001953125,7090.7001953125,7240.2998046875,194400,-0.017278200216274464,-0.017429210300505937,0.014110574268383247,7171.0099609375,7123.925048828125,7280.852514648437,7506.168994140625,7992.93974609375,5.75,0.0007947972099486257,209560.0,238420.0,0.8153678382686016
2016-02-24,7018.7001953125,7090.7998046875,7009.75,7075.0,199700,-0.012778531956425754,-0.0128608796700014,0.014293963801735565,7153.0599609375,7104.225048828125,7259.9000244140625,7494.333994140625,7987.548247070313,-34.5498046875,-0.004859633259017395,197500.0,239025.0,0.8354774605166824
2016-02-25,6970.60009765625,7034.2001953125,6961.39990234375,7029.85009765625,283100,-0.006853134671341854,-0.006876725240095017,0.014319848826203263,7108.82998046875,7103.650048828125,7237.197534179688,7480.745,7982.114748535157,11.14990234375,0.0015885993180327833,204780.0,239455.0,1.1822680670689691
2016-02-26,7029.75,7052.89990234375,6985.10009765625,7039.2998046875,206700,0.008485625558068977,0.008449825021575584,0.013669958720215862,7072.62998046875,7108.530029296875,7210.507543945312,7467.322001953125,7976.3059985351565,68.69970703125,0.00985563740119723,207660.0,234855.0,0.8801175193204318
2016-02-29,6987.0498046875,7094.60009765625,6825.7998046875,7050.4501953125,473400,-0.006074212498666354,-0.006092735574228962,0.013667011463129274,7023.12998046875,7090.939990234375,7182.062524414063,7452.045,7969.614997558594,20.7001953125,0.002944655971051602,271460.0,248505.0,1.9049918512705981
2016-03-01,7222.2998046875,7235.5,7035.10009765625,7038.25,275100,0.03366943224623564,0.03311502695088197,0.015818491781319843,7045.67998046875,7108.344970703125,7170.4000244140625,7439.603994140625,7965.0917456054685,51.2001953125,0.00732787038073646,287600.0,250750.0,1.0971086739780658
2016-03-02,7368.85009765625,7380.35009765625,7308.14990234375,7321.7001953125,338500,0.020291361052837242,0.02008823459754814,0.016303801402646187,7115.7099609375,7134.3849609375,7170.7525390625,7431.7419921875,7960.758745117188,99.400390625,0.013762983165069666,315360.0,258075.0,1.3116342148600213
2016-03-03,7475.60009765625,7483.9501953125,7406.0498046875,7429.5498046875,278600,0.014486656477644022,0.014382727390574045,0.016576126281482587,7216.7099609375,7162.769970703125,7174.332543945313,7424.564990234375,7957.015744628906,60.69970703125,0.008237337742907304,314460.0,260870.0,1.0679648867251887
2016-03-04,7485.35009765625,7505.89990234375,7444.10009765625,7505.39990234375,281700,0.0013042431206367056,0.0013033933343828406,0.016379477634412304,7307.82998046875,7190.22998046875,7174.145043945313,7418.549990234375,7953.130747070312,29.7998046875,0.003986275924101777,329460.0,262465.0,1.0732859619377821
2016-03-08,7485.2998046875,7527.14990234375,7442.14990234375,7486.39990234375,257000,-6.71885323921817e-06,-6.718875810813698e-06,0.016059901471791812,7407.47998046875,7215.30498046875,7179.047534179687,7410.936982421875,7948.688994140625,1.0498046875,0.00014024790741968182,286180.0,266740.0,0.9634850416135563
2016-03-09,7531.7998046875,7539.0,7424.2998046875,7436.10009765625,245100,0.006212176026787919,0.006192960002448895,0.015808927110106053,7469.37998046875,7257.52998046875,7190.727514648437,7404.351982421875,7944.519741210937,-49.19970703125,-0.006572843882677858,280180.0,268390.0,0.9132232944595551
2016-03-10,7486.14990234375,7547.10009765625,7447.39990234375,7545.35009765625,224700,-0.006060955352974129,-0.006079397498643517,0.015624410481915246,7492.83994140625,7304.274951171875,7204.25,7395.571982421875,7939.834240722656,13.55029296875,0.0017990776866263524,257420.0,267280.0,0.8406914097575576
2016-03-11,7510.2001953125,7543.9501953125,7460.60009765625,7484.85009765625,198700,0.0032126384433233124,0.0032074889464729544,0.01325802553057877,7499.7599609375,7358.2349609375,7230.9425048828125,7387.196982421875,7935.280241699219,-1.2998046875,-0.00017362792683233067,241440.0,262600.0,0.7566641279512567
2016-03-14,7538.75,7583.7001953125,7515.0498046875,7542.60009765625,166900,0.0038014705260878134,0.0037942631968658764,0.013237745502817472,7510.43994140625,7409.1349609375,7258.832495117187,7380.046982421875,7930.679240722657,32.39990234375,0.0043141196640766565,218480.0,254250.0,0.6564405113077679
2016-03-15,7460.60009765625,7545.2001953125,7452.7998046875,7535.85009765625,193700,-0.010366427105786724,-0.010420532757604035,0.01251854265113249,7505.5,7456.489990234375,7273.714990234375,7370.331982421875,7926.130991210937,-2.89990234375,-0.0003846662037804676,205820.0,246225.0,0.7866788506447355
2016-03-16,7498.75,7508.0,7405.14990234375,7457.0498046875,195400,0.005113516586384925,0.005100486959710426,0.011778109739572199,7498.8900390625,7484.135009765625,7296.239990234375,7364.480986328125,7921.927993164062,-3.55029296875,-0.0004758723054818775,195880.0,243305.0,0.8031072111136228
2016-03-17,7512.5498046875,7585.2998046875,7479.39990234375,7557.39990234375,239600,0.0018402806717785491,0.0018385894298917032,0.011712344278015407,7504.17001953125,7498.50498046875,7316.444970703125,7359.038984375,7917.817744140625,58.64990234375,0.007821290527587932,198860.0,242285.0,0.9889180097818685
2016-03-18,7604.35009765625,7613.60009765625,7517.89990234375,7534.64990234375,237400,0.012219591930221929,0.012145535400108631,0.011732873329709634,7523.0,7511.37998046875,7337.074975585938,7356.305986328125,7914.244494628906,22.10009765625,0.002941757223687291,206600.0,241820.0,0.9817219419402862
2016-03-21,7704.25,7713.5498046875,7617.7001953125,7619.2001953125,196800,0.013137204502793765,0.013051659829120443,0.011955294840038913,7556.1,7533.269970703125,7361.749975585937,7359.024990234375,7910.597492675781,14.85009765625,0.0019528424474863375,212580.0,242045.0,0.8130719494308909
2016-03-22,7714.89990234375,7728.2001953125,7643.7998046875,7695.5498046875,208900,0.001382341219943628,0.0013813866658977931,0.011963681070813121,7606.9599609375,7556.22998046875,7385.76748046875,7361.295986328125,7907.004990234375,-8.7001953125,-0.001129272195541422,215620.0,244770.0,0.8534542631858479
2016-03-23,7716.5,7726.85009765625,7670.60009765625,7717.4501953125,199600,0.00020740355370829633,0.000207382048564695,0.010980211002530351,7650.5099609375,7574.7,7416.114990234375,7364.348984375,7904.405239257812,2.55029296875,0.0003305672142259724,216460.0,245030.0,0.8145941313308575
2016-03-28,7615.10009765625,7749.39990234375,7587.7001953125,7741.0,242400,-0.013140659929210097,-0.013227762297457975,0.011009873366946393,7671.02001953125,7587.59501953125,7445.934985351562,7366.444990234375,7901.805239257813,24.5,0.003175014579148578,217020.0,247165.0,0.9807213804543523
2016-03-29,7597.0,7652.89990234375,7582.25,7606.5498046875,216800,-0.0023768693023248355,-0.0023796985402065656,0.010818405294653947,7669.55,7596.275,7477.25498046875,7367.1369921875,7899.136989746094,-8.55029296875,-0.0011228076924926543,212900.0,243850.0,0.8890711502973139
2016-03-30,7735.2001953125,7741.9501953125,7643.4501953125,7651.10009765625,232600,0.01819141704784788,0.018027932915947852,0.011223010022328984,7675.7400390625,7615.92001953125,7512.527490234375,7371.105,7897.239489746094,54.10009765625,0.007121244919869685,220060.0,245145.0,0.9488262048991414
2016-03-31,7738.39990234375,7777.60009765625,7702.0,7727.64990234375,380100,0.00041365536126503066,0.0004135698294723892,0.010981737863010385,7680.4400390625,7643.7,7550.094995117188,7377.117001953125,7895.710739746094,-7.55029296875,-0.0009760953534629197,254300.0,240480.0,1.5805888223552895
2016-04-01,7713.0498046875,7740.14990234375,7666.10009765625,7718.0498046875,183900,-0.0032758836421172832,-0.0032812610960895605,0.008833926950891502,7679.75,7665.12998046875,7574.632495117187,7384.357998046875,7894.163989257812,-20.35009765625,-0.0026297552353279794,251160.0,235920.0,0.779501525940997
2016-04-04,7758.7998046875,7764.4501953125,7704.39990234375,7733.14990234375,155500,0.005931505845093277,0.005913983718554631,0.007918922591882378,7708.48994140625,7689.75498046875,7594.12998046875,7390.8319921875,7892.335737304687,20.10009765625,0.002605985720983474,233780.0,226770.0,0.6857168055739296
2016-04-05,7603.2001953125,7736.2998046875,7588.64990234375,7736.2998046875,203800,-0.02005459778469787,-0.020258420894693874,0.008898679121189622,7709.72998046875,7689.639990234375,7600.509985351562,7396.71,7890.524987792969,-22.5,-0.0028999330523268,231180.0,223030.0,0.9137784154598037
2016-04-06,7614.35009765625,7638.64990234375,7591.75,7636.0498046875,165600,0.0014664749128432408,0.0014654006885952725,0.008899156028008386,7685.5599609375,7680.65,7606.959985351563,7403.461005859375,7888.682238769531,32.849609375,0.004320497755044295,217780.0,217225.0,0.7623431925422949
2016-04-07,7546.4501953125,7630.75,7535.85009765625,7630.39990234375,234400,-0.00891736017820488,-0.008957357794121351,0.009165602739213763,7647.17001953125,7663.805029296875,7610.017504882812,7405.941005859375,7886.344990234375,16.0498046875,0.0021078364511293276,188640.0,216095.0,1.0847081144866841
2016-04-08,7555.2001953125,7569.35009765625,7526.7001953125,7542.35009765625,143400,0.0011594855559287076,0.001158813871706803,0.009067436068707023,7615.60009765625,7647.675048828125,7611.187524414063,7408.32201171875,7883.8844921875,-4.10009765625,-0.0005433147440364461,180540.0,211010.0,0.6795886450879105
2016-04-11,7671.39990234375,7678.7998046875,7516.85009765625,7577.7998046875,179800,0.015380096361092388,0.015263021567415073,0.009543936035462554,7598.1201171875,7653.305029296875,7620.450024414063,7412.995009765625,7881.7837426757815,22.599609375,0.0029912654583291592,185400.0,208765.0,0.8612554786482408
2016-04-12,7708.9501953125,7717.39990234375,7663.35009765625,7669.25,163400,0.004894842329530746,0.0048829015384887434,0.009569370825397536,7619.2701171875,7664.500048828125,7630.387524414063,7418.681015625,7879.455493164062,-2.14990234375,-0.00028024902509555865,177320.0,207000.0,0.7893719806763285
2016-04-13,7850.4501953125,7864.7998046875,7772.2001953125,7777.14990234375,220400,0.018355287868643932,0.018188863004861715,0.010291674793651869,7666.49013671875,7676.025048828125,7645.9725341796875,7424.4190234375,7877.582993164063,68.19970703125,0.008846821590924207,188280.0,209675.0,1.0511505901991176
2016-04-18,7914.7001953125,7920.60009765625,7842.75,7908.14990234375,184600,0.008184244011682829,0.008150934704248517,0.009941053869647998,7740.14013671875,7693.655078125,7668.6775390625,7431.5940234375,7875.39099609375,57.69970703125,0.007349859638075593,178320.0,209220.0,0.8823248255424911
2016-04-20,7914.75,7950.39990234375,7877.5498046875,7950.0498046875,205300,6.292681500319475e-06,6.292661701482301e-06,0.00994964908721116,7812.05009765625,7713.82509765625,7689.4775390625,7440.77802734375,7873.056997070313,35.349609375,0.004466323234319841,190700.0,209715.0,0.9789476193882174
2016-04-21,7912.0498046875,7978.4501953125,7884.10009765625,7953.64990234375,223700,-0.0003411598992387743,-0.00034121810751646184,0.009972081040202495,7860.180078125,7729.15009765625,7709.4525390625,7451.78302734375,7870.812998046875,38.89990234375,0.004914861788906788,199480.0,208920.0,1.0707447826919394
2016-04-22,7899.2998046875,7923.35009765625,7873.35009765625,7891.7998046875,183300,-0.0016114660947212922,-0.0016127659027939515,0.00974997792940884,7898.25,7758.76005859375,7724.200024414063,7461.6890234375,7868.3194970703125,-20.25,-0.0025593873269102617,203460.0,206215.0,0.8888781126494193
2016-04-25,7855.0498046875,7911.0,7827.0,7894.7998046875,146300,-0.005601762319964343,-0.005617511031739854,0.009515867452539734,7899.169921875,7782.830029296875,7731.740014648438,7469.008017578125,7865.689248046875,-4.5,-0.0005696707444031518,188640.0,203690.0,0.7182483185232461
2016-04-26,7962.64990234375,7974.5,7822.5498046875,7828.14990234375,202400,0.013698206928241197,0.013605234565983467,0.009930509170927224,7908.75986328125,7824.45,7744.127514648438,7480.516015625,7863.910495605469,-26.89990234375,-0.0034245361916989355,192200.0,203365.0,0.9952548373613945
2016-04-27,7979.89990234375,7991.0,7940.5498046875,7942.0,206800,0.0021663642394880167,0.002164021055994669,0.009925414767495163,7921.78984375,7866.919970703125,7757.297509765625,7494.150009765625,7861.967495117187,-20.64990234375,-0.0025933455064590803,192500.0,203725.0,1.0150938765492699
2016-04-28,7847.25,7992.0,7834.4501953125,7967.39990234375,292500,-0.016623003291656557,-0.016762715869970777,0.01022594260738732,7908.8298828125,7884.50498046875,7768.905004882812,7506.781005859375,7858.93849609375,-12.5,-0.0015664356887896134,206260.0,206230.0,1.4183193521796054
2016-04-29,7849.7998046875,7889.0498046875,7788.7001953125,7844.25,243700,0.00032492971263820003,0.0003248769344116223,0.010189084160262195,7898.9298828125,7898.58994140625,7781.544995117188,7524.25,7855.962993164063,-3.0,-0.0003822995316830737,218340.0,207575.0,1.1740334818740215
2016-05-02,7805.89990234375,7829.7998046875,7777.2998046875,7822.7001953125,146300,-0.005592486870497626,-0.005608183374211703,0.009527966400282174,7889.09990234375,7894.134912109375,7785.07998046875,7540.748994140625,7852.567990722656,-27.099609375,-0.0034522675799728672,218340.0,203260.0,0.719767785102824
2016-05-03,7747.0,7890.25,7735.14990234375,7824.7998046875,186500,-0.0075455620851691,-0.007574173857563739,0.009696412706950822,7845.969921875,7877.364892578125,7785.509985351562,7552.429990234375,7848.692238769531,18.89990234375,0.002421232987893585,215160.0,193580.0,0.9634259737576196
2016-05-04,7706.5498046875,7749.0,7697.25,7724.14990234375,199700,-0.0052214012278947175,-0.005235080380291306,0.009741717946507725,7791.29990234375,7856.544873046875,7785.184985351562,7565.595986328125,7844.6709887695315,-22.85009765625,-0.0029495414555634437,213740.0,194370.0,1.0274219272521479
2016-05-05,7735.5,7777.5498046875,7706.85009765625,7731.0,185100,0.003756570196288278,0.003749531907512104,0.00968402281644523,7768.94990234375,7838.889892578125,7784.019995117187,7578.136982421875,7841.533239746093,24.4501953125,0.003172651307285161,192260.0,195850.0,0.9451110543783507
2016-05-06,7733.4501953125,7738.89990234375,7678.35009765625,7717.64990234375,163600,-0.00026498670900398924,-0.00026502182418547155,0.00847384534009922,7745.67998046875,7822.304931640625,7790.532495117188,7588.970986328125,7838.557741699219,-17.85009765625,-0.0023075557696658265,176240.0,193840.0,0.8439950474618242
2016-05-09,7866.0498046875,7873.64990234375,7753.5498046875,7755.25,160600,0.01714624210748439,0.017000904277695215,0.009222836514062987,7757.7099609375,7823.404931640625,7803.11748046875,7602.076982421875,7836.085241699218,21.7998046875,0.002818897663647408,179100.0,193590.0,0.8295883051810528
2016-05-10,7887.7998046875,7896.89990234375,7837.7001953125,7873.5498046875,162000,0.002765047328716186,0.0027612316174809364,0.008880762846503378,7785.869921875,7815.919921875,7820.1849609375,7615.141982421875,7833.225988769531,7.5,0.000953464596109045,174200.0,189970.0,0.8527662262462494
2016-05-11,7848.85009765625,7893.10009765625,7780.89990234375,7804.64990234375,214100,-0.00493796850778383,-0.004950200558543867,0.00902374518288331,7814.32998046875,7802.81494140625,7834.867456054688,7629.92798828125,7830.199741210938,-83.14990234375,-0.01054158376260213,177080.0,193505.0,1.106431358362833
2016-05-12,7900.39990234375,7916.0498046875,7849.64990234375,7871.4501953125,152700,0.006567816182767139,0.006546342052207653,0.008535224663683684,7847.3099609375,7808.129931640625,7846.317456054688,7647.561982421875,7827.082741699219,22.60009765625,0.0028794151213307833,170600.0,192150.0,0.7946916471506635
2016-05-13,7814.89990234375,7881.0,7784.2001953125,7881.0,179500,-0.010822236982540034,-0.010881223351540733,0.00892161918938921,7863.59990234375,7804.63994140625,7851.61494140625,7664.447978515625,7823.1169921875,-19.39990234375,-0.002455559539206969,173780.0,192955.0,0.9302687155036148
2016-05-16,7860.75,7873.89990234375,7772.14990234375,7831.2001953125,205200,0.005867010227795566,0.005849866346159204,0.008013187062181987,7862.53994140625,7810.124951171875,7852.129931640625,7681.067978515625,7819.371494140625,16.30029296875,0.0020857967693049292,182700.0,192195.0,1.0676656520721142
2016-05-17,7890.75,7940.10009765625,7879.7001953125,7896.85009765625,183400,0.003816429729987636,0.0038091656381104887,0.007838771682432941,7863.12998046875,7824.499951171875,7850.932421875,7699.141982421875,7815.807993164062,36.10009765625,0.0045924495316922685,186980.0,192135.0,0.9545371743825956
2016-05-18,7870.14990234375,7882.0498046875,7810.75,7846.75,156400,-0.002610664088489645,-0.002614077814670393,0.007858328436835302,7867.38994140625,7840.8599609375,7848.702416992188,7712.098984375,7812.511491699219,-44.0,-0.005576149288724139,175440.0,189690.0,0.8245031366967157
2016-05-19,7783.39990234375,7876.2001953125,7766.7998046875,7875.5,170400,-0.011022661712474568,-0.011083861385826453,0.008219303172580366,7843.98994140625,7845.649951171875,7842.269921875,7720.38998046875,7808.260991210937,5.35009765625,0.0006797961566979465,178980.0,187025.0,0.9111081406229113
2016-05-20,7749.7001953125,7812.39990234375,7735.75,7792.2001953125,157000,-0.0043296897826234915,-0.004339090032687426,0.0082560405322025,7830.95,7847.274951171875,7834.78994140625,7725.871982421875,7804.060493164063,8.80029296875,0.0011306489553620444,174480.0,185710.0,0.8454041247105702
2016-05-23,7731.0498046875,7820.60009765625,7722.2001953125,7813.9501953125,172000,-0.0024065951139995434,-0.0024094956185153732,0.00819140402924404,7805.0099609375,7833.774951171875,7828.58994140625,7730.7859765625,7800.1079931640625,64.25,0.008290643299835313,167840.0,186995.0,0.9198106901254044
2016-05-24,7748.85009765625,7761.5498046875,7715.7998046875,7738.0498046875,147000,0.002302441895789764,0.0022997953380331686,0.0074996501987789205,7776.62998046875,7819.87998046875,7817.899951171875,7736.056982421875,7797.047243652344,7.0,0.0009054397755600735,160560.0,184225.0,0.7979373049260415
2016-05-25,7934.89990234375,7941.2001953125,7809.2998046875,7811.7998046875,176200,0.024009988881288802,0.023726281336622208,0.009388751021223309,7789.57998046875,7828.4849609375,7815.649951171875,7744.118984375,7795.0367431640625,62.94970703125,0.008123748199786448,164520.0,182695.0,0.9644489449629163
2016-05-26,8069.64990234375,8083.0,7948.5,7974.4501953125,264300,0.016981940750153468,0.016839359534278495,0.009309366911647588,7846.82998046875,7845.4099609375,7826.769946289062,7755.788984375,7793.509743652344,39.55029296875,0.004984346804055831,183300.0,181285.0,1.4579253661361944
2016-05-27,8156.64990234375,8164.2001953125,8077.0498046875,8081.9501953125,260900,0.010781136858828422,0.010723434761836886,0.009534384684182742,7928.219921875,7879.5849609375,7842.112451171875,7768.717978515625,7792.183994140625,12.30029296875,0.001524265998848042,204080.0,182145.0,1.432375305388564
2016-05-30,8178.5,8200.0,8150.7998046875,8166.5,247400,0.0026788078338353394,0.002675226223002301,0.009367378596612921,8017.7099609375,7911.3599609375,7860.742456054688,7781.512978515625,7790.41224609375,9.85009765625,0.0012076155988280986,219160.0,187200.0,1.3215811965811965
2016-05-31,8160.10009765625,8213.599609375,8134.2998046875,8209.849609375,471000,-0.0022497893677019265,-0.0022523239460265896,0.009144369967408493,8099.9599609375,7938.294970703125,7881.3974609375,7795.502978515625,7788.497497558594,31.349609375,0.003833173488414746,283960.0,201425.0,2.338339332257664
2016-06-01,8179.9501953125,8215.349609375,8171.0498046875,8179.2001953125,194400,0.0024325801667495206,0.0024296262330994575,0.008956259406763119,8148.97001953125,7969.275,7905.06748046875,7809.126982421875,7786.812746582032,19.10009765625,0.002340669529499515,287600.0,201160.0,0.9663949095247564
2016-06-02,8218.9501953125,8229.5,8154.75,8156.89990234375,181700,0.00476775519028827,0.004756425442880727,0.008963469270122908,8178.830078125,8012.830029296875,7929.239990234375,7823.254990234375,7785.067746582031,-23.05029296875,-0.002817901383062077,271080.0,200990.0,0.9040250758744216
2016-06-03,8220.7998046875,8262.0,8209.849609375,8246.2001953125,379000,0.00022504204686080165,0.00022501672869773692,0.008954528201509025,8191.66005859375,8059.939990234375,7953.607470703125,7835.583984375,7783.228493652344,27.25,0.0033155085932436296,294700.0,211760.0,1.7897619947109935
2016-06-06,8201.0498046875,8234.7001953125,8186.0498046875,8228.75,171600,-0.002402442641741276,-0.0024053331374929024,0.00838948994285362,8196.17001953125,8106.939990234375,7970.357470703125,7845.51998046875,7781.410744628906,7.9501953125,0.0009670829482998478,279540.0,212310.0,0.8082520842164759
2016-06-07,8266.4501953125,8294.9501953125,8216.400390625,8235.5498046875,241900,0.007974636440766236,0.007943007071457264,0.008490811481222459,8217.4400390625,8158.7,7989.289990234375,7856.550986328125,7780.114997558594,34.5,0.0042067785005135225,233720.0,216305.0,1.1183282864473776
2016-06-08,8273.0498046875,8288.900390625,8252.0498046875,8285.5,174300,0.0007983607496653278,0.0007980422292402209,0.008325843900255642,8236.0599609375,8192.514990234375,8010.499975585937,7867.681982421875,7779.168498535157,19.0498046875,0.002304472202385277,229700.0,214315.0,0.8132888505237618
2016-06-09,8203.599609375,8273.349609375,8184.60009765625,8273.349609375,174900,-0.0083947512649023,-0.008430185637149968,0.00862388249306647,8232.98984375,8205.9099609375,8025.6599609375,7879.45197265625,7778.439245605468,0.2998046875,3.6238714207924993e-05,228340.0,215425.0,0.8118834861320645
2016-06-10,8170.0498046875,8265.599609375,8162.85009765625,8180.25,182200,-0.004089644337244347,-0.004098029802836798,0.008222377314402436,8222.83984375,8207.249951171874,8043.417456054687,7890.91296875,7777.510246582031,-23.349609375,-0.0028462638947318046,188980.0,215560.0,0.8452403043236222
2016-06-13,8110.60009765625,8125.25,8063.89990234375,8102.25,169700,-0.007276541569812833,-0.007303144729646939,0.008440964006244238,8204.74990234375,8200.4599609375,8055.9099609375,7898.420966796875,7775.470498046875,-67.7998046875,-0.008298579116200785,188600.0,213785.0,0.7937881516476835
2016-06-14,8108.85009765625,8134.9501953125,8069.5,8134.39990234375,145500,-0.00021576701833758705,-0.00021579029938960387,0.00843337231858309,8173.2298828125,8195.3349609375,8066.814965820313,7905.829970703125,7773.628249511718,23.7998046875,0.0029344073682510273,169320.0,211890.0,0.686677049412431
2016-06-15,8206.599609375,8213.2001953125,8123.14990234375,8139.39990234375,169800,0.012054669964487674,0.011982591110193301,0.008699860309126313,8159.93984375,8197.99990234375,8083.637451171875,7915.700966796875,7772.3284985351565,30.5498046875,0.0037674644764157123,168420.0,212560.0,0.7988332706059466
2016-06-16,8140.75,8180.64990234375,8074.4501953125,8180.64990234375,189200,-0.008023982222768011,-0.008056347617289792,0.008484410529635592,8147.369921875,8190.1798828125,8101.504956054688,7923.339970703125,7770.556496582031,-25.94970703125,-0.003162053501623955,171280.0,213500.0,0.8861826697892272
2016-06-17,8170.2001953125,8195.25,8135.7998046875,8176.64990234375,166600,0.003617626792678852,0.0036110989197415846,0.008343443826209185,8147.4,8185.119921875,8122.529956054687,7934.679970703125,7769.543747558594,35.89990234375,0.00440990109556859,168160.0,213980.0,0.7785774371436582
2016-06-20,8238.5,8244.150390625,8107.35009765625,8115.75,168600,0.008359624373303065,0.008324876233428225,0.008345418923667091,8172.97998046875,8188.86494140625,8147.9024658203125,7947.16296875,7769.236496582032,-54.4501953125,-0.006664487284380104,167940.0,213810.0,0.7885505822926898
2016-06-21,8219.900390625,8257.25,8202.150390625,8255.400390625,137000,-0.002257645126540031,-0.0022601974495153427,0.008433536245394769,8195.1900390625,8184.2099609375,8171.45498046875,7960.63197265625,7771.290998535156,16.900390625,0.0020513917126904167,166240.0,213310.0,0.6422577469410716
2016-06-22,8203.7001953125,8238.349609375,8153.25,8213.650390625,136100,-0.0019708505629796313,-0.001972795244488282,0.006883665924245597,8194.61015625,8177.275,8184.894995117187,7973.60197265625,7772.905998535156,-6.25,-0.0007603498464687333,159500.0,211305.0,0.6440926622654457
2016-06-23,8270.4501953125,8285.599609375,8188.2998046875,8201.150390625,154100,0.008136572328440339,0.00810364889252149,0.006087549517577067,8220.5501953125,8183.96005859375,8194.935009765624,7985.582978515625,7775.298999023437,-2.5498046875,-0.0003108115395241929,152480.0,205795.0,0.748803420880002
2016-06-24,8088.60009765625,8100.7001953125,7927.0498046875,8029.10009765625,297600,-0.021987932139331257,-0.02223326969761141,0.007606770965800801,8204.23017578125,8175.815087890625,8191.53251953125,7993.1759765625,7775.997248535156,-241.35009765625,-0.029182220067420474,178680.0,207630.0,1.4333188845542553
2016-06-27,8094.7001953125,8120.64990234375,8039.35009765625,8039.35009765625,162500,0.0007541598771854119,0.0007538756415223447,0.007578008616005179,8175.47021484375,8174.22509765625,8187.342529296875,7998.0609765625,7776.460998535156,-49.25,-0.006088816285313779,177460.0,203385.0,0.7989773090444231
2016-06-28,8127.85009765625,8146.35009765625,8086.85009765625,8096.0498046875,170400,0.004095260052119798,0.004086897298664459,0.007632961946093914,8157.06015625,8176.12509765625,8185.730029296875,8002.323974609375,7777.24375,1.349609375,0.0001667275306603122,184140.0,188355.0,0.9046746834434977
2016-06-29,8204.0,8212.400390625,8157.64990234375,8173.10009765625,147000,0.009369009200318468,0.009325392253691965,0.007910006625196546,8157.1201171875,8175.86513671875,8186.93251953125,8008.108974609375,7779.334499511719,45.25,0.005567277872539542,186320.0,185985.0,0.7903863214775385
2016-06-30,8287.75,8308.150390625,8242.099609375,8260.25,279400,0.010208434909800168,0.010156680759383653,0.008165634716352614,8160.580078125,8190.56513671875,8190.372509765625,8015.622978515625,7782.188249511719,56.25,0.006856411506582155,211380.0,190870.0,1.4638235448210823
2016-07-01,8328.349609375,8356.75,8308.650390625,8313.0498046875,165500,0.00489874928358125,0.004886789454209853,0.008225553987823011,8208.52998046875,8206.380078125,8195.75,8024.203974609375,7784.7149975585935,25.2998046875,0.003052674693071099,184960.0,180195.0,0.9184494575321179
2016-07-04,8370.7001953125,8398.4501953125,8364.7001953125,8376.75,154200,0.005085111447510116,0.005072225932684971,0.008248125176122662,8263.72998046875,8219.60009765625,8204.23251953125,8034.516982421875,7788.293249511718,48.400390625,0.005811522437832939,183300.0,179325.0,0.8598912588874947
2016-07-05,8335.9501953125,8381.4501953125,8319.9501953125,8379.2998046875,139000,-0.0041513850919495665,-0.00416002601386157,0.00815802940152066,8305.35,8231.205078125,8207.70751953125,8041.98298828125,7792.179001464844,8.599609375,0.0010273464793083482,177020.0,174180.0,0.79802503157653
2016-07-07,8337.900390625,8361.9501953125,8317.7001953125,8342.0,155500,0.00023394997172565546,0.0002339226096985007,0.008157738778210587,8332.130078125,8244.62509765625,8210.950048828125,8049.142998046875,7795.427253417969,6.0498046875,0.0007257486604108968,178720.0,173240.0,0.8975987069960748
2016-07-08,8323.2001953125,8353.2998046875,8287.5498046875,8350.0,137900,-0.0017630571995113087,-0.0017646132140196943,0.007911559314785719,8339.2201171875,8249.90009765625,8216.930078125,8058.662001953125,7797.95025390625,12.099609375,0.0014511578224902523,150420.0,171390.0,0.8045977011494253
2016-07-11,8467.900390625,8475.25,8407.0498046875,8413.349609375,149800,0.017385163388715874,0.01723577043083921,0.008643058646047532,8367.1302734375,8287.830126953126,8231.822607421875,8071.024013671875,7801.349255371094,90.1494140625,0.010831100051308483,147280.0,169770.0,0.8823702656535313
2016-07-12,8521.0498046875,8526.599609375,8479.2001953125,8502.599609375,183600,0.006276575256050743,0.006256959594241648,0.008420124873303134,8397.2001953125,8330.465087890625,8252.345092773438,8085.32701171875,7805.0080053710935,34.69921875,0.004097735819898906,153160.0,170465.0,1.0770539406916375
2016-07-13,8519.5,8550.25,8493.5498046875,8540.4501953125,195500,-0.00018187954806314632,-0.0001818960901539572,0.008419551905031396,8433.91015625,8369.630078125,8272.877587890625,8100.77701171875,7808.2442553710935,19.400390625,0.0022767606186655178,164460.0,172965.0,1.1302864741421674
2016-07-14,8565.0,8571.400390625,8500.7001953125,8515.75,153900,0.005340689007570898,0.005326478102926448,0.008148312452485597,8479.330078125,8405.730078125,8290.797607421875,8117.946015625,7811.923754882812,-3.75,-0.0004401666764481484,164140.0,172170.0,0.893883951907998
2016-07-15,8541.400390625,8594.7998046875,8510.0498046875,8565.4501953125,221700,-0.0027553542761237226,-0.0027591572520208334,0.007882178742652018,8522.9701171875,8431.0951171875,8310.830126953126,8134.0640234375,7815.135007324218,0.4501953125,5.256220811441915e-05,180900.0,173795.0,1.2756408412209788
2016-07-18,8508.7001953125,8587.099609375,8494.349609375,8564.0498046875,164300,-0.003828434895569499,-0.0038357821106622886,0.007998356959216205,8531.130078125,8449.13017578125,8327.755126953125,8149.5690234375,7817.769008789062,22.6494140625,0.0026517213836925253,183800.0,173680.0,0.9459926301243666
2016-07-19,8528.5498046875,8540.0498046875,8476.7001953125,8514.2998046875,167900,0.0023328603569714446,0.0023301434628515147,0.0078609690024799,8532.630078125,8464.91513671875,8342.2576171875,8162.8190234375,7820.526257324219,5.599609375,0.0006581039696386133,180660.0,173645.0,0.9669152581416107
2016-07-20,8565.849609375,8569.900390625,8512.5498046875,8515.4501953125,160300,0.004373522526303297,0.004363986470652139,0.007822299392962842,8541.9,8487.905078125,8359.555078125,8176.38001953125,7824.295505371094,-13.099609375,-0.001535971492808793,173620.0,174810.0,0.9169955952176649
2016-07-21,8510.099609375,8585.25,8503.4501953125,8582.7001953125,150000,-0.006508402848794281,-0.00652967485068765,0.00800991083192245,8530.919921875,8505.125,8374.875048828126,8189.605009765625,7827.616252441407,16.8505859375,0.0019671820900354904,172840.0,175505.0,0.8546765049428792
2016-07-22,8541.2001953125,8548.9501953125,8489.7998046875,8519.650390625,143200,0.003654550165692383,0.0036478885225085054,0.007886985629621712,8530.8798828125,8526.925,8388.412548828124,8202.421015625,7830.979753417969,9.55078125,0.0011222878330917011,157140.0,174960.0,0.8184727937814358
2016-07-25,8635.650390625,8641.150390625,8517.2001953125,8519.9501953125,150000,0.011058187743255843,0.010997493024321226,0.005883083216356653,8556.269921875,8543.7,8415.765063476563,8218.836025390625,7835.179504394531,-21.25,-0.0024879407476787892,154280.0,167580.0,0.8950948800572861
2016-07-26,8590.650390625,8644.900390625,8577.150390625,8633.75,154800,-0.005210956669673972,-0.005224581055714631,0.00616315750159725,8568.6900390625,8550.66005859375,8440.562573242187,8233.434033203124,7838.916257324218,-1.900390625,-0.00022006340449621424,151660.0,167195.0,0.9258650079248781
2016-07-27,8615.7998046875,8665.0,8572.0498046875,8599.400390625,184100,0.0029275331807177007,0.0029232563005614403,0.006157720734254336,8578.680078125,8560.2900390625,8464.96005859375,8247.935029296876,7842.250756835938,8.75,0.0010185491903557033,156420.0,167880.0,1.0966166309268526
2016-07-28,8666.2998046875,8674.7001953125,8625.25,8636.9501953125,233500,0.005861324676151858,0.005844213941164874,0.006013145314576133,8609.9201171875,8570.42001953125,8488.075048828125,8263.85802734375,7845.827756347656,21.150390625,0.0024548377520904035,173120.0,172205.0,1.355942045817485
2016-07-29,8638.5,8670.349609375,8631.150390625,8668.2998046875,157000,-0.003207805558776422,-0.0032129615963578163,0.005885692033342265,8629.380078125,8580.12998046875,8505.612548828125,8280.960029296875,7848.423757324219,2.0,0.00023077899969698988,175880.0,166085.0,0.9452990938374929
2016-08-01,8636.5498046875,8711.2998046875,8590.5,8654.2998046875,188400,-0.00022575624385023918,-0.00022578173062699604,0.005868548647338409,8629.5599609375,8592.91494140625,8521.02255859375,8298.697021484375,7850.842006835937,15.7998046875,0.0018289986325750998,183560.0,167230.0,1.1265921186390002
2016-08-02,8622.900390625,8687.2001953125,8611.400390625,8647.4501953125,169400,-0.001580424402241265,-0.0015816745902789463,0.0058635154549157124,8636.0099609375,8602.35,8533.632568359375,8316.534033203125,7853.069509277344,10.900390625,0.0012621232866721612,186480.0,167990.0,1.0083933567474255
2016-08-03,8544.849609375,8635.4501953125,8529.599609375,8635.2001953125,163000,-0.009051569392458547,-0.009092783738205783,0.006204614032406081,8621.819921875,8600.25,8544.0775390625,8332.4540234375,7855.147006835938,12.2998046875,0.0014264115471950259,182260.0,169190.0,0.963413913351853
2016-08-04,8551.099609375,8601.400390625,8518.150390625,8599.9501953125,164700,0.0007314347572768831,0.0007311673892417124,0.0062012950487130665,8598.7798828125,8604.35,8554.7375,8344.778017578124,7856.95400390625,55.1005859375,0.006448397392160802,168500.0,169650.0,0.9708222811671088
2016-08-05,8683.150390625,8689.400390625,8590.150390625,8600.2001953125,157900,0.015442549763450941,0.015324527088340225,0.006909690367900505,8607.7099609375,8618.54501953125,8572.735009765625,8357.04802734375,7859.651755371094,49.1005859375,0.005742020112088107,168680.0,170650.0,0.9252856724289481
2016-08-08,8711.349609375,8723.5,8697.599609375,8712.849609375,172600,0.0032475792173825013,0.003242317221417232,0.0059205198660466805,8622.669921875,8626.11494140625,8584.907470703125,8368.142021484375,7862.550002441406,29.69921875,0.0034203275785785734,165520.0,171790.0,1.004715059083765
2016-08-09,8678.25,8728.349609375,8638.2001953125,8727.7998046875,200100,-0.003799596028080332,-0.0038068328301676924,0.0059155389996651195,8633.73984375,8634.87490234375,8592.76748046875,8378.137021484376,7865.401752929687,16.4501953125,0.0018883635774181984,171660.0,172615.0,1.1592271818787474
2016-08-10,8575.2998046875,8690.099609375,8564.599609375,8686.7001953125,173600,-0.011863013316336768,-0.0119339403558223,0.006571486746837382,8639.8298828125,8630.82490234375,8595.557470703125,8386.441015625,7867.380751953125,8.4501953125,0.0009737211203295596,173780.0,171520.0,1.0121268656716418
2016-08-11,8592.150390625,8601.150390625,8540.0498046875,8572.7998046875,189200,0.00196501420606765,0.001963086091088332,0.0064791781436817145,8648.0400390625,8623.4099609375,8596.914990234374,8394.68501953125,7869.150751953125,-2.5,-0.0002915349966695543,178680.0,173285.0,1.0918429177366766
2016-08-16,8642.5498046875,8682.349609375,8600.4501953125,8670.25,224800,0.0058657509204553815,0.0058486143833095606,0.0065600152985458215,8639.919921875,8623.81494140625,8601.9724609375,8403.15701171875,7870.988251953125,78.099609375,0.0090896464591932,192060.0,173440.0,1.2961254612546125
2016-08-17,8624.0498046875,8667.099609375,8603.599609375,8639.7998046875,174100,-0.0021405719860551065,-0.0021428662849281455,0.006510591990669845,8622.4599609375,8622.56494140625,8607.73994140625,8411.22201171875,7872.800249023438,-2.75,-0.00031819313306224393,192360.0,173930.0,1.0009774047030415
2016-08-18,8673.25,8690.7001953125,8645.0498046875,8648.849609375,164300,0.0057049989769026865,0.005688787100174632,0.006598351713555364,8621.4599609375,8627.59990234375,8614.974951171875,8420.666015625,7874.907998046875,24.7998046875,0.002875656478006465,185200.0,173750.0,0.945611510791367
2016-08-19,8666.900390625,8696.599609375,8647.099609375,8694.2998046875,191900,-0.0007320911278931863,-0.0007323592374647016,0.006553969683747443,8639.780078125,8639.80498046875,8620.027490234375,8428.67501953125,7876.765249023438,21.0498046875,0.002426980046407056,188860.0,175330.0,1.0945075001425884
2016-08-22,8629.150390625,8684.849609375,8614.0,8667.0,152300,-0.0043556517669032235,-0.004365165253066113,0.006447779559836289,8647.180078125,8647.61005859375,8625.980029296876,8435.79703125,7878.608251953125,0.099609375,1.1493079475996703e-05,181480.0,175445.0,0.8680783151414974
2016-08-23,8632.599609375,8642.150390625,8580.0,8628.349609375,187500,0.0003997170745508871,0.0003996372089627608,0.006410638133169765,8645.1900390625,8642.55498046875,8630.55,8444.37703125,7880.606748046875,-0.80078125,-9.279954731928137e-05,174020.0,177660.0,1.055386693684566
2016-08-24,8650.2998046875,8661.0498046875,8620.900390625,8648.5,149600,0.0020503899304304962,0.0020482907499330422,0.005932224667650829,8650.4400390625,8636.45,8631.282470703125,8453.98203125,7883.00224609375,15.900390625,0.001841900626056163,169120.0,177640.0,0.8421526683179464
2016-08-25,8592.2001953125,8683.0498046875,8583.650390625,8668.849609375,213100,-0.006716485056797228,-0.006739142150229588,0.006012196910066618,8634.230078125,8627.84501953125,8631.3599609375,8463.614033203125,7885.404497070313,18.5498046875,0.0021444117667977322,178880.0,180555.0,1.180249785383955
2016-08-26,8572.5498046875,8622.9501953125,8547.5498046875,8614.349609375,147500,-0.0022870033493540554,-0.0022896225356679534,0.005992789428107048,8615.3599609375,8627.57001953125,8629.1974609375,8472.88802734375,7887.938247070312,22.1494140625,0.0025778512556753133,170000.0,178725.0,0.8252902503846692
2016-08-29,8607.4501953125,8622.0,8543.75,8583.75,129700,0.004071179686342186,0.00406291485846204,0.005909743645753076,8611.019921875,8629.1,8626.25498046875,8480.9050390625,7890.721499023438,11.2001953125,0.0013065185467194013,165480.0,173535.0,0.7473996600109488
2016-08-30,8744.349609375,8750.599609375,8642.25,8646.75,150200,0.015904758198549196,0.015779602831678955,0.006883889162266407,8633.369921875,8639.27998046875,8631.5474609375,8492.97703125,7894.13974609375,39.2998046875,0.004565789379635579,158020.0,173195.0,0.8672305782499494
2016-08-31,8786.2001953125,8819.2001953125,8754.0498046875,8754.0498046875,362200,0.00478601471887985,0.0047745981624819625,0.0069420127347779165,8660.55,8655.49501953125,8639.02998046875,8505.29703125,7897.86974609375,9.7001953125,0.0011093100968996273,200540.0,181885.0,1.9913681721967178
2016-09-01,8774.650390625,8813.25,8759.9501953125,8793.599609375,238900,-0.0013145392127147382,-0.0013154039773133465,0.006937301583526092,8697.0400390625,8665.63505859375,8646.61748046875,8516.0200390625,7901.965747070312,7.3994140625,0.0008421631533558318,205700.0,185360.0,1.2888433318946915
2016-09-02,8809.650390625,8824.099609375,8768.2001953125,8796.349609375,191500,0.0039887629069979,0.00398082888319566,0.006555511795185494,8744.46015625,8679.91005859375,8659.85751953125,8527.8150390625,7906.2425,21.69921875,0.002472943967452407,214500.0,186785.0,1.0252429263591831
2016-09-06,8943.0,8950.849609375,8848.4501953125,8852.7001953125,195600,0.015136765190694401,0.015023347446829987,0.007218935649444655,8811.5701171875,8711.29501953125,8679.4525390625,8542.60103515625,7911.381499023438,43.0498046875,0.004886664371302689,227680.0,188330.0,1.0386024531407636
2016-09-07,8917.9501953125,8968.7001953125,8913.349609375,8968.7001953125,290100,-0.002801051625573092,-0.0028049819116828943,0.006591951625656209,8846.290234375,8739.830078125,8691.192529296875,8555.55103515625,7917.054499511719,25.7001953125,0.002873777849994409,255660.0,194940.0,1.4881502000615574
2016-09-08,8952.5,8960.349609375,8896.0,8915.5,217200,0.0038741867728371293,0.0038667014380895045,0.006602897401447373,8879.5501953125,8770.05009765625,8703.250048828126,8572.829033203125,7923.005749511719,-2.4501953125,-0.0002747487100553538,226660.0,197170.0,1.1015874625957296
2016-09-09,8866.7001953125,8939.150390625,8858.7001953125,8934.2998046875,175900,-0.009583893290980194,-0.009630114351834806,0.006959099376564667,8897.96015625,8797.50009765625,8712.67255859375,8588.269033203125,7928.30625,-18.2001953125,-0.0020329735060039093,214060.0,195960.0,0.8976321698305777
2016-09-12,8715.599609375,8746.9501953125,8699.400390625,8732.9501953125,184500,-0.017041355026008564,-0.01718822993969123,0.007538868721091142,8879.15,8811.805078125,8719.687548828126,8600.0240234375,7932.696499023437,-133.75,-0.015084529425130302,212660.0,196505.0,0.9389074069362102
2016-09-14,8726.599609375,8739.849609375,8688.900390625,8710.650390625,184300,0.0012621047883116798,0.0012613090035687876,0.007534979262064618,8835.869921875,8823.72001953125,8726.410009765625,8610.476015625,7937.670498046875,-4.94921875,-0.000567857516616107,210400.0,196260.0,0.9390604300417813
2016-09-15,8742.5498046875,8751.9501953125,8704.349609375,8743.849609375,145400,0.001827767518446155,0.0018260991839711186,0.007445771012426761,8800.78984375,8823.5400390625,8731.410009765625,8619.57201171875,7942.169497070313,17.25,0.001976714960254198,181460.0,192290.0,0.7561495657600499
2016-09-16,8779.849609375,8847.650390625,8750.5,8780.849609375,265800,0.004266467508998506,0.0042573919410826295,0.007459393826041679,8766.259765625,8822.90498046875,8739.2,8628.60201171875,7946.78599609375,38.2998046875,0.0043808506148818,191180.0,196875.0,1.350095238095238
2016-09-19,8808.400390625,8824.2998046875,8774.2001953125,8788.4501953125,131700,0.003251853109136782,0.003246577269225301,0.0073965107871723,8754.5998046875,8826.27998046875,8745.95751953125,8637.356015625,7951.581748046875,8.6005859375,0.0009795823755701255,182340.0,195245.0,0.6745371200286819
2016-09-20,8775.900390625,8816.4501953125,8759.2998046875,8816.099609375,136500,-0.0036896597064991488,-0.0036964832905136196,0.007458050632743888,8766.6599609375,8822.90498046875,8751.40751953125,8646.15501953125,7956.303249511719,7.69921875,0.0008740768367199192,172740.0,192475.0,0.7091830107806208
2016-09-21,8777.150390625,8826.849609375,8757.2998046875,8790.2998046875,148800,0.0001424355273373923,0.00014242538436080372,0.0073663661548628015,8776.7701171875,8806.32001953125,8758.80751953125,8654.94001953125,7960.770002441406,14.3994140625,0.0016407905082745026,165640.0,192300.0,0.7737909516380655
2016-09-22,8867.4501953125,8893.349609375,8837.7998046875,8873.349609375,172800,0.010288054854791007,0.01023549301709891,0.007658728438131888,8801.7501953125,8801.27001953125,8770.550048828125,8665.82501953125,7965.393752441406,96.19921875,0.010960188041525614,171120.0,191565.0,0.9020436927413672
2016-09-23,8831.5498046875,8885.2001953125,8820.2998046875,8880.75,185900,-0.00404855847332275,-0.004056776073300545,0.007751110308311706,8812.090234375,8789.175,8779.612548828125,8673.0980078125,7969.875251464844,13.2998046875,0.0014998454340945187,155140.0,193380.0,0.9613196814562003
2016-09-26,8723.0498046875,8809.5498046875,8715.099609375,8807.900390625,164000,-0.012285499419638857,-0.01236159001721051,0.008135879125949113,8795.0201171875,8774.8099609375,8786.155029296875,8677.1380078125,7973.716000976562,-23.6494140625,-0.002677832836310073,161600.0,190925.0,0.8589760377111432
2016-09-27,8706.400390625,8768.5,8690.5,8748.900390625,151400,-0.0019086689214536934,-0.0019104927510736648,0.008128791257339996,8781.1201171875,8773.8900390625,8792.84755859375,8680.876015625,7977.591252441406,25.8505859375,0.002963480263933457,164580.0,191120.0,0.7921724570950188
2016-09-28,8745.150390625,8767.0498046875,8703.150390625,8711.2001953125,165500,0.004450748674702076,0.004440873383603119,0.00813725357535406,8774.7201171875,8775.7451171875,8799.732568359375,8684.4790234375,7981.9962548828125,4.7998046875,0.0005512961123024391,167920.0,192910.0,0.8579130164325333
2016-09-29,8591.25,8800.650390625,8558.25,8792.7001953125,372900,-0.0175983698107679,-0.01775506219605918,0.008316134967281874,8719.480078125,8760.61513671875,8792.077587890624,8685.476015625,7986.043005371093,47.5498046875,0.005437276955062371,207940.0,204045.0,1.8275380430787327
2016-09-30,8611.150390625,8637.150390625,8555.2001953125,8581.5,181700,0.002316355667103087,0.002313677050935853,0.00824608673153415,8675.4001953125,8743.74521484375,8783.32509765625,8687.52501953125,7990.2717578125,-9.75,-0.0011348756001745963,207100.0,195020.0,0.9316993128909855
2016-10-03,8738.099609375,8745.2001953125,8635.0,8666.150390625,137300,0.014742422671912614,0.014634809521912494,0.00896172364831139,8678.41015625,8736.71513671875,8781.49755859375,8691.716015625,7995.453754882812,55.0,0.006387067639636018,201760.0,189940.0,0.7228598504790986
2016-10-04,8769.150390625,8783.650390625,8736.099609375,8770.0,184300,0.0035534936242527237,0.0035471948830647004,0.008951614231561458,8690.96015625,8736.04013671875,8779.47255859375,8695.78203125,8001.237006835938,31.900390625,0.003650724076293942,208340.0,189580.0,0.9721489608608503
2016-10-05,8743.9501953125,8806.9501953125,8731.400390625,8806.349609375,157200,-0.0028737328235858284,-0.002877869921600413,0.008202985243238248,8690.7201171875,8732.7201171875,8769.520068359376,8700.45904296875,8006.540258789062,37.19921875,0.004242055055843182,206680.0,187660.0,0.8376851753170628
2016-10-06,8709.5498046875,8781.150390625,8684.650390625,8768.7001953125,163600,-0.003934193340149772,-0.00394195263650275,0.008219302339243473,8714.380078125,8716.930078125,8759.100048828124,8703.82603515625,8012.035756835938,24.75,0.0028305284736489123,164820.0,181335.0,0.9021975900956792
2016-10-07,8697.599609375,8723.7001953125,8663.7998046875,8721.7001953125,150400,-0.0013720795655899343,-0.0013730217286708416,0.008133810732140222,8731.669921875,8703.53505859375,8746.355029296876,8705.06501953125,8017.273505859375,12.150390625,0.0013950652901095566,158560.0,177995.0,0.8449675552684064
2016-10-10,8708.7998046875,8745.7998046875,8703.9501953125,8735.349609375,108400,0.0012877340663539627,0.0012869056479532695,0.00791936860742621,8725.8099609375,8702.11005859375,8738.460009765626,8707.4280078125,8022.313005371094,37.75,0.004340277972707538,152780.0,174620.0,0.6207765433512771
2016-10-13,8573.349609375,8681.5498046875,8541.349609375,8671.5,212300,-0.015553256286772621,-0.015675477121613476,0.007764902818575022,8686.6498046875,8688.80498046875,8731.347509765625,8706.57900390625,8026.42525390625,-37.2998046875,-0.00428300173663694,158380.0,176010.0,1.2061814669621045
2016-10-14,8583.400390625,8604.4501953125,8549.7998046875,8594.0,162800,0.0011723284023095193,0.001171641761961016,0.00776367766219684,8654.53984375,8672.62998046875,8724.187548828126,8704.921015625,8030.120505371094,20.650390625,0.0024086724052893743,159500.0,174935.0,0.9306313773687369
2016-10-17,8520.400390625,8615.400390625,8506.150390625,8612.9501953125,197400,-0.007339748483457642,-0.007366816969274471,0.007870373436778953,8616.7099609375,8665.54501953125,8713.080078125,8702.5590234375,8033.912756347656,29.5498046875,0.003442668795897605,166260.0,177535.0,1.1118934294646126
2016-10-18,8677.900390625,8685.099609375,8555.900390625,8556.0498046875,216600,0.01848504680288232,0.018316274989203487,0.008962003258226629,8612.7701171875,8672.22001953125,8707.9826171875,8703.38603515625,8038.130007324219,35.6494140625,0.004184006904385041,179500.0,175075.0,1.237184063972583
2016-10-19,8659.099609375,8698.75,8636.7001953125,8697.5,172100,-0.002166512682066579,-0.0021688629658940845,0.008922976309550893,8602.830078125,8664.32001953125,8700.517578125,8704.11001953125,8042.495004882812,19.599609375,0.0022585658388259507,192240.0,177095.0,0.9717947994014512
2016-10-20,8699.400390625,8727.0,8678.2998046875,8693.349609375,161000,0.004654153788272275,0.004643356702434108,0.008976472310285847,8628.040234375,8657.34501953125,8696.692578125,8707.20103515625,8046.662255859375,34.25,0.00395537660323463,181980.0,178320.0,0.9028712427097353
2016-10-21,8693.0498046875,8709.099609375,8652.0498046875,8708.599609375,157300,-0.0007300027188475999,-0.0007302693005771827,0.008975820490462057,8649.9701171875,8652.25498046875,8692.487548828125,8710.0400390625,8050.822255859375,9.19921875,0.0010574543459240747,180880.0,178745.0,0.8800246160731768
2016-10-24,8708.9501953125,8736.9501953125,8684.150390625,8709.849609375,157100,0.0018290923188344355,0.001827421566475664,0.008636430301500214,8687.680078125,8652.19501953125,8684.562548828126,8710.55603515625,8054.741257324219,16.7998046875,0.0019325558998225393,172820.0,177960.0,0.8827826477860193
2016-10-25,8691.2998046875,8722.650390625,8663.4501953125,8721.7001953125,189800,-0.0020266955521803798,-0.0020287520787162444,0.008609005766913792,8690.3599609375,8651.5650390625,8677.550048828125,8710.1550390625,8058.553005371094,12.75,0.0014640111280992917,167460.0,178155.0,1.0653644298504112
2016-10-26,8615.25,8657.2998046875,8596.599609375,8657.2998046875,219300,-0.008750107164233856,-0.008788614143283245,0.008393602765209292,8681.5900390625,8642.21005859375,8672.16005859375,8708.8950390625,8062.148005371094,-34.0,-0.0039119580228566845,176900.0,180920.0,1.212137961529958
2016-10-27,8615.25,8624.849609375,8550.25,8607.099609375,242800,0.0,0.0,0.008388647049338751,8664.7599609375,8646.40009765625,8667.6025390625,8709.69404296875,8065.492504882813,-8.150390625,-0.0009460422651693219,193260.0,185490.0,1.3089654428810178
2016-10-28,8638.0,8653.75,8581.75,8625.0,175500,0.0026406662604103737,0.0026371858270232084,0.008342141556116848,8653.75,8651.86005859375,8662.24501953125,8710.61103515625,8069.726005859375,9.75,0.0011317141116044223,196900.0,185990.0,0.943599118232163
2016-11-01,8626.25,8669.599609375,8614.5,8653.150390625,165000,-0.0013602685806899384,-0.001361194585834806,0.007327447527024986,8637.2099609375,8662.44501953125,8663.99501953125,8710.2850390625,8073.934006347657,15.150390625,0.001753923434244038,198480.0,175595.0,0.9396622910675133
2016-11-02,8514.0,8549.5,8504.849609375,8542.7998046875,155300,-0.013012606868569754,-0.013098012546713908,0.007878566434732146,8601.75,8646.05498046875,8659.1375,8708.08404296875,8077.799006347656,-83.4501953125,-0.00967398293725547,191580.0,174275.0,0.8911203557595754
2016-11-03,8484.9501953125,8537.650390625,8476.150390625,8499.849609375,170500,-0.003412004309079175,-0.003417838470350909,0.007025008726572327,8575.6900390625,8628.6400390625,8646.480029296876,8704.318046875,8082.382258300781,-14.150390625,-0.0016620144027484143,181820.0,175935.0,0.9691079091710006
2016-11-04,8433.75,8504.0,8400.25,8503.599609375,224800,-0.00603423639902867,-0.006052515976111644,0.0069929881938358895,8539.3900390625,8602.075,8629.710009765626,8699.6550390625,8086.5442578125,18.6494140625,0.0021979403099858905,178220.0,177960.0,1.2632052146549786
2016-11-07,8497.0498046875,8535.849609375,8481.4501953125,8535.75,172800,0.007505534867348507,0.007477508488472915,0.0072973698044800995,8511.2,8582.475,8617.364990234375,8697.01302734375,8091.2102563476565,102.0,0.012094264117385504,177680.0,178740.0,0.9667673716012085
2016-11-08,8543.5498046875,8559.400390625,8480.099609375,8540.0,195700,0.005472487636161372,0.005457567982692605,0.007427811846335654,8494.6599609375,8565.9349609375,8609.064990234376,8695.23203125,8096.376506347657,42.9501953125,0.005054718555233842,183820.0,180345.0,1.0851423660206825
2016-11-09,8432.0,8476.2001953125,8002.25,8067.5,314300,-0.013056610804363489,-0.013142597631657107,0.00790795450687818,8478.2599609375,8540.00498046875,8595.785009765625,8690.86603515625,8100.724506835937,-476.0498046875,-0.05572037567175072,215620.0,188540.0,1.667020260952583
2016-11-10,8525.75,8598.4501953125,8510.7001953125,8555.599609375,263100,0.011118358633776193,0.01105700404045472,0.00838289899256475,8486.419921875,8531.05498046875,8586.63251953125,8689.53703125,8105.6692578125,123.599609375,0.01465839769627609,234140.0,196275.0,1.3404661826518915
2016-11-11,8296.2998046875,8460.599609375,8284.9501953125,8456.650390625,266900,-0.026912611243878892,-0.027281387102400093,0.009700136244235574,8458.9298828125,8499.1599609375,8572.780029296875,8684.01203125,8109.9617578125,-69.099609375,-0.008104812992991818,242560.0,199005.0,1.3411723323534586
2016-11-15,8108.4501953125,8288.5498046875,8093.2001953125,8284.849609375,359200,-0.022642577269069153,-0.02290285685988103,0.010747554454980407,8381.2099609375,8446.20498046875,8549.03251953125,8674.03203125,8113.749008789063,-11.4501953125,-0.0013801568870534927,279840.0,208825.0,1.7201005626720938
2016-11-16,8111.60009765625,8210.0498046875,8089.39990234375,8205.650390625,269500,0.0003884715658204474,0.00038839613027746525,0.010714125920278459,8294.82001953125,8394.739990234375,8528.592504882812,8661.377041015625,8117.1315087890625,97.2001953125,0.011987518326090416,294600.0,212430.0,1.2686532034081814
2016-11-17,8079.9501953125,8151.25,8060.2998046875,8105.10009765625,191300,-0.003901807530291679,-0.003909439439923456,0.009520188363570475,8224.41005859375,8351.335009765626,8498.694995117188,8647.252041015625,8120.984760742187,-6.5,-0.0008013215545325142,270000.0,211165.0,0.905926645040608
2016-11-18,8074.10009765625,8128.9501953125,8048.2998046875,8097.5498046875,161200,-0.000724026450019899,-0.0007242886837538094,0.009536431121037324,8134.080078125,8310.25,8469.44501953125,8633.24103515625,8124.971262207031,17.599609375,0.0021781829033067843,249620.0,210620.0,0.7653594150602981
2016-11-21,7929.10009765625,8102.4501953125,7916.39990234375,8102.10009765625,218800,-0.017958657713704862,-0.01812187142597807,0.009860303087997926,8060.64013671875,8259.785009765625,8430.930004882812,8615.630029296875,8127.50451171875,28.0,0.003467878730922328,240000.0,213510.0,1.0247763570792938
2016-11-22,8002.2998046875,8019.0498046875,7938.14990234375,7989.14990234375,210200,0.009231779915716665,0.009189427494782599,0.010306448205421448,8039.41005859375,8210.310009765624,8396.392504882813,8596.816025390624,8130.335261230469,60.0498046875,0.0075733442569668186,210200.0,216155.0,0.9724503249982651
2016-11-23,8033.2998046875,8055.2001953125,7973.10009765625,8051.2001953125,181000,0.0038738863522509437,0.0038664021768522933,0.010378047895618754,8023.75,8159.285009765625,8362.609985351562,8579.123017578126,8133.313010253906,48.900390625,0.006110792124578444,192500.0,217350.0,0.8327582240625719
2016-11-24,7965.5,8024.85009765625,7952.5498046875,8011.7998046875,260500,-0.008439844937436325,-0.008475662098624583,0.010413597068437088,8000.8599609375,8112.635009765625,8326.319995117188,8559.383017578126,8136.017260742187,-21.5,-0.0026763597180145776,206340.0,220885.0,1.1793467188808655
2016-11-25,8114.2998046875,8122.25,7976.75,8007.9501953125,177900,0.018680535394827613,0.018508197132649923,0.011541745233351521,8008.89990234375,8071.489990234375,8301.272485351563,8544.335009765626,8138.771010742187,42.4501953125,0.005329256834159814,209680.0,218815.0,0.8130155610904188
2016-11-28,8126.89990234375,8146.5,8066.5,8080.64990234375,189700,0.001552826240037497,0.0015516218520139676,0.011567666545050323,8048.45986328125,8054.55,8276.85498046875,8532.561015625,8141.625759277344,-33.64990234375,-0.004146987805936256,203860.0,216160.0,0.8775906735751295
2016-11-29,8142.14990234375,8197.349609375,8128.7001953125,8131.5498046875,189700,0.0018764842908427504,0.001874725893588773,0.011549825758551542,8076.4298828125,8057.919970703125,8252.062475585937,8520.872021484374,8145.058759765625,4.64990234375,0.0005721618820983627,199760.0,216870.0,0.8747175727394292
2016-11-30,8224.5,8234.25,8139.25,8172.14990234375,248000,0.01011404833415619,0.010063243621010479,0.011909088655724383,8114.669921875,8069.2099609375,8231.974975585938,8510.511025390624,8149.372260742188,30.0,0.0036845305428931468,213160.0,221020.0,1.1220704008686997
2016-12-01,8192.900390625,8250.7998046875,8185.0498046875,8244.0,157700,-0.00384213136056899,-0.0038495313077255163,0.011649197166938931,8160.15,8080.50498046875,8215.919995117187,8498.772041015625,8153.316762695313,19.5,0.0023709648002918113,192600.0,221140.0,0.7131229085647102
2016-12-02,8086.7998046875,8159.2998046875,8070.0498046875,8153.5498046875,171500,-0.012950308300941793,-0.013034894616329137,0.011908632673861561,8154.65,8081.774951171875,8196.012475585938,8484.340029296874,8156.305261230469,-39.3505859375,-0.004803010418938844,191320.0,221190.0,0.775351507753515
2016-12-05,8128.75,8141.89990234375,8056.85009765625,8088.75,126500,0.00518749027126697,0.005174081595203409,0.011989127438620252,8155.02001953125,8101.73994140625,8180.762475585938,8471.397021484376,8160.012761230469,1.9501953125,0.0002411578571995281,178680.0,216275.0,0.5849034793665472
2016-12-06,8143.14990234375,8178.7001953125,8130.85009765625,8153.14990234375,115300,0.0017714780678148578,0.0017699108511295017,0.011823018613508946,8155.22001953125,8115.824951171875,8163.06748046875,8458.71701171875,8164.237509765625,24.39990234375,0.0030016795133015533,163800.0,213400.0,0.5402999062792877
2016-12-07,8102.0498046875,8190.4501953125,8077.5,8168.39990234375,169800,-0.005047198952388254,-0.005059979081726745,0.011703766201811776,8130.72998046875,8122.699951171875,8140.99248046875,8443.40900390625,8168.6692578125,25.25,0.003100765711402731,148160.0,212105.0,0.800546898941562
2016-12-08,8246.849609375,8256.25,8151.75,8152.10009765625,142500,0.017871996368588716,0.017714169916451,0.012276484326993868,8141.51982421875,8150.834912109375,8131.7349609375,8431.715,8175.021755371094,50.05029296875,0.006177485225997134,145120.0,203515.0,0.700194088887797
2016-12-09,8261.75,8274.9501953125,8241.9501953125,8271.7001953125,149700,0.0018067979083868924,0.0018051676124941,0.01196379949916158,8176.50986328125,8165.579931640625,8118.5349609375,8422.48900390625,8181.425754394531,24.8505859375,0.0030133429266431524,140760.0,197845.0,0.7566529353787056
2016-12-12,8170.7998046875,8230.650390625,8154.4501953125,8230.650390625,108100,-0.011008587201561393,-0.011069630108506541,0.01064148726807172,8184.91982421875,8169.969921875,8112.2599609375,8411.7769921875,8186.465002441406,-31.099609375,-0.0037642883620298364,137080.0,189905.0,0.5692319844132593
2016-12-13,8221.7998046875,8228.849609375,8155.7998046875,8196.150390625,184000,0.006241739024219095,0.006222340051564259,0.00939495914249812,8200.6498046875,8177.934912109375,8117.92744140625,8401.30998046875,8192.332751464844,25.3505859375,0.0031025831673120474,150820.0,181145.0,1.0157608545640233
2016-12-14,8182.4501953125,8229.400390625,8165.10009765625,8229.349609375,144600,-0.004786009184091999,-0.004797498800311476,0.009475940469206433,8216.7298828125,8173.729931640625,8121.469946289062,8393.133984375,8197.702751464843,7.5498046875,0.0009182666650671335,145780.0,174900.0,0.8267581475128645
2016-12-15,8153.60009765625,8225.900390625,8121.9501953125,8128.39990234375,181800,-0.003525850688682164,-0.0035320811496494836,0.009467164596411021,8198.07998046875,8169.79990234375,8125.15244140625,8383.982978515625,8202.512001953124,-54.05029296875,-0.006605636658774156,153640.0,174425.0,1.04228178300129
2016-12-16,8139.4501953125,8178.7001953125,8127.4501953125,8178.2001953125,203000,-0.001735417750965862,-0.0017369253327930302,0.009476722650012386,8173.62001953125,8175.06494140625,8128.419946289063,8372.009990234375,8207.155502929687,24.60009765625,0.00301708415443643,164300.0,176515.0,1.1500439056170864
2016-12-19,8104.35009765625,8132.5,8094.85009765625,8126.0,107400,-0.004312342580149231,-0.004321667547371758,0.008525390007646778,8160.330078125,8172.624951171875,8137.182446289063,8358.713984375,8211.504504394532,-13.4501953125,-0.0016524697602113166,164160.0,170945.0,0.6282722513089005
2016-12-20,8082.39990234375,8124.10009765625,8062.75,8110.60009765625,128000,-0.0027084460873485483,-0.0027121205636996375,0.008344186371780185,8132.45009765625,8166.549951171875,8141.187451171875,8345.482978515625,8216.368754882813,6.25,0.0007711907709672461,152960.0,166835.0,0.7672251026463273
2016-12-21,8061.2998046875,8112.5498046875,8053.25,8105.85009765625,123700,-0.0026106228238139684,-0.0026140364419853872,0.008333435136733375,8108.22001953125,8162.474951171875,8142.587451171875,8332.517978515625,8221.581752929687,23.4501953125,0.002901390131129229,148780.0,163970.0,0.754406293834238
2016-12-22,7979.10009765625,8046.4501953125,7964.9501953125,8043.85009765625,122600,-0.010196830414798908,-0.010249174221346512,0.00843798897645857,8073.32001953125,8135.7,8143.2674560546875,8318.14798828125,8226.624252929687,-17.44970703125,-0.0021646269775382017,136940.0,157075.0,0.7805188604169983
2016-12-23,7985.75,8022.60009765625,7942.0498046875,7972.5,124100,0.0008334150796909245,0.0008330679821808747,0.0072287681313019025,8042.57998046875,8108.1,8136.8399658203125,8303.6869921875,8231.404252929688,-6.60009765625,-0.0008271731868846572,121160.0,154385.0,0.8038345694206044
2016-12-26,7908.25,7970.0498046875,7893.7998046875,7965.10009765625,106900,-0.009704786651222541,-0.009752185003088458,0.007472295950773723,8003.3599609375,8081.84501953125,8125.907470703125,8290.385,8236.01025390625,-20.64990234375,-0.0025858438272861033,121060.0,150245.0,0.7115045425804519
2016-12-27,8032.85009765625,8044.64990234375,7903.7001953125,7915.0498046875,118800,0.01575571051196545,0.015632877835896817,0.008376190724312739,7993.45,8062.950048828125,8120.44248046875,8279.373994140626,8240.063005371094,6.7998046875,0.0008598368396927259,119220.0,146700.0,0.8098159509202454
2016-12-28,8034.85009765625,8100.5498046875,8028.39990234375,8047.5498046875,126700,0.00024897763255693484,0.00024894664276991384,0.007991048797902722,7988.16005859375,8048.1900390625,8110.959985351563,8269.66298828125,8243.393005371094,14.69970703125,0.0018299491279613128,119820.0,140635.0,0.9009137128026451
2016-12-29,8103.60009765625,8111.10009765625,8020.7998046875,8030.60009765625,178500,0.008556475748073389,0.008520076594398652,0.008246861521371524,8013.06005859375,8043.1900390625,8106.494970703125,8258.176982421875,8246.533005371093,-4.25,-0.0005289457735172579,131000.0,141675.0,1.2599258867125462
2016-12-30,8185.7998046875,8197.0,8114.75,8119.64990234375,127600,0.01014360358861044,0.010092502517199517,0.008028025664920835,8053.07001953125,8047.825,8111.444970703125,8248.710986328126,8250.03525390625,16.0498046875,0.0019805770884649128,131700.0,139480.0,0.9148264984227129
2017-01-02,8179.5,8212.0,8133.7998046875,8210.099609375,118300,-0.0007696016073948098,-0.0007698979027411989,0.007960615955086644,8107.32001953125,8055.339990234375,8113.982470703125,8238.312978515625,8253.506254882812,24.2998046875,0.002968531513998792,133980.0,139070.0,0.8506507514201481
2017-01-03,8192.25,8219.099609375,8148.60009765625,8196.0498046875,127300,0.0015587749862460143,0.0015575613575361691,0.007958746473977454,8139.2,8066.325,8116.437475585937,8228.296982421874,8256.808505859375,16.5498046875,0.0020233271822849806,135680.0,139670.0,0.9114340946516789
2017-01-04,8190.5,8218.5,8180.89990234375,8202.650390625,132400,-0.00021361652781592966,-0.00021363934707617968,0.00785961910010243,8170.32998046875,8079.24501953125,8120.8599853515625,8217.927978515625,8260.330256347655,10.400390625,0.0012695401904238763,136820.0,137800.0,0.9608127721335269
2017-01-05,8273.7998046875,8282.650390625,8223.7001953125,8226.650390625,159100,0.01017029542610337,0.01011892597298775,0.007121407199193872,8204.369921875,8108.714990234375,8122.207495117187,8209.577978515625,8264.148254394531,36.150390625,0.0044136976527684516,132940.0,138630.0,1.1476592368174277
2017-01-06,8243.7998046875,8306.849609375,8233.25,8281.849609375,139400,-0.0036259035398709116,-0.0036324930615801707,0.007159885119944725,8215.969921875,8134.519970703125,8121.309985351562,8202.148974609376,8267.67350341797,8.0498046875,0.0009729271770558679,135300.0,138115.0,1.0093038410020636
2017-01-09,8236.0498046875,8263.0,8227.75,8259.349609375,99100,-0.0009401004613908137,-0.0009405426329750955,0.0066899052379221485,8227.2798828125,8167.299951171875,8124.572485351562,8194.564970703124,8271.550751953126,15.5498046875,0.0018862423950006936,131460.0,137665.0,0.7198634366033487
2017-01-10,8288.599609375,8293.7998046875,8261.0,8262.7001953125,142900,0.0063804622280927425,0.006360193250249055,0.00669632891233633,8246.5498046875,8192.87490234375,8127.9124755859375,8187.576962890625,8275.5,26.650390625,0.0032358219361218635,134580.0,135610.0,1.053757097559177
2017-01-11,8380.650390625,8389.0,8322.25,8327.7998046875,186500,0.01110570972035907,0.011044494137506545,0.006982091007804842,8284.5798828125,8227.454931640625,8137.822485351562,8182.664970703125,8279.840502929688,39.2001953125,0.004729411138180902,145400.0,137705.0,1.3543444319378382
2017-01-12,8407.2001953125,8417.2001953125,8382.2998046875,8391.0498046875,172600,0.003167988574872327,0.0031629810720875113,0.006902580973172813,8311.2599609375,8257.81494140625,8150.502490234375,8180.528974609375,8283.854753417969,10.3994140625,0.0012408838906027254,148100.0,137245.0,1.2576050129330758
2017-01-13,8400.349609375,8461.0498046875,8373.150390625,8457.650390625,185300,-0.0008148474852923693,-0.0008151796539613075,0.0068825235144859154,8342.569921875,8279.269921875,8163.5474609375,8178.836962890625,8287.335251464843,50.4501953125,0.006000831922692754,157280.0,136360.0,1.358902904077442
2017-01-16,8412.7998046875,8426.7001953125,8374.400390625,8390.9501953125,124100,0.0014821044232022906,0.0014810071904502009,0.006740992832615055,8377.919921875,8302.59990234375,8178.969946289062,8178.417958984375,8290.824750976562,-9.3994140625,-0.0011189312944796987,162280.0,137195.0,0.904551915157258
2017-01-17,8398.0,8440.900390625,8378.2998046875,8415.0498046875,122000,-0.0017592008642893786,-0.001760750075312027,0.0067101762045208785,8399.8,8323.17490234375,8194.749951171874,8176.436962890625,8294.232250976562,2.25,0.0002674496068177362,158100.0,136895.0,0.8911939807881953
2017-01-18,8417.0,8460.2998046875,8397.400390625,8403.849609375,163800,0.002262443438914019,0.002259887967437504,0.0066242254057644855,8407.069921875,8345.82490234375,8212.5349609375,8173.905966796875,8298.241750488281,5.849609375,0.0006965479131936176,153560.0,138900.0,1.1792656587473003
2017-01-19,8435.099609375,8445.150390625,8404.0498046875,8418.400390625,165900,0.0021503634757038537,0.0021480547533008396,0.005950977164493462,8412.6498046875,8361.9548828125,8235.334936523437,8173.967958984375,8302.432248535157,1.400390625,0.00016637645538790543,152220.0,141065.0,1.1760535923155992
2017-01-20,8349.349609375,8423.650390625,8340.9501953125,8404.349609375,202600,-0.010165855054597661,-0.010217880246458876,0.006613591643971376,8402.4498046875,8372.50986328125,8253.514916992188,8170.439951171875,8305.50299560547,-30.75,-0.003645481550191015,155680.0,144990.0,1.3973377474308573
2017-01-23,8391.5,8404.150390625,8327.2001953125,8329.599609375,195000,0.005048344194100052,0.005035644029815811,0.006004820822673808,8398.18984375,8388.0548828125,8277.677416992188,8172.343955078125,8308.76849609375,-19.75,-0.0023654537088522287,169860.0,149395.0,1.305264567087252
2017-01-24,8475.7998046875,8480.9501953125,8398.150390625,8407.0498046875,179200,0.010045856484240057,0.009995732282151228,0.005478465831645946,8413.7498046875,8406.77490234375,8299.82490234375,8179.690947265625,8312.58224609375,15.5498046875,0.0018530423270571412,181300.0,152415.0,1.1757372961978807
2017-01-25,8602.75,8612.599609375,8493.9501953125,8499.4501953125,292500,0.014977960574563243,0.014866898538362306,0.006087538137441918,8450.8998046875,8428.98486328125,8328.219897460938,8189.5139453125,8316.801997070312,23.650390625,0.0027903432324959195,207040.0,160705.0,1.8201051616315609
2017-01-27,8641.25,8672.7001953125,8606.900390625,8610.5,275400,0.00447531312661642,0.004465328690727306,0.005974283635439892,8492.1298828125,8452.38984375,8355.102392578125,8200.73994140625,8321.99224609375,7.75,0.0009008747202929295,228940.0,165550.0,1.6635457565690124
2017-01-30,8632.75,8662.599609375,8617.75,8635.5498046875,304700,-0.0009836539852451365,-0.0009841380903137704,0.0058128918877964845,8548.8099609375,8475.6298828125,8377.44990234375,8211.912939453125,8327.084245605469,-5.7001953125,-0.0006596493924490092,249360.0,174405.0,1.7470829391359193
2017-01-31,8561.2998046875,8631.75,8552.400390625,8629.4501953125,521000,-0.008276643631809133,-0.008311085218864388,0.006271487815356044,8582.769921875,8490.4798828125,8396.539892578125,8224.55693359375,8332.158493652343,-3.2998046875,-0.00038224258637166604,314560.0,194540.0,2.6781124704430965
2017-02-01,8716.400390625,8722.400390625,8537.5,8570.349609375,327700,0.01811647640847469,0.017954328487415367,0.007193298929964541,8630.8900390625,8522.319921875,8422.747412109375,8238.8389453125,8337.964494628906,9.0498046875,0.001057059663130245,344260.0,204560.0,1.6019749706687525
2017-02-02,8734.25,8757.599609375,8685.7998046875,8724.75,283500,0.002047818890261066,0.002045724967320079,0.007155646609738959,8657.1900390625,8554.044921875,8449.934912109375,8252.85794921875,8343.278745117188,8.349609375,0.000957919439311266,342460.0,212115.0,1.3365391415034298
2017-02-03,8740.9501953125,8748.25,8707.75,8735.150390625,191000,0.0007671174184962215,0.0007668233343177947,0.006983395765989837,8677.130078125,8584.62998046875,8473.292431640624,8268.366953125,8348.438745117188,0.900390625,0.00010308734293156253,325580.0,213710.0,0.8937345000233962
2017-02-06,8801.0498046875,8814.099609375,8770.2001953125,8785.4501953125,194400,0.006875638006406781,0.006852108598963618,0.0068708316493425355,8710.7900390625,8629.8,8501.154931640625,8282.101953125,8353.191743164063,44.5,0.005090979699651414,303520.0,216460.0,0.8980874064492285
2017-02-07,8768.2998046875,8809.2998046875,8741.0498046875,8805.7001953125,226300,-0.0037211469911869743,-0.003728087682222944,0.0069882584155979135,8752.1900390625,8667.47998046875,8527.767431640625,8294.929951171875,8357.459741210938,4.650390625,0.0005283904452538343,244580.0,222820.0,1.0156179876133202
2017-02-08,8769.0498046875,8791.25,8715.0,8774.5498046875,218700,8.55353964515082e-05,8.553173850807276e-05,0.00697728583284259,8762.719921875,8696.80498046875,8551.78994140625,8307.46794921875,8361.731240234374,6.25,0.0007127949704295893,222780.0,226610.0,0.9650942147301531
2017-02-09,8778.400390625,8821.400390625,8724.099609375,8795.5498046875,187500,0.0010663168924529565,0.0010657487804178315,0.006707576331222727,8771.55,8714.37001953125,8571.67744140625,8318.54595703125,8366.062993164063,26.5,0.0030219921873216424,203580.0,226660.0,0.8272302126533133
2017-02-10,8793.5498046875,8822.099609375,8771.2001953125,8812.349609375,225900,0.0017257602055471555,0.0017242727924366554,0.0067059857839428414,8782.069921875,8729.6,8590.994921875,8330.5589453125,8370.534243164062,33.94921875,0.0038673582018720043,210560.0,229325.0,0.9850648642755914
2017-02-13,8805.0498046875,8826.900390625,8754.2001953125,8819.7998046875,204900,0.001307776751758416,0.0013069223565665177,0.006671296584118085,8782.869921875,8746.82998046875,8611.229931640624,8344.9239453125,8375.284243164062,26.25,0.002985142585535496,212660.0,230305.0,0.8896897592323224
2017-02-14,8792.2998046875,8820.4501953125,8772.5,8819.900390625,188300,-0.0014480326951941125,-0.0014490821077153884,0.006723936406260072,8787.669921875,8769.92998046875,8630.204931640625,8358.19494140625,8379.432492675782,14.8505859375,0.0016865987435521453,205060.0,233515.0,0.8063721816585658
2017-02-15,8724.7001953125,8807.900390625,8712.849609375,8778.9501953125,216100,-0.007688501401983627,-0.007718210304816345,0.007032702321937804,8778.8,8770.7599609375,8646.53994140625,8369.825947265625,8383.156494140625,-13.349609375,-0.0015183296374724198,204540.0,238220.0,0.9071446562001512
2017-02-16,8778.0,8783.9501953125,8719.599609375,8739.0,184600,0.006109070053333943,0.006090485336691579,0.007094500908358301,8778.719921875,8775.1349609375,8664.58994140625,8383.344951171875,8387.810244140624,14.2998046875,0.0016390024146827216,203960.0,239260.0,0.7715455989300343
2017-02-17,8821.7001953125,8896.4501953125,8804.25,8883.7001953125,298300,0.004978377228582742,0.004966026084143879,0.007123141557940024,8784.35,8783.2099609375,8683.919970703126,8394.841962890625,8392.66974609375,105.7001953125,0.012041489554853041,218440.0,245880.0,1.2131934276883032
2017-02-20,8879.2001953125,8886.25,8809.7998046875,8818.5498046875,167800,0.0065180179247708026,0.006496867502078924,0.006543842301565818,8799.180078125,8791.025,8710.4125,8407.190966796876,8398.036247558593,-3.150390625,-0.0003571183054570356,211020.0,244140.0,0.6873105595150324
2017-02-21,8907.849609375,8920.7998046875,8860.9501953125,8890.75,175700,0.003226575978951818,0.0032213817527225,0.006527974601245563,8822.2900390625,8804.97998046875,8736.22998046875,8421.931962890625,8403.84049560547,11.5498046875,0.0013007708389768443,208500.0,243175.0,0.722524930605531
2017-02-22,8926.900390625,8960.75,8905.25,8931.599609375,247100,0.0021386509747480797,0.0021363673161383717,0.006315431506050917,8862.730078125,8820.7650390625,8758.785009765625,8436.033974609374,8409.942248535157,23.75,0.002666187805304267,214700.0,246570.0,1.0021494910167499
2017-02-23,8939.5,8982.150390625,8927.5498046875,8956.400390625,377200,0.0014114204061503877,0.0014104252886116898,0.005606434049434088,8895.030078125,8836.875,8775.622509765624,8451.174970703125,8415.962248535156,29.5,0.003304618480002398,253220.0,250805.0,1.50395725763043
2017-02-27,8896.7001953125,8951.7998046875,8888.650390625,8943.7001953125,189900,-0.004787717958219084,-0.00479921579345047,0.005766012249521121,8910.030078125,8847.1900390625,8788.39501953125,8466.03697265625,8421.778498535155,4.2001953125,0.00046984678253817326,231540.0,246530.0,0.7702916480752849
2017-02-28,8879.599609375,8914.75,8867.599609375,8898.9501953125,293600,-0.0019221268068030373,-0.0019239764630964217,0.005790825683058028,8910.1099609375,8854.64501953125,8800.7375,8480.8399609375,8426.846247558593,2.25,0.0002529027561460913,256700.0,245975.0,1.1936172375241387
2017-03-01,8945.7998046875,8960.7998046875,8898.599609375,8904.400390625,205900,0.007455313102474381,0.007427659614302356,0.00546259936715995,8917.7,8869.99501953125,8819.9625,8497.668955078125,8432.136247558594,24.80078125,0.002793006705371666,262740.0,230220.0,0.8943619146902962
2017-03-02,8899.75,8992.5,8879.7998046875,8982.849609375,218800,-0.0051476453411544165,-0.005160940111567701,0.004237444974370337,8912.269921875,8887.5,8829.12998046875,8514.01595703125,8437.390747070312,37.0498046875,0.004141586610074408,257080.0,224775.0,0.9734178623067512
2017-03-03,8897.5498046875,8907.099609375,8860.099609375,8883.5,202600,-0.0002472199008398679,-0.0002472504647169898,0.00424007339880962,8903.8798828125,8899.45498046875,8837.294970703126,8530.74095703125,8442.376496582032,-16.25,-0.0018258939857861175,222160.0,220730.0,0.9178634530874824
2017-03-06,8963.4501953125,8967.7998046875,8914.0,8915.099609375,174800,0.00740657732427441,0.00737928331770254,0.0044793862501500544,8917.2298828125,8913.62998046875,8848.419970703126,8550.427958984375,8448.119248046874,17.5498046875,0.0019724311830493185,219140.0,219920.0,0.79483448526737
2017-03-07,8946.900390625,8977.849609375,8932.7998046875,8977.75,173400,-0.0018463654426456033,-0.0018480720763560477,0.004326588428329348,8930.6900390625,8920.4,8855.7125,8569.650966796875,8453.55,14.2998046875,0.001595346030368773,195100.0,218870.0,0.7922511079636314
2017-03-08,8924.2998046875,8957.0498046875,8891.9501953125,8950.7001953125,177800,-0.0025260799775062015,-0.0025292759007722594,0.004268269954294746,8926.3900390625,8922.04501953125,8863.5125,8589.971962890624,8458.717749023437,3.7998046875,0.00042470626938929837,189480.0,216445.0,0.8214557970847097
2017-03-09,8927.0,8945.7998046875,8899.5,8914.5,171500,0.0003025666294942386,0.0003025208654424808,0.004266390427963929,8931.8400390625,8922.05498046875,8871.410009765625,8607.8549609375,8464.001999511718,-9.7998046875,-0.0010981034817266718,180020.0,214085.0,0.8010836817152066
2017-03-10,8934.5498046875,8975.7001953125,8903.9501953125,8953.7001953125,152700,0.0008457269729471584,0.0008453695473995277,0.004266227420885818,8939.2400390625,8921.5599609375,8879.21748046875,8625.848955078125,8469.757749023438,26.7001953125,0.002990948281897614,170040.0,212345.0,0.7191127646047706
2017-03-14,9087.0,9122.75,9060.5,9091.650390625,270300,0.017062996865551794,0.016919058968585234,0.005595582831301504,8963.95,8940.58994140625,8893.889990234375,8645.516953125,8476.444248046875,157.1005859375,0.017583492103326503,189140.0,214565.0,1.259758115256449
2017-03-15,9084.7998046875,9106.5498046875,9075.5,9086.849609375,240600,-0.0002421255983823256,-0.00024215491551740303,0.005611390963824257,8991.5298828125,8961.1099609375,8907.877490234376,8663.496953125,8483.212998046874,-0.150390625,-1.6550085286673268e-05,202580.0,216350.0,1.1120868962329558
2017-03-16,9153.7001953125,9158.4501953125,9128.5498046875,9129.650390625,208600,0.0075841396735512046,0.0075555246752815495,0.00571732656485117,9037.4099609375,8981.9,8925.947509765625,8682.98095703125,8490.237248535157,44.8505859375,0.0049368821439915896,208740.0,217365.0,0.959676120810618
2017-03-17,9160.0498046875,9218.400390625,9147.599609375,9207.7998046875,286700,0.0006936658662091144,0.000693425391241901,0.00525590189963331,9084.019921875,9007.92998046875,8947.714990234375,8702.336953125,8496.362998046876,54.099609375,0.005910135597701109,231780.0,220895.0,1.2979017180108197
2017-03-20,9126.849609375,9167.599609375,9116.2998046875,9166.9501953125,332100,-0.0036244557639315556,-0.0036310400180971465,0.005349137576754612,9122.4798828125,9030.8599609375,8965.157470703125,8721.0639453125,8501.648996582031,6.900390625,0.0007533136579092444,267660.0,228270.0,1.454856091470627
2017-03-21,9121.5,9147.75,9087.2001953125,9133.9501953125,247700,-0.0005861397529225432,-0.0005863115999817308,0.005328774403770041,9129.3798828125,9046.66494140625,8980.1474609375,8738.01794921875,8506.473247070313,7.1005859375,0.000777988708196348,263140.0,225740.0,1.097280056702401
2017-03-22,9030.4501953125,9072.900390625,9019.2998046875,9047.2001953125,232300,-0.009981889457600146,-0.010032042543653485,0.005797879945326954,9118.5099609375,9055.019921875,8987.7099609375,8753.75095703125,8510.732998046875,-74.2998046875,-0.008145568677026805,261480.0,228965.0,1.0145655449522852
2017-03-23,9086.2998046875,9099.0498046875,9048.599609375,9048.75,191800,0.006184587497530369,0.006165541424006181,0.005898265535346732,9105.0298828125,9071.219921875,8996.632470703125,8770.75595703125,8515.363996582031,18.2998046875,0.002026455413817465,258120.0,229770.0,0.8347477912695304
2017-03-24,9108.0,9133.5498046875,9089.400390625,9104.0,203700,0.002388232369495924,0.0023853850750034113,0.005901045398042309,9094.619921875,9089.319921875,9005.687451171874,8787.14396484375,8520.004245605469,17.7001953125,0.0019480091668743647,241520.0,227600.0,0.8949912126537786
2017-03-27,9045.2001953125,9094.849609375,9024.650390625,9093.4501953125,202700,-0.006895015885759803,-0.006918896341847197,0.006158811867802171,9078.2900390625,9100.3849609375,9010.9724609375,8800.4349609375,8524.13549560547,-14.5498046875,-0.0015974752621321915,215640.0,218875.0,0.92609937178755
2017-03-28,9100.7998046875,9110.400390625,9079.7998046875,9081.5,183300,0.006146863328001739,0.006128048426003716,0.006140128072232515,9074.15,9101.76494140625,9021.17744140625,8814.306953125,8528.535495605469,36.2998046875,0.004013156580692561,202760.0,218545.0,0.838728865908623
2017-03-29,9143.7998046875,9153.150390625,9109.099609375,9128.7001953125,243400,0.004724859454424246,0.004713732341589461,0.006144833155071657,9096.819921875,9107.66494140625,9034.387451171875,8829.17595703125,8533.249245605468,27.900390625,0.0030657075448060614,204980.0,216035.0,1.1266692896984285
2017-03-30,9173.75,9183.150390625,9136.349609375,9142.599609375,323400,0.003275464899958447,0.0032701122498964663,0.0060004714573470164,9114.3099609375,9109.669921875,9045.7849609375,8844.3949609375,8537.785744628905,-1.2001953125,-0.00013125782914502667,231300.0,221910.0,1.4573475733405434
2017-03-31,9173.75,9191.7001953125,9152.099609375,9158.900390625,190900,0.0,0.0,0.005818067083024441,9127.4599609375,9111.03994140625,9059.4849609375,8859.9099609375,8542.289245605469,-14.849609375,-0.0016187065676522686,228740.0,220515.0,0.865700745980999
2017-04-03,9237.849609375,9245.349609375,9192.400390625,9220.599609375,139100,0.006987285393105225,0.006962987433382358,0.005925443389056928,9165.98984375,9122.13994140625,9076.499951171874,8876.326953125,8547.460495605468,46.849609375,0.00510692022073852,216020.0,217340.0,0.640011042606055
2017-04-05,9265.150390625,9273.900390625,9215.400390625,9264.400390625,184800,0.002955317785461098,0.0029509594186491106,0.005789569611905297,9198.8599609375,9136.50498046875,9091.5849609375,8892.92796875,8552.935998535157,26.55078125,0.0028741300597765773,216320.0,217840.0,0.8483290488431876
2017-04-06,9261.9501953125,9267.9501953125,9218.849609375,9245.7998046875,186100,-0.00034540133484917135,-0.00034546099962948787,0.005751156091872678,9222.4900390625,9159.65498046875,9107.337451171876,8911.17998046875,8558.692749023438,-19.3505859375,-0.002088534467511721,204860.0,218475.0,0.8518137086623183
2017-04-07,9198.2998046875,9250.5,9188.099609375,9223.7001953125,190000,-0.006872244968150865,-0.006895967591191596,0.005997948999336094,9227.4,9170.85498046875,9121.037451171875,8927.3159765625,8564.139997558594,-38.25,-0.00412979979306717,178180.0,219085.0,0.8672433073921081
2017-04-10,9181.4501953125,9225.650390625,9174.849609375,9225.599609375,135800,-0.0018318178068531532,-0.001833497636833679,0.006039784087270079,9228.9400390625,9178.2,9133.7599609375,8941.428984375,8569.01425048828,27.2998046875,0.002967918557469488,167160.0,217300.0,0.6249424758398527
2017-04-11,9237.0,9242.7001953125,9172.849609375,9184.5498046875,200100,0.006050221207523521,0.006031992108960761,0.0061250959531196645,9228.7701171875,9197.37998046875,9148.882470703125,8954.113984375,8574.495500488281,3.099609375,0.00033759474909339217,179360.0,219670.0,0.9109118222788729
2017-04-12,9203.4501953125,9246.400390625,9161.7998046875,9242.5,161800,-0.003632110499891761,-0.0036387226287440087,0.005042665488529407,9216.430078125,9207.64501953125,9154.70498046875,8965.35798828125,8579.661750488282,5.5,0.0005954314171267728,174760.0,214245.0,0.75521015659642
2017-04-13,9150.7998046875,9202.650390625,9144.9501953125,9202.5,166500,-0.005720723153564311,-0.005737149166000338,0.005238617923637757,9194.2,9208.34501953125,9158.00498046875,8975.718984375,8584.223249511719,-0.9501953125,-0.00010324338072519296,170840.0,210540.0,0.7908235964662297
2017-04-17,9139.2998046875,9160.0,9120.25,9144.75,0,-0.0012567207506942735,-0.0012575110864404995,0.00496409612267433,9182.4,9204.9,9157.2849609375,8987.278984375,8588.82024658203,-6.0498046875,-0.0006611230511677226,132840.0,200110.0,0.0
2017-04-18,9105.150390625,9217.900390625,9095.4501953125,9163.0,174200,-0.003736545992832463,-0.003743544319295666,0.005026814219806226,9167.1400390625,9198.0400390625,9154.539990234374,8995.053984375,8593.327497558594,23.7001953125,0.0025932178415182627,140520.0,194485.0,0.895698897087179
2017-04-19,9103.5,9120.5,9075.150390625,9112.2001953125,173700,-0.00018125901870869043,-0.00018127544810997014,0.004965134029893883,9140.4400390625,9184.605078125,9153.372509765624,9002.438984375,8597.492746582031,7.0498046875,0.0007742655953007365,135240.0,186565.0,0.9310428000964811
2017-04-20,9136.400390625,9143.900390625,9102.650390625,9108.099609375,170300,0.003614037526775471,0.00360752258526342,0.005032586404201015,9127.030078125,9171.730078125,9154.117529296875,9010.34798828125,8602.731748046876,4.599609375,0.0005052572499588071,136940.0,182695.0,0.9321546840362352
2017-04-21,9119.400390625,9183.650390625,9088.75,9179.099609375,155200,-0.0018606890321317682,-0.0018624222643066866,0.004473411091595948,9120.7501953125,9157.47509765625,9158.5650390625,9016.715,8607.855249023438,42.69921875,0.004673527529924621,134680.0,178840.0,0.8678148065309774
2017-04-24,9217.9501953125,9225.400390625,9130.5498046875,9135.349609375,167700,0.010806610135114969,0.010748636018943606,0.004883176638024522,9136.4802734375,9159.44013671875,9165.14755859375,9025.7080078125,8613.30574951172,15.94921875,0.0017489328318555071,168220.0,177635.0,0.9440707067863878
2017-04-25,9306.599609375,9309.2001953125,9250.349609375,9273.0498046875,168700,0.00961704198701141,0.009571092601938416,0.005264918826647071,9176.7701171875,9171.955078125,9175.0775390625,9036.45900390625,8618.818747558595,55.099609375,0.005977425371968183,167120.0,175885.0,0.9591494442391335
2017-04-26,9351.849609375,9367.0,9301.349609375,9336.2001953125,185700,0.004862141050359314,0.00485035901773151,0.004974524342732428,9226.4400390625,9183.4400390625,9190.410009765625,9047.92798828125,8624.13924560547,29.6005859375,0.0031806016353902082,169520.0,175035.0,1.0609306710086555
2017-04-27,9342.150390625,9367.150390625,9322.650390625,9359.150390625,209400,-0.001037144431864756,-0.001037682638315093,0.004893729273344037,9267.5900390625,9197.31005859375,9202.4775390625,9058.9,8629.20824951172,7.30078125,0.0007806777862083182,177340.0,176340.0,1.1874787342633548
2017-04-28,9304.0498046875,9342.650390625,9282.25,9340.9501953125,162200,-0.004078352878555069,-0.004086692040742791,0.004966803409081979,9304.519921875,9212.63505859375,9210.4900390625,9068.88,8633.874997558594,-1.2001953125,-0.00012847099033049344,178740.0,172280.0,0.9414905967030416
2017-05-02,9313.7998046875,9352.5498046875,9269.900390625,9339.849609375,161600,0.0010479307618374012,0.0010473820656935206,0.004935152133591195,9323.68984375,9230.08505859375,9217.492529296875,9079.31,8638.76424560547,35.7998046875,0.0038477658051081797,177520.0,164190.0,0.9842255923016018
2017-05-03,9311.9501953125,9346.2998046875,9298.400390625,9344.7001953125,151600,-0.00019858805361794296,-0.00019860777483643832,0.004936981014871076,9324.7599609375,9250.7650390625,9224.4025390625,9091.055,8643.634494628906,30.900390625,0.003317699679291827,174100.0,162225.0,0.9345045461550316
2017-05-04,9359.900390625,9365.650390625,9323.25,9360.9501953125,269600,0.005149318274558334,0.005136105872378302,0.00483091987912191,9326.3701171875,9276.405078125,9230.505078125,9102.6930078125,8648.817995605468,49.0,0.005262055635205811,190880.0,168750.0,1.5976296296296297
2017-05-05,9285.2998046875,9377.099609375,9272.0,9374.5498046875,231900,-0.007970232889681239,-0.008002164979810267,0.00516479480590746,9315.0,9291.29501953125,9231.512548828125,9111.965,8652.904992675782,14.6494140625,0.001565124996113532,195380.0,171105.0,1.3553081441220303
2017-05-08,9314.0498046875,9338.7001953125,9297.9501953125,9311.4501953125,174300,0.0030962920535411165,0.0030915084131222883,0.005205602698477541,9317.0,9310.7599609375,9234.117529296875,9120.6619921875,8656.869992675782,26.150390625,0.002816321623971527,197800.0,170515.0,1.0221974606339619
2017-05-09,9316.849609375,9338.9501953125,9307.7001953125,9337.349609375,132300,0.0003006001413146109,0.0003005549701442118,0.004925494302267853,9317.6099609375,9320.64990234375,9240.04501953125,9128.8419921875,8660.856740722656,23.2998046875,0.0025015761324116885,191940.0,167630.0,0.7892382031855874
2017-05-10,9407.2998046875,9414.75,9336.0,9339.650390625,152700,0.009708238203339103,0.009661416055306064,0.005282228562858045,9336.6798828125,9330.719921875,9251.3375,9138.44998046875,8665.068239746093,22.80078125,0.002447262991886969,192160.0,168475.0,0.9063659296631548
2017-05-11,9422.400390625,9450.650390625,9411.2998046875,9448.599609375,171100,0.0016051987553300506,0.0016039118008357616,0.005160815430720824,9349.1798828125,9337.775,9260.60751953125,9148.10798828125,8669.473239746094,41.2998046875,0.004390186934078682,172460.0,167025.0,1.024397545277653
2017-05-12,9400.900390625,9437.75,9372.5498046875,9436.650390625,154300,-0.002281796475279485,-0.0022844037397764944,0.005105469927219261,9372.3,9343.65,9270.480029296876,9158.1919921875,8673.934240722656,14.25,0.0015123534778015073,156940.0,166650.0,0.9258925892589259
2017-05-15,9445.400390625,9449.25,9423.099609375,9433.5498046875,140800,0.004733589140501593,0.004722420937348687,0.0049043736575906174,9398.5701171875,9357.78505859375,9285.21005859375,9169.5080078125,8678.518493652344,32.6494140625,0.00347300925505598,150240.0,165365.0,0.8514498231185559
2017-05-16,9512.25,9517.2001953125,9456.349609375,9461.0,166500,0.007077477566896029,0.007052549770711115,0.005002230996602137,9437.6501953125,9377.630078125,9303.857568359375,9180.83701171875,8683.250495605469,15.599609375,0.0016515561786542515,157080.0,173690.0,0.9586044101560252
2017-05-17,9525.75,9532.599609375,9486.099609375,9517.599609375,205500,0.0014192225814082526,0.0014182164368899746,0.004819822171485175,9461.340234375,9399.01005859375,9324.887548828125,9193.35701171875,8688.328747558593,5.349609375,0.0005623915871639202,167640.0,175255.0,1.1725771019371773
2017-05-18,9429.4501953125,9489.099609375,9418.099609375,9453.2001953125,193300,-0.010109419697924005,-0.01016086690923151,0.0055427781110884075,9462.7501953125,9405.9650390625,9341.18505859375,9203.99501953125,8692.769997558593,-72.5498046875,-0.007616177695981944,172080.0,176235.0,1.0968309359661814
2017-05-19,9427.900390625,9505.75,9390.75,9469.900390625,252100,-0.00016435790585866972,-0.00016437141409942322,0.0055411911518878495,9468.1501953125,9420.22509765625,9355.76005859375,9213.2840234375,8696.731247558593,40.4501953125,0.004289772412458185,191640.0,180325.0,1.3980313323166504
2017-05-22,9438.25,9498.650390625,9427.900390625,9480.25,196800,0.001097763971423804,0.0010971618691591547,0.0054835225145681175,9466.7201171875,9432.6451171875,9371.7025390625,9223.111015625,8700.969245605469,52.349609375,0.0055526264816136445,202840.0,182405.0,1.0789177928236617
2017-05-23,9386.150390625,9448.0498046875,9370.0,9445.0498046875,224400,-0.00552004973114717,-0.005535341505865151,0.005273043950748571,9441.5001953125,9439.5751953125,9380.112548828125,9232.34802734375,8704.820998535157,6.7998046875,0.0007204518515084894,214420.0,185240.0,1.2114014251781473
2017-05-24,9360.5498046875,9431.900390625,9341.650390625,9410.900390625,211800,-0.0027274851639997877,-0.002731211528938736,0.004911240549325439,9408.46015625,9434.9001953125,9382.81005859375,9241.0190234375,8708.292248535156,24.75,0.002636863780141494,215680.0,187395.0,1.130232930441047
2017-05-25,9509.75,9523.2998046875,9379.2001953125,9384.0498046875,289200,0.015939255537936958,0.01581355951256376,0.005964420785861531,9424.5201171875,9443.63515625,9390.705078125,9252.52302734375,8712.648498535156,23.5,0.0025105362922412805,234860.0,192570.0,1.5017915563171833
2017-05-26,9595.099609375,9604.900390625,9495.400390625,9507.75,218800,0.008974958266515953,0.008934922695320598,0.00621232199998823,9457.9599609375,9463.055078125,9403.3525390625,9262.68501953125,8717.441247558594,-2.0,-0.00021031047083256658,228200.0,193040.0,1.1334438458350602
2017-05-29,9604.900390625,9637.75,9547.7001953125,9560.0498046875,235000,0.00102143611312,0.001020914802213731,0.006080840143269145,9491.2900390625,9479.005078125,9418.395068359376,9273.08703125,8722.351247558594,-35.0498046875,-0.0036528859641284175,235840.0,196680.0,1.1948342485255237
2017-05-30,9624.5498046875,9635.2998046875,9581.2001953125,9590.650390625,193900,0.0020457696866569286,0.0020436799494468433,0.006080079527232766,9538.969921875,9490.23505859375,9433.932568359374,9282.5040234375,8727.749748535156,-14.25,-0.0014836176764424247,229740.0,198295.0,0.9778360523462518
2017-05-31,9621.25,9649.599609375,9609.25,9636.5498046875,414300,-0.0003428528870922376,-0.0003429116745806887,0.006082485481740914,9591.1099609375,9499.78505859375,9449.39755859375,9291.72802734375,8733.10050048828,12.0,0.001246811564542538,270240.0,211430.0,1.9595137870690063
2017-06-01,9616.099609375,9634.650390625,9589.900390625,9603.5498046875,176100,-0.0005353140834091219,-0.0005354574151470177,0.006043180873404808,9612.3798828125,9518.45,9462.20751953125,9301.51302734375,8737.765246582032,-17.7001953125,-0.0018396980966610367,247620.0,206755.0,0.8517327271408188
2017-06-02,9653.5,9673.5,9637.4501953125,9657.150390625,162200,0.00388935141525959,0.003881807442491232,0.005647509760467967,9624.0599609375,9541.0099609375,9480.617529296875,9312.15302734375,8742.475998535156,41.05078125,0.004268963812519003,236300.0,203270.0,0.7979534609140552
2017-06-05,9675.099609375,9687.2001953125,9640.7001953125,9656.2998046875,127700,0.002237489964779682,0.00223499051174814,0.005641688444166553,9638.0998046875,9564.694921875,9498.67001953125,9325.046015625,8747.460246582032,2.7998046875,0.00029003000854612316,214840.0,200940.0,0.6355130884841246
2017-06-06,9637.150390625,9709.2998046875,9630.2001953125,9704.25,145900,-0.003922359487981697,-0.003930072114359614,0.0057826887812219814,9640.619921875,9589.794921875,9514.68505859375,9336.06302734375,8752.769499511718,29.150390625,0.0030129292515762617,205240.0,201620.0,0.7236385279238171
2017-06-07,9663.900390625,9678.5498046875,9630.5498046875,9663.9501953125,160700,0.002775716774745085,0.002771871586730097,0.005477580579676246,9649.15,9620.12998046875,9527.515087890624,9347.18103515625,8758.12824951172,26.7998046875,0.0027808847637752748,154520.0,202020.0,0.7954657954657954
2017-06-08,9647.25,9688.7001953125,9641.5,9682.400390625,155400,-0.0017229472523487832,-0.0017244332330555142,0.005520149831415596,9655.380078125,9633.87998046875,9538.757568359375,9359.22203125,8763.151750488281,18.5,0.0019143409236654536,150380.0,201235.0,0.7722314706686213
2017-06-09,9668.25,9676.25,9608.150390625,9638.5498046875,159000,0.0021767861307626646,0.0021744203643893584,0.005462105625305922,9658.330078125,9641.19501953125,9552.125048828126,9370.57103515625,8768.372751464844,-8.7001953125,-0.0009018316424369639,149740.0,201470.0,0.7891993845237504
2017-06-12,9616.400390625,9647.0498046875,9598.5,9646.7001953125,141400,-0.005362874292141773,-0.005377306123000276,0.00560418749639414,9646.590234375,9642.34501953125,9560.675048828125,9380.023046875,8773.088503417968,-21.5498046875,-0.0022289250575336797,152480.0,201500.0,0.7017369727047147
2017-06-13,9606.900390625,9654.150390625,9595.400390625,9615.5498046875,129700,-0.0009878956380873216,-0.0009883839285963953,0.00542451314060007,9640.540234375,9640.580078125,9565.407568359375,9388.6860546875,8777.788503417969,-0.8505859375,-8.845159341838904e-05,149240.0,199660.0,0.6496043273565061
2017-06-14,9618.150390625,9627.400390625,9580.4501953125,9621.5498046875,181800,0.0011710332721861505,0.001170348147540874,0.005422605078488201,9631.390234375,9640.2701171875,9570.027587890625,9397.5740625,8782.733503417969,14.6494140625,0.0015248845586861494,153460.0,198475.0,0.915984380904396
2017-06-15,9578.0498046875,9621.400390625,9560.7998046875,9617.900390625,171100,-0.0041692616884621,-0.00417797729350316,0.004953496465890235,9617.5501953125,9636.46513671875,9577.457568359376,9404.37806640625,8787.460754394531,-0.25,-2.5992523494296775e-05,156600.0,197365.0,0.8669216933093506
2017-06-16,9588.0498046875,9615.849609375,9565.5,9595.4501953125,213200,0.001044053873587636,0.0010435092284018055,0.004948562720503077,9601.51015625,9629.9201171875,9585.4650390625,9410.8360546875,8792.14950439453,17.400390625,0.0018166945233970536,167440.0,195420.0,1.090983522669123
2017-06-19,9657.5498046875,9673.2998046875,9614.900390625,9626.400390625,141700,0.007248606485755094,0.0072224616043765726,0.00515147159005815,9609.7400390625,9628.16513671875,9596.430029296875,9418.748046875,8797.476252441405,38.3505859375,0.003999831740418243,167500.0,192665.0,0.735473490255106
2017-06-20,9653.5,9676.5,9643.75,9670.5,159500,-0.0004193408027297618,-0.00041942875067181194,0.0049245297799141415,9619.0599609375,9629.80009765625,9609.797509765625,9427.85205078125,8802.88100341797,12.9501953125,0.0013409400494330708,173460.0,189420.0,0.8420441347270615
2017-06-21,9633.599609375,9650.4501953125,9608.599609375,9648.099609375,144000,-0.0020614689620345183,-0.0020635967138743832,0.00489720693156636,9622.1498046875,9626.77001953125,9623.45,9436.8950390625,8808.011750488282,-5.400390625,-0.0005594230719428186,165900.0,186030.0,0.7740686985970004
2017-06-22,9630.0,9698.849609375,9617.75,9642.650390625,198800,-0.00037365154469337636,-0.00037372136982585634,0.0035224986889498986,9632.53984375,9625.04501953125,9629.4625,9444.7550390625,8812.440002441406,9.05078125,0.0009395014965322177,171440.0,181510.0,1.09525645969919
2017-06-23,9574.9501953125,9647.650390625,9565.2998046875,9643.25,175200,-0.005716490621754944,-0.005732892290795095,0.003209589134552,9629.919921875,9615.7150390625,9628.455029296874,9452.1850390625,8816.383752441407,13.25,0.001375908618899273,163840.0,179330.0,0.976969832153014
2017-06-27,9511.400390625,9615.400390625,9473.4501953125,9594.0498046875,203300,-0.006637089842891464,-0.006659213268124637,0.0035113937295445548,9600.6900390625,9605.2150390625,9623.780029296875,9459.39705078125,8820.067502441407,19.099609375,0.001994747647288064,176160.0,177745.0,1.1437733832175307
2017-06-28,9491.25,9522.5,9474.349609375,9520.2001953125,172400,-0.0021185514012070916,-0.002120798705808072,0.0034768404099562306,9568.2400390625,9593.65,9617.1150390625,9466.4360546875,8823.47550048828,8.7998046875,0.0009251849702567047,178740.0,176670.0,0.9758306447048168
2017-06-29,9504.099609375,9575.7998046875,9493.7998046875,9522.9501953125,259300,0.0013538374160411148,0.001352921804466218,0.003506365483693038,9542.3400390625,9582.244921875,9611.25751953125,9474.4150390625,8826.280998535156,31.7001953125,0.0033399389240089555,201800.0,168920.0,1.5350461757044755
2017-06-30,9520.900390625,9535.7998046875,9448.75,9478.5,179600,0.0017677404426008625,0.0017661798283679123,0.003546415623482127,9520.5201171875,9576.52998046875,9606.49755859375,9482.763046875,8829.295749511719,-25.599609375,-0.002693533362144913,197960.0,169095.0,1.0621248410656732
2017-07-03,9615.0,9624.0,9543.5498046875,9587.9501953125,183000,0.009883477981521338,0.00983495586260243,0.004139758663679481,9528.530078125,9579.225,9604.57255859375,9492.3350390625,8832.608249511719,67.0498046875,0.007042380650628623,199520.0,170135.0,1.0756164222529168
2017-07-04,9613.2998046875,9650.650390625,9595.5,9645.900390625,144800,-0.00017682738559543498,-0.00017684302140083614,0.004100208215044379,9548.9099609375,9574.8,9601.482568359375,9502.21302734375,8836.341247558594,30.900390625,0.0032137691757670307,187820.0,170990.0,0.846833148137318
2017-07-05,9637.599609375,9643.650390625,9607.349609375,9619.75,130800,0.0025277277502206985,0.0025245384198064923,0.004054733811154493,9578.1798828125,9573.2099609375,9601.505029296875,9510.606015625,8840.951247558594,6.4501953125,0.0006709657915125926,179500.0,170235.0,0.7683496343290158
2017-07-06,9674.5498046875,9700.7001953125,9639.9501953125,9653.599609375,147400,0.003833962481337938,0.00382663157881288,0.004099381800556072,9612.269921875,9577.30498046875,9602.0375,9517.96501953125,8845.690998535156,16.0,0.0016601644235599868,157120.0,169570.0,0.8692575337618682
2017-07-07,9665.7998046875,9684.25,9642.650390625,9670.349609375,141800,-0.0009044348498532528,-0.000904844097829429,0.004084672560597914,9641.2498046875,9580.8849609375,9602.964990234375,9524.2440234375,8850.307248535157,-4.2001953125,-0.00043414891620744225,149560.0,168890.0,0.8395997394753982
2017-07-10,9771.0498046875,9782.150390625,9646.4501953125,9719.2998046875,37500,0.010888907501369838,0.010830050223587575,0.004730804756234625,9672.459765625,9600.494921875,9608.10498046875,9532.82201171875,8855.26324951172,53.5,0.005534979109959921,120460.0,162815.0,0.2303227589595553
2017-07-11,9786.0498046875,9830.0498046875,9778.849609375,9797.4501953125,179700,0.001535147225716127,0.0015339700917757582,0.004524802455874996,9707.009765625,9627.95986328125,9616.587451171876,9542.46201171875,8860.151496582032,26.400390625,0.002701899095052698,127440.0,164730.0,1.090875978874522
2017-07-12,9816.099609375,9824.9501953125,9787.7001953125,9807.2998046875,145500,0.0030706776776372458,0.003065972775967725,0.004527419533026428,9742.709765625,9660.44482421875,9627.047412109376,9552.5080078125,8865.352492675782,21.25,0.002171458394767344,130380.0,165520.0,0.8790478492025133
2017-07-13,9891.7001953125,9897.25,9853.4501953125,9855.7998046875,181300,0.007701693029408263,0.0076721863955028615,0.004763139118158171,9786.13984375,9699.2048828125,9640.72490234375,9564.1030078125,8870.925241699219,39.7001953125,0.004044396134141078,137160.0,165495.0,1.095501374663887
2017-07-14,9886.349609375,9913.2998046875,9845.4501953125,9913.2998046875,159600,-0.0005409167111671831,-0.0005410630593885717,0.004605794412013292,9830.2498046875,9735.7498046875,9656.139892578125,9574.6319921875,8876.019738769532,21.599609375,0.0021836093844853554,140720.0,164920.0,0.967741935483871
2017-07-17,9915.9501953125,9928.2001953125,9894.7001953125,9908.150390625,163500,0.0029940865038224906,0.0029896131536668747,0.004614142416322209,9859.2298828125,9765.84482421875,9672.534912109375,9587.245,8881.441740722656,21.80078125,0.002205139622953129,165920.0,162435.0,1.0065564687413426
2017-07-18,9827.150390625,9885.349609375,9792.0498046875,9832.7001953125,293900,-0.008955249163058343,-0.008995588419495522,0.004994224996341689,9867.45,9787.2298828125,9681.01494140625,9597.50701171875,8886.962243652344,-83.25,-0.008395564556118304,188760.0,170045.0,1.7283660207592109
2017-07-19,9899.599609375,9905.0498046875,9851.650390625,9855.9501953125,200200,0.007372352703497453,0.007345309743460549,0.005187478523803942,9884.15,9813.4298828125,9693.319921875,9609.16201171875,8892.928239746094,28.7998046875,0.0029306364045242166,199700.0,172080.0,1.1634123663412366
2017-07-20,9873.2998046875,9922.5498046875,9863.4501953125,9920.2001953125,161100,-0.002656653372384299,-0.002660188538483533,0.005209271180858102,9880.469921875,9833.3048828125,9705.304931640625,9618.48201171875,8898.568986816406,20.6005859375,0.0020809514273679394,195660.0,172935.0,0.9315638823835545
2017-07-21,9915.25,9924.7001953125,9838.0,9899.599609375,187500,0.004248852576378193,0.004239851688892752,0.005236268100338449,9886.25,9858.24990234375,9719.567431640626,9628.33900390625,8905.188986816407,26.2998046875,0.002663729979617733,201240.0,172370.0,1.0877762951789756
2017-07-24,9966.400390625,9982.0498046875,9919.599609375,9936.7998046875,174500,0.005158759549683589,0.005145498736317388,0.005010098966240928,9896.3400390625,9877.7849609375,9739.13994140625,9639.64900390625,8911.965236816406,21.5498046875,0.0021734000340384763,203440.0,172335.0,1.0125627411727158
2017-07-25,9964.5498046875,10011.2998046875,9949.099609375,10010.5498046875,185500,-0.00018568247962835738,-0.00018569972075426088,0.004615724890321029,9923.819921875,9895.6349609375,9761.797412109376,9650.0319921875,8918.09748779297,44.1494140625,0.004429825446710892,181760.0,171445.0,1.0819796436174867
2017-07-26,10020.650390625,10025.9501953125,9965.9501953125,9983.650390625,197600,0.0056300171143817135,0.005614227803035337,0.004546472153813183,9948.030078125,9916.0900390625,9788.267431640625,9660.2,8924.354987792969,19.1005859375,0.0019168538781867243,181240.0,172705.0,1.1441475348136996
2017-07-27,10020.5498046875,10114.849609375,10005.5,10063.25,287900,-1.0037865166290239e-05,-1.0037915545995924e-05,0.004578275844733126,9977.480078125,9928.975,9814.08994140625,9670.09599609375,8930.737985839844,42.599609375,0.004251182080442087,206600.0,174135.0,1.6533149567864014
2017-07-28,10014.5,10026.0498046875,9944.5,9996.5498046875,191600,-0.0006037397952625145,-0.0006039221195206731,0.004632961823188426,9997.330078125,9941.7900390625,9838.769921875,9681.7969921875,8937.262736816407,-24.0,-0.0023950781611576915,207420.0,174735.0,1.0965175837697083
2017-07-31,10077.099609375,10085.900390625,10016.9501953125,10034.7001953125,237700,0.006250897136651945,0.006231441314613235,0.004395039543688091,10019.469921875,9957.90498046875,9861.87490234375,9694.7809765625,8944.160236816406,20.2001953125,0.0020170947438713865,220060.0,177470.0,1.3393813038823463
2017-08-01,10114.650390625,10128.599609375,10065.75,10101.0498046875,184300,0.0037263481265050746,0.003719422490879323,0.004363055063936774,10049.4900390625,9986.65498046875,9886.942431640626,9708.308984375,8951.189489746093,23.9501953125,0.0023766953033012078,219820.0,179445.0,1.0270556437905765
2017-08-02,10081.5,10137.849609375,10054.2001953125,10136.2998046875,161500,-0.0032774628232060676,-0.0032828454686495033,0.0045538333942326675,10061.6599609375,10004.84501953125,9909.137451171875,9722.2159765625,8958.730241699219,21.6494140625,0.0021404016180891694,212600.0,180980.0,0.8923637971046524
2017-08-03,10013.650390625,10081.150390625,9998.25,10081.150390625,192700,-0.006730110536626532,-0.006752859858295522,0.004956957992326466,10060.280078125,10018.880078125,9926.09248046875,9735.27798828125,8965.88149169922,-0.349609375,-3.467830927937311e-05,193560.0,183245.0,1.0515975879287294
2017-08-04,10066.400390625,10075.25,9988.349609375,10008.599609375,178600,0.0052678092346210015,0.005253982862758577,0.004976038429057026,10070.66015625,10033.9951171875,9946.122509765624,9746.41099609375,8973.61149169922,-5.05078125,-0.0005043896134748875,190960.0,185085.0,0.9649620444660562
2017-08-07,10057.400390625,10088.099609375,10046.349609375,10074.7998046875,137400,-0.000894063384204502,-0.0008944632972548343,0.004553326310147109,10066.7203125,10043.0951171875,9960.4400390625,9755.65701171875,8980.508991699218,8.3994140625,0.0008344009513393197,170900.0,190080.0,0.7228535353535354
2017-08-08,9978.5498046875,10083.7998046875,9947.0,10068.349609375,203300,-0.007840056363968673,-0.007870951189924851,0.005004851913616528,10039.5001953125,10044.4951171875,9970.0650390625,9763.13,8987.106242675782,10.94921875,0.0010886728503129207,174700.0,191260.0,1.0629509568127158
2017-08-09,9908.0498046875,9969.7998046875,9893.0498046875,9961.150390625,169200,-0.007065154895241621,-0.007090231284273741,0.005287862931266524,10004.81015625,10033.23505859375,9974.662548828124,9768.8,8993.149489746094,-17.3994140625,-0.0017436816374185448,176240.0,192445.0,0.8792122424588844
2017-08-10,9820.25,9892.650390625,9776.2001953125,9872.849609375,235500,-0.008861461782919355,-0.008900958038211523,0.0053932110348200715,9966.130078125,10013.205078125,9971.0900390625,9772.78,8998.785490722656,-35.2001953125,-0.0035526865534978216,184800.0,195155.0,1.206733109579565
2017-08-11,9710.7998046875,9771.650390625,9685.5498046875,9712.150390625,285900,-0.011145357329243155,-0.01120793220489222,0.005909664792168617,9895.0099609375,9982.83505859375,9962.312548828126,9774.67400390625,9003.794738769531,-108.099609375,-0.011007826621012703,206260.0,201470.0,1.4190698367002532
2017-08-14,9794.150390625,9818.2998046875,9752.099609375,9755.75,195600,0.008583287433983067,0.008546660459731773,0.006226126866845782,9842.3599609375,9954.54013671875,9956.22255859375,9777.48701171875,9009.30899169922,44.9501953125,0.004628887034701518,217900.0,203075.0,0.9631909393081374
2017-08-16,9897.2998046875,9903.9501953125,9773.849609375,9825.849609375,219500,0.010531736796816515,0.010476664391422662,0.00637272476534316,9826.1099609375,9932.805078125,9959.730029296876,9781.931015625,9015.719240722656,31.69921875,0.0032365460489908976,221140.0,199355.0,1.1010508891174036
2017-08-17,9904.150390625,9947.7998046875,9883.75,9945.5498046875,197600,0.0006921671640436333,0.0006919277268328227,0.0061581242489614964,9825.330078125,9915.0701171875,9959.957568359376,9787.271015625,9022.16374267578,48.25,0.004875067033651756,226820.0,199225.0,0.9918433931484503
2017-08-18,9837.400390625,9865.9501953125,9783.650390625,9865.9501953125,246300,-0.006739598791147605,-0.006762412448120804,0.006317865619426985,9828.76015625,9897.4451171875,9958.16259765625,9790.741015625,9028.160744628905,-38.2001953125,-0.003856988616475298,228980.0,203485.0,1.2104086296287195
2017-08-21,9754.349609375,9884.349609375,9740.099609375,9864.25,205300,-0.008442350412935062,-0.008478188903126932,0.006486501546750888,9837.4701171875,9866.2400390625,9950.117578125,9792.8830078125,9033.801242675781,26.849609375,0.002729339897620469,212860.0,204375.0,1.004525993883792
2017-08-22,9765.5498046875,9828.4501953125,9752.599609375,9815.75,183600,0.0011482257414410224,0.0011475670344457027,0.006353293053870978,9831.75,9837.05498046875,9940.075048828125,9794.82900390625,9040.05899169922,61.400390625,0.006294667823468977,210460.0,204830.0,0.8963530732802812
2017-08-23,9852.5,9857.900390625,9786.75,9803.0498046875,168600,0.008903768559017866,0.008864363739937172,0.006728496918056973,9822.7900390625,9824.45,9934.47255859375,9799.55099609375,9046.896740722656,37.5,0.0038400295682276754,200280.0,203985.0,0.8265313626001912
2017-08-24,9857.0498046875,9881.5,9848.849609375,9881.2001953125,184700,0.00046179189926420783,0.0004616853061997081,0.006576436647724656,9813.369921875,9819.35,9926.292529296876,9804.553984375,9054.013239746093,28.7001953125,0.0029129860758690686,197700.0,203340.0,0.9083308743975608
2017-08-28,9912.7998046875,9925.75,9882.0,9907.150390625,159600,0.005655850493267112,0.005639916223863896,0.00673253795847184,9828.4498046875,9828.60498046875,9920.905029296875,9810.44697265625,9061.091989746094,50.1005859375,0.005082716119956579,180360.0,196925.0,0.8104608353434049
2017-08-29,9796.0498046875,9887.349609375,9783.75,9886.400390625,173300,-0.011777701789638884,-0.011847608353940924,0.007188167970881331,9836.78984375,9837.12998046875,9909.98251953125,9814.80697265625,9067.354489746094,-26.3994140625,-0.0026631642505295446,173960.0,196010.0,0.8841385643589613
2017-08-30,9884.400390625,9909.4501953125,9850.7998046875,9859.5,157800,0.009019001301445284,0.0089785730092648,0.007361266438691047,9860.5599609375,9846.15498046875,9900.34755859375,9820.733984375,9074.616491699218,63.4501953125,0.006477120530985714,168800.0,192015.0,0.82181079603156
2017-08-31,9917.900390625,9925.099609375,9856.9501953125,9905.7001953125,327700,0.0033891787742403867,0.0033834484516002566,0.007350397375312701,9873.6400390625,9848.2150390625,9890.51005859375,9825.94099609375,9081.577243652344,21.2998046875,0.0021548909236519904,200620.0,199185.0,1.6452042071441122
2017-09-01,9974.400390625,9983.4501953125,9909.849609375,9937.650390625,157800,0.00569677026131532,0.005680605029627355,0.007474103568189142,9897.11015625,9855.2400390625,9885.155078125,9832.35900390625,9089.967746582031,19.75,0.001991348896654467,195240.0,199000.0,0.792964824120603
2017-09-04,9912.849609375,9988.400390625,9861.0,9984.150390625,148800,-0.006170875324781666,-0.006189993868598528,0.00745060700834279,9897.1201171875,9862.7849609375,9880.1150390625,9837.94400390625,9098.989743652344,9.75,0.0009775023678780816,193080.0,196805.0,0.7560783516678946
2017-09-05,9952.2001953125,9963.099609375,9901.0498046875,9933.25,139200,0.003969654285916446,0.003961795997934277,0.007403409194806339,9928.3501953125,9882.57001953125,9874.405029296875,9844.3880078125,9108.192744140624,20.400390625,0.0020579743896958235,186260.0,194835.0,0.7144506890445762
2017-09-06,9916.2001953125,9931.5498046875,9882.5498046875,9899.25,149200,-0.0036172905783141696,-0.0036238487939692175,0.007435155631615346,9934.71015625,9897.63505859375,9867.34501953125,9851.2130078125,9117.373994140626,-52.9501953125,-0.005320451183994431,184540.0,195425.0,0.7634642445951132
2017-09-07,9929.900390625,9964.849609375,9917.2001953125,9945.849609375,188800,0.0013815972895521167,0.001380643762176384,0.007251456612722452,9937.11015625,9905.37509765625,9864.912548828124,9859.5830078125,9126.65299560547,29.6494140625,0.0029899975271289515,156760.0,194700.0,0.9696969696969697
2017-09-08,9934.7998046875,9963.599609375,9913.2998046875,9958.650390625,163600,0.0004934001218306339,0.0004932784400140928,0.007070602731587757,9929.1900390625,9913.15009765625,9866.250048828126,9868.45400390625,9136.681494140625,28.75,0.002895295911240298,157920.0,194420.0,0.8414772142783664
2017-09-11,10006.0498046875,10028.650390625,9968.7998046875,9971.75,173000,0.007171760015373785,0.007146165244692658,0.006900972683712699,9947.830078125,9922.47509765625,9875.5400390625,9878.4930078125,9146.700244140626,36.9501953125,0.003719269239332425,162760.0,191295.0,0.9043623722522806
2017-09-12,10093.0498046875,10097.5498046875,10028.0498046875,10056.849609375,182600,0.008694739852208588,0.008657158285843384,0.006482527754757329,9976.0,9952.17509765625,9894.6525390625,9889.93599609375,9156.998994140626,50.7998046875,0.005076909037940426,171440.0,186130.0,0.9810347606511578
2017-09-13,10079.2998046875,10131.9501953125,10063.150390625,10099.25,215000,-0.0013623236054590704,-0.0013632524119145414,0.006326678059066136,10008.619921875,9971.6650390625,9908.910009765625,9899.2219921875,9167.567993164062,6.2001953125,0.0006143034496491291,184600.0,187100.0,1.1491181186531267
2017-09-14,10086.599609375,10126.5,10070.349609375,10107.400390625,225600,0.0007242372812548137,0.0007239751479918529,0.0059553040161571735,10039.959765625,9988.5349609375,9918.375,9908.68798828125,9177.4294921875,28.1005859375,0.002787950203091636,191960.0,187405.0,1.203809930364718
2017-09-15,10085.400390625,10115.150390625,10043.650390625,10062.349609375,266600,-0.00011889227256378643,-0.0001188993408102696,0.005960016415388241,10070.0798828125,9999.6349609375,9927.4375,9917.64400390625,9187.221994628906,-24.25,-0.0024041798960137977,212560.0,190855.0,1.3968719708679365
2017-09-18,10153.099609375,10171.7001953125,10131.2998046875,10133.099609375,156100,0.006712596042585561,0.006690166885736892,0.00580671965328167,10099.48984375,10023.6599609375,9943.2224609375,9927.215,9197.276743164062,47.69921875,0.0047295314913168305,209180.0,186345.0,0.837693525450106
2017-09-19,10147.5498046875,10178.9501953125,10129.9501953125,10175.599609375,187500,-0.0005466118624873895,-0.0005467613092135457,0.005337733938430042,10110.38984375,10043.194921875,9962.882470703125,9936.85,9206.8919921875,22.5,0.002216072023879715,210160.0,185455.0,1.0110269337575153
2017-09-20,10141.150390625,10171.0498046875,10134.2001953125,10160.9501953125,199400,-0.0006306363787978997,-0.000630835313560427,0.005367263042036817,10122.7599609375,10065.68994140625,9981.6625,9944.25201171875,9216.6332421875,13.400390625,0.0013205543094560524,207040.0,186245.0,1.0706327686649306
2017-09-21,10121.900390625,10158.900390625,10058.599609375,10139.599609375,191800,-0.0018982067377479872,-0.001900010615274047,0.005165351320188206,10129.8201171875,10084.88994140625,9995.13251953125,9950.9690234375,9226.808745117187,-1.55078125,-0.00015291965805315556,200280.0,187405.0,1.0234518822870253
2017-09-22,9964.400390625,10095.0498046875,9952.7998046875,10094.349609375,226600,-0.01556031910231781,-0.01568265154818977,0.00640586991656808,10105.6201171875,10087.85,10000.500048828126,9953.9350390625,9235.986997070313,-27.55078125,-0.0027218980810676417,192280.0,189500.0,1.195778364116095
2017-09-25,9872.599609375,9960.5,9816.0498046875,9960.099609375,221400,-0.009212875602266135,-0.009255576609087487,0.006641948923743574,10049.5201171875,10074.50498046875,9998.4900390625,9953.55302734375,9244.634245605468,-4.30078125,-0.00043161465631653934,205340.0,192590.0,1.1495923983592087
2017-09-26,9871.5,9891.349609375,9813.0,9875.25,190900,-0.00011137992205778602,-0.00011138612526191736,0.006056475537464919,9994.31015625,10052.35,10002.262548828125,9953.25603515625,9253.481496582031,2.650390625,0.00026845924375209086,206020.0,193470.0,0.9867162867628056
2017-09-27,9735.75,9921.0498046875,9714.400390625,9920.599609375,200100,-0.013751709466646389,-0.013847140123069935,0.0064768779929896495,9913.230078125,10017.99501953125,9994.830029296874,9949.65203125,9260.925998535156,49.099609375,0.004973875234260244,206160.0,195585.0,1.023084592376716
2017-09-28,9768.9501953125,9789.2001953125,9687.5498046875,9736.400390625,385000,0.003410132276660871,0.0034043309606841105,0.006477582273686607,9842.6400390625,9986.230078125,9987.38251953125,9948.48802734375,9268.46199951172,0.650390625,6.680436792234804e-05,244800.0,198450.0,1.9400352733686066
2017-09-29,9788.599609375,9854.0,9775.349609375,9814.2998046875,196300,0.002011415113154058,0.0020093949262780385,0.006335816058171892,9807.4798828125,9956.55,9978.09248046875,9946.26802734375,9276.550998535156,45.349609375,0.0046422193243200694,238740.0,200375.0,0.9796631316281972
2017-10-03,9859.5,9895.400390625,9831.0498046875,9893.2998046875,162800,0.007243159742390093,0.00721705404356513,0.0064595622743830105,9804.8599609375,9927.1900390625,9975.425,9945.99203125,9284.73949951172,104.7001953125,0.010696136269811642,227020.0,201075.0,0.8096481412408305
2017-10-04,9914.900390625,9938.2998046875,9850.650390625,9884.349609375,156200,0.005618985813175215,0.005603258200374948,0.006526448396238782,9813.5400390625,9903.92509765625,9973.560009765624,9945.9850390625,9293.401750488281,24.849609375,0.0025203721664384606,220080.0,201925.0,0.7735545375758326
2017-10-05,9888.7001953125,9945.9501953125,9881.849609375,9927.0,147800,-0.0026425071639926134,-0.0026460047490028745,0.006502926331884992,9844.130078125,9878.680078125,9972.185009765624,9944.43103515625,9302.077250976563,12.099609375,0.0012203460345845474,209620.0,201855.0,0.7322087637165292
2017-10-06,9979.7001953125,9989.349609375,9906.599609375,9908.150390625,195800,0.009202422785872022,0.009160338481321154,0.006825057162101072,9886.280078125,9864.46005859375,9974.675,9944.73404296875,9311.278500976563,19.4501953125,0.0019669112146528515,171780.0,202205.0,0.9683242254148018
2017-10-09,9988.75,10015.75,9959.4501953125,9988.2001953125,143900,0.0009068212982741297,0.0009064103842389305,0.006826387766658836,9926.31015625,9866.89501953125,9977.372509765624,9944.09603515625,9320.700500488281,8.5,0.0008517289932209065,161300.0,201220.0,0.7151376602723387
2017-10-10,10016.9501953125,10034.0,10002.2998046875,10013.7001953125,148600,0.0028231956263296,0.0028192178944088774,0.006663060898603471,9957.8001953125,9881.330078125,9977.917529296876,9944.02404296875,9330.373251953126,24.9501953125,0.0024978295895382303,158460.0,200000.0,0.743
2017-10-11,9984.7998046875,10067.25,9955.7998046875,10042.599609375,189700,-0.0032095987299651796,-0.00321476053982032,0.006378206378015521,9971.780078125,9892.66005859375,9972.505029296875,9943.4300390625,9339.990751953124,25.6494140625,0.0025606011373105176,165160.0,200355.0,0.9468193955728582
2017-10-12,10096.400390625,10104.4501953125,9977.099609375,10011.2001953125,200900,0.011177047924897598,0.011115046293774924,0.00688701498263542,10013.3201171875,9928.72509765625,9973.36005859375,9943.8160546875,9350.577253417969,26.400390625,0.0026440580824270486,175780.0,199650.0,1.0062609566741798
2017-10-13,10167.4501953125,10191.900390625,10120.099609375,10123.7001953125,230100,0.007037142143597297,0.007012497012134821,0.007059287231945376,10050.8701171875,9968.57509765625,9977.402587890625,9944.87205078125,9361.48575439453,27.2998046875,0.0027039146261324185,182640.0,199875.0,1.1512195121951219
2017-10-16,10230.849609375,10242.9501953125,10175.099609375,10207.400390625,203000,0.006235527378509298,0.006216166917771876,0.007175653161996818,10099.2900390625,10012.80009765625,9984.675048828125,9947.85904296875,9373.098752441407,39.9501953125,0.003929224588768405,194460.0,196695.0,1.0320547039833243
2017-10-17,10234.4501953125,10251.849609375,10212.599609375,10227.650390625,195700,0.00035193420634405115,0.0003518722920273383,0.007036652335274953,10142.7900390625,10050.2951171875,9988.742578125,9952.2750390625,9384.106752929687,-3.19921875,-0.00031270313533574067,203880.0,198675.0,0.9850257958978231
2017-10-18,10210.849609375,10236.4501953125,10175.75,10209.400390625,254200,-0.0023059945074831445,-0.0023086574073600593,0.007060365548367846,10188.0,10079.8900390625,9991.907568359375,9955.1640234375,9394.98675048828,-25.0498046875,-0.002447596520521748,216780.0,202010.0,1.258353546854116
2017-10-19,10146.5498046875,10211.9501953125,10123.349609375,10210.349609375,30200,-0.006297204164917303,-0.006317115188263494,0.007213188091108025,10198.0298828125,10105.675,9992.1775390625,9956.94701171875,9405.201499023438,-0.5,-4.8967521717382804e-05,182640.0,193550.0,0.1560320330663911
2017-10-23,10184.849609375,10224.150390625,10124.5,10176.650390625,218100,0.00377466285828576,0.003767556695072139,0.0072439601702451815,10201.509765625,10126.18994140625,9995.325,9961.0730078125,9415.196748046876,30.1005859375,0.0029665833723690137,180240.0,194865.0,1.119236394426911
2017-10-24,10207.7001953125,10237.75,10182.400390625,10218.5498046875,217200,0.0022435859942857572,0.002241072913402321,0.006207615318187336,10196.8798828125,10148.0849609375,10007.489990234375,9967.066015625,9425.337749023438,33.7001953125,0.0033088554671911385,183080.0,194395.0,1.1173126880835413
2017-10-25,10295.349609375,10340.5498046875,10240.900390625,10321.150390625,594200,0.008586597606260904,0.008549942456258083,0.005900711829366922,10209.059765625,10175.92490234375,10028.627490234376,9976.5680078125,9435.853247070312,113.4501953125,0.011114177840430473,262780.0,213035.0,2.7892130401107798
2017-10-26,10343.7998046875,10355.650390625,10271.849609375,10291.7998046875,429700,0.004706027201677676,0.004694988474485417,0.005903361417820332,10235.6498046875,10211.82490234375,10052.24248046875,9989.2280078125,9446.61974609375,-3.5498046875,-0.00034479690561139655,297880.0,224975.0,1.9099899988887654
2017-10-27,10323.0498046875,10366.150390625,10311.2998046875,10362.2998046875,312700,-0.002006032637116295,-0.0020080474155119445,0.004672500130382371,10270.9498046875,10234.48984375,10081.607470703126,9999.80599609375,9456.86599609375,18.5,0.0017885110258626965,354380.0,230605.0,1.355998352160621
2017-10-30,10363.650390625,10384.5,10344.2998046875,10353.849609375,236900,0.00393300300838062,0.003925288971653147,0.004676710116834843,10306.7099609375,10254.10986328125,10111.34248046875,10009.1330078125,9467.465249023437,30.7998046875,0.0029835954751971064,358140.0,223200.0,1.0613799283154122
2017-10-31,10335.2998046875,10367.7001953125,10323.9501953125,10364.900390625,232600,-0.002735579151063039,-0.0027393276855447964,0.004845313131304473,10332.2298828125,10264.5548828125,10138.677490234375,10017.75599609375,9477.961499023437,1.25,0.00012061387183909206,361220.0,225015.0,1.0337088638535208
2017-11-01,10440.5,10451.650390625,10383.0498046875,10390.349609375,260300,0.010178727013297362,0.010127272636955603,0.0050300962224085,10361.2599609375,10285.15986328125,10167.727490234374,10029.81798828125,9488.721000976562,55.0498046875,0.005326386822618591,294440.0,229890.0,1.1322806559658967
2017-11-02,10423.7998046875,10453.0,10412.5498046875,10440.5,201500,-0.0015995589591015769,-0.001600839619376669,0.005081852122693199,10377.2599609375,10306.4548828125,10193.1724609375,10043.2069921875,9498.936748046875,0.0,0.0,248800.0,232155.0,0.8679545992978829
2017-11-03,10452.5,10461.7001953125,10403.599609375,10461.5498046875,199900,0.0027533333189682097,0.002749549839980272,0.004934560574650158,10403.15,10337.04990234375,10221.362451171875,10056.94599609375,9509.163247070312,37.75,0.003621520050972595,226240.0,234760.0,0.8515079229851763
2017-11-06,10451.7998046875,10490.4501953125,10413.75,10431.75,193600,-6.698831021290097e-05,-6.699055402996047e-05,0.004731497263617062,10420.7798828125,10363.744921875,10244.967431640625,10068.9319921875,9519.420498046875,-20.75,-0.0019851710117196842,217580.0,234650.0,0.8250585979117835
2017-11-07,10350.150390625,10485.75,10340.7998046875,10477.150390625,286900,-0.009725541625559164,-0.009773143593572503,0.00544296760768497,10423.75,10377.98994140625,10263.037451171875,10078.79400390625,9529.107250976562,25.3505859375,0.0024254756512012967,228440.0,241800.0,1.1865177832919769
2017-11-08,10303.150390625,10384.25,10285.5,10361.9501953125,274500,-0.004540996818999998,-0.004551338464517429,0.005615928800662941,10396.280078125,10378.77001953125,10277.3474609375,10086.601015625,9538.633002929688,11.7998046875,0.0011400611819310446,231280.0,248095.0,1.1064310042524033
2017-11-09,10308.9501953125,10368.4501953125,10266.9501953125,10358.650390625,240200,0.0005629156585715833,0.0005627572809849458,0.0055145276913687565,10373.31015625,10375.28505859375,10293.55498046875,10096.8590234375,9548.09275390625,55.5,0.005386701920851347,239020.0,250620.0,0.9584231106855
2017-11-10,10321.75,10344.9501953125,10254.099609375,10304.349609375,279400,0.0012416205767800115,0.0012408504033945,0.005034220594839048,10347.16015625,10375.155078125,10304.8224609375,10105.606015625,9557.526005859376,-4.6005859375,-0.0004462710412154184,254920.0,254545.0,1.0976448172228879
2017-11-13,10224.9501953125,10334.150390625,10216.25,10322.0,210300,-0.009378235734008311,-0.009422488277922888,0.005346576761691414,10301.790234375,10361.28505859375,10307.6974609375,10111.74701171875,9566.904008789063,0.25,2.422069900937341e-05,258260.0,253555.0,0.8294058488296425
2017-11-14,10186.599609375,10248.0,10175.5498046875,10223.400390625,305000,-0.0037506868204679744,-0.003757738283689395,0.005227634352570104,10269.080078125,10346.4150390625,10305.4849609375,10115.99099609375,9575.879506835938,-1.5498046875,-0.0001515708788694627,261880.0,258655.0,1.1791768958651485
2017-11-15,10118.0498046875,10175.4501953125,10094.0,10171.9501953125,207400,-0.00672940994209803,-0.0067521545169891405,0.005424135417126172,10232.0599609375,10314.17001953125,10299.66494140625,10120.095,9584.090756835938,-14.6494140625,-0.0014381063970569485,248460.0,259240.0,0.8000308594352723
2017-11-16,10214.75,10232.25,10139.2001953125,10152.900390625,182600,0.009557197007243445,0.009511815914835575,0.005854479077393877,10213.219921875,10293.2650390625,10299.8599609375,10125.34599609375,9592.150756835938,34.8505859375,0.0034443975479696086,236940.0,255660.0,0.7142298365016037
2017-11-17,10283.599609375,10343.599609375,10268.0498046875,10324.5498046875,203300,0.006740214824151325,0.006717601133431633,0.005838070458604036,10205.58984375,10276.375,10306.712451171876,10132.693984375,9600.362504882813,109.7998046875,0.010749142630754546,221720.0,264315.0,0.7691580122202675
2017-11-20,10298.75,10309.849609375,10261.5,10287.2001953125,147200,0.0014732575363192169,0.001472173357154509,0.00579654661222065,10220.3498046875,10261.07001953125,10312.407470703125,10140.0709765625,9608.692504882812,3.6005859375,0.0003501289503937455,209100.0,260770.0,0.5644821106722399
2017-11-21,10326.900390625,10358.7001953125,10315.0498046875,10329.25,186100,0.0027333793542905216,0.0027296504663746014,0.005805008259929027,10248.4099609375,10258.74501953125,10318.36748046875,10147.91298828125,9617.5205078125,30.5,0.0029615244568515597,185320.0,259215.0,0.7179368477904442
2017-11-22,10342.2998046875,10368.7001953125,10309.5498046875,10350.7998046875,157600,0.00149119420929833,0.0014900834832817704,0.005499799894334911,10293.2599609375,10262.6599609375,10320.714990234375,10154.63798828125,9625.650004882813,23.8994140625,0.0023142872651503877,175360.0,237385.0,0.6639004149377593
2017-11-23,10348.75,10374.2998046875,10307.2998046875,10358.4501953125,153000,0.0006236712756650942,0.0006234768735595227,0.005400254133297274,10320.0599609375,10266.63994140625,10320.9625,10159.7519921875,9633.722504882813,16.150390625,0.001561586004080066,169440.0,223550.0,0.6844106463878327
2017-11-24,10389.7001953125,10404.5,10362.25,10366.7998046875,129200,0.003957018510689636,0.003949210104835523,0.005445894543203377,10341.280078125,10273.4349609375,10324.29501953125,10165.96,9641.966254882813,18.0498046875,0.0017441531283971495,154620.0,214375.0,0.6026822157434403
2017-11-27,10399.5498046875,10407.150390625,10340.2001953125,10361.0498046875,141900,0.000948016707878141,0.0009475676238426342,0.005382661098208227,10361.4400390625,10290.894921875,10326.089990234375,10172.21900390625,9649.958754882813,-28.650390625,-0.0027575762617217904,153560.0,209625.0,0.676923076923077
2017-11-28,10370.25,10409.5498046875,10355.2001953125,10387.900390625,196000,-0.0028174108723719726,-0.0028213872448567432,0.005385029920489275,10370.1099609375,10309.2599609375,10327.8375,10177.91599609375,9657.968505859375,-11.6494140625,-0.0011201844581050168,155540.0,207795.0,0.943237325248442
2017-11-29,10361.2998046875,10392.9501953125,10345.900390625,10376.650390625,152500,-0.0008630645657047298,-0.0008634372203591307,0.004845219489457249,10373.9099609375,10333.5849609375,10323.877490234376,10182.08,9665.929755859375,6.400390625,0.0006171876883392396,154520.0,202405.0,0.7534398853783256
2017-11-30,10226.5498046875,10332.7001953125,10211.25,10332.7001953125,342500,-0.013005125084696312,-0.013090432150481796,0.005608679506196489,10349.469921875,10334.76494140625,10314.014990234375,10183.66,9673.170502929688,-28.599609375,-0.002760233746161983,192420.0,209455.0,1.635196104175121
2017-12-01,10121.7998046875,10272.7001953125,10108.5498046875,10263.7001953125,143400,-0.010242946252702612,-0.010295766224326257,0.005903402361740258,10295.88984375,10318.5849609375,10297.47998046875,10183.27298828125,9679.811752929687,37.150390625,0.0036327394218499316,195260.0,206630.0,0.6939940957266612
2017-12-04,10127.75,10179.2001953125,10095.7001953125,10175.0498046875,148600,0.0005878594150563465,0.0005876866933977984,0.005914098080909657,10241.5298828125,10301.4849609375,10281.277490234375,10183.38998046875,9686.42525390625,53.25,0.005260922071916442,196600.0,204380.0,0.7270770134063999
2017-12-05,10118.25,10147.9501953125,10069.099609375,10118.25,155500,-0.0009380168349337747,-0.000938457048031478,0.005592989182663107,10191.1298828125,10280.619921875,10269.682470703125,10186.46697265625,9693.055004882812,-9.5,-0.0009380168349337217,188500.0,197810.0,0.7861078813002376
2017-12-06,10044.099609375,10104.2001953125,10033.349609375,10088.7998046875,166100,-0.007328380957675518,-0.007355365457362713,0.005716160812559575,10127.68984375,10250.79990234375,10256.729931640624,10189.89697265625,9699.652001953125,-29.4501953125,-0.0029106016665431276,191220.0,192390.0,0.8633504859919954
2017-12-07,10166.7001953125,10182.650390625,10061.900390625,10063.4501953125,166200,0.012206229598028528,0.012132334291871919,0.00645624928721336,10115.719921875,10232.594921875,10249.617431640625,10195.8009765625,9706.595502929687,19.3505859375,0.0019265625282567365,155960.0,188690.0,0.8808097938417511
2017-12-08,10265.650390625,10270.849609375,10195.25,10198.4501953125,200000,0.009732773998600175,0.009685715646246356,0.006855723172537505,10144.4900390625,10220.18994140625,10246.812451171874,10206.398984375,9713.81525390625,31.75,0.0031229405205278685,167280.0,184720.0,1.0827197921178
2017-12-11,10322.25,10329.2001953125,10282.0498046875,10310.5,147400,0.0055134947345070184,0.005498351059959995,0.006616671672968284,10183.3900390625,10212.4599609375,10251.67744140625,10217.46498046875,9721.030502929687,44.849609375,0.004368900914057861,167040.0,181575.0,0.811785763458626
2017-12-12,10240.150390625,10326.099609375,10230.2001953125,10324.900390625,175100,-0.007953654423696332,-0.007985453457626933,0.006822149233647537,10207.7701171875,10199.45,10254.35498046875,10226.49599609375,9727.692006835938,2.650390625,0.00025676481629489695,170960.0,175080.0,1.0001142334932602
2017-12-13,10192.9501953125,10296.5498046875,10169.849609375,10236.599609375,181600,-0.004609326378225087,-0.0046199820794001496,0.006723185860532291,10237.540234375,10182.6150390625,10258.1,10233.165,9734.022255859374,-3.55078125,-0.0003467508888590923,174060.0,173790.0,1.0449392945508948
2017-12-14,10252.099609375,10276.099609375,10141.5498046875,10229.2998046875,154300,0.005802972930222028,0.005786200538018408,0.006502565465843429,10254.6201171875,10185.17001953125,10259.96748046875,10239.908984375,9740.58525390625,36.349609375,0.003566151965670973,171680.0,172375.0,0.8951414068165338
2017-12-15,10333.25,10373.099609375,10319.650390625,10345.650390625,255100,0.007915489872025061,0.007884326721783314,0.006569719114375949,10268.1400390625,10206.3150390625,10262.45,10248.79998046875,9747.768002929688,93.55078125,0.00912503631592233,182700.0,174965.0,1.458005886891664
2017-12-18,10388.75,10443.5498046875,10074.7998046875,10263.099609375,230400,0.005371011056540809,0.005356638616709943,0.006664687377755189,10281.4400390625,10232.4150390625,10266.95,10256.9809765625,9755.313754882813,-70.150390625,-0.006788802228243776,199300.0,179125.0,1.2862526168876482
2017-12-19,10463.2001953125,10472.2001953125,10406.0,10414.7998046875,169100,0.007166424768379365,0.007140867974318959,0.006816394899838685,10326.05,10266.91005859375,10273.764990234375,10266.46998046875,9762.900756835938,26.0498046875,0.0025075013536277222,198100.0,178275.0,0.9485345673818539
2017-12-20,10444.2001953125,10494.4501953125,10437.150390625,10494.400390625,175200,-0.001815888030940238,-0.0018175387542658723,0.006835712404381779,10376.3,10306.9201171875,10278.860009765625,10275.01498046875,9770.6230078125,31.2001953125,0.002981897959524625,196820.0,179155.0,0.9779241438977422
2017-12-21,10440.2998046875,10473.9501953125,10426.900390625,10473.9501953125,151900,-0.00037345038892977467,-0.00037352013889224483,0.006838495019516859,10413.9400390625,10334.280078125,10283.4375,10284.12498046875,9778.3367578125,29.75,0.002848470868391838,196340.0,179100.0,0.8481295365717476
2017-12-22,10493.0,10501.099609375,10448.25,10457.2998046875,138800,0.0050477664720738336,0.0050350692095142814,0.006872095947870795,10445.8900390625,10357.0150390625,10288.602490234374,10292.05697265625,9785.984506835937,17.0,0.0016283057304893982,173080.0,179580.0,0.7729145784608531
2017-12-26,10531.5,10545.4501953125,10477.9501953125,10512.2998046875,155600,0.003669112741827796,0.0036623979675021196,0.0069079164093029865,10474.4400390625,10377.9400390625,10295.2,10299.33796875,9793.907504882813,19.2998046875,0.0018393028387972935,158120.0,180265.0,0.8631736609990847
2017-12-27,10490.75,10552.400390625,10469.25,10531.0498046875,165200,-0.003869344347908643,-0.0038768496273459364,0.006939664823889251,10479.95,10403.0,10301.225,10304.5359765625,9801.739755859375,-0.4501953125,-4.274750154299008e-05,157340.0,178725.0,0.9243250804308295
2017-12-28,10477.900390625,10534.5498046875,10460.4501953125,10498.2001953125,272900,-0.0012248513571480046,-0.0012256021006669842,0.006944151245278689,10486.6900390625,10431.49501953125,10307.055029296875,10309.40498046875,9809.4942578125,7.4501953125,0.0007101680349355385,176880.0,184745.0,1.4771712360280387
2017-12-29,10530.7001953125,10538.7001953125,10488.650390625,10492.349609375,152000,0.005039158869532878,0.005026504801246669,0.0062203319221486334,10504.7701171875,10459.355078125,10322.262548828125,10315.8019921875,9817.475009765625,14.44921875,0.0013790185257848318,176900.0,175220.0,0.8674808811779477
2018-01-02,10442.2001953125,10495.2001953125,10404.650390625,10477.5498046875,153400,-0.008403999578242116,-0.008439512288536271,0.006049085245400458,10494.61015625,10470.25009765625,10338.282568359375,10321.715,9824.251010742188,-53.150390625,-0.005047184863230527,179820.0,175720.0,0.872979740496244
2018-01-03,10443.2001953125,10503.599609375,10429.5498046875,10482.650390625,167300,9.576525840304662e-05,9.576067320342099e-05,0.006054317885021951,10476.9501953125,10475.6951171875,10354.055078125,10326.88201171875,9831.043012695312,40.4501953125,0.003873723406553542,182160.0,176655.0,0.9470436726953667
2018-01-04,10504.7998046875,10513.0,10441.4501953125,10469.400390625,174900,0.0058985376343401175,0.005881209368789884,0.006099152528974274,10479.76015625,10479.855078125,10373.382568359375,10332.82400390625,9837.798510742188,26.2001953125,0.0025088282157283677,184100.0,177625.0,0.9846586910626319
2018-01-05,10558.849609375,10566.099609375,10520.099609375,10534.25,180900,0.005145248428569005,0.005132056867763014,0.005733247911453921,10495.95,10491.32001953125,10399.120068359374,10338.09400390625,9844.792509765624,29.4501953125,0.0028034989585768782,165700.0,178365.0,1.0142124295685813
2018-01-08,10623.599609375,10631.2001953125,10588.5498046875,10591.7001953125,169000,0.006132296831134809,0.006113570815585057,0.005340437846216049,10514.5298828125,10509.65,10421.9650390625,10343.69,9852.276259765626,32.8505859375,0.0031111898694278772,169100.0,178505.0,0.9467521918153553
2018-01-09,10637.0,10659.150390625,10603.599609375,10645.099609375,205000,0.0012613794869653638,0.001260584616212523,0.005040218030443442,10553.48984375,10524.05,10440.53251953125,10349.96900390625,9859.853759765625,21.5,0.002023796151073588,179420.0,178755.0,1.1468210679421555
2018-01-10,10632.2001953125,10655.5,10592.7001953125,10652.0498046875,176400,-0.0004512366915013777,-0.0004513385294137436,0.004984485635379752,10591.28984375,10534.12001953125,10456.030029296875,10355.34,9867.862509765626,15.0498046875,0.0014148542528438469,181240.0,180205.0,0.978885158569407
2018-01-11,10651.2001953125,10664.599609375,10612.349609375,10637.0498046875,153800,0.0017870242895141608,0.0017854294613236375,0.0044613906850216175,10620.569921875,10550.1650390625,10476.58251953125,10361.6580078125,9875.68701171875,4.849609375,0.000456124723567384,177020.0,179140.0,0.8585463882996539
2018-01-12,10681.25,10690.400390625,10597.099609375,10682.5498046875,175200,0.00282125996474325,0.0028172876803263624,0.004184657228362859,10645.05,10570.5,10500.997509765624,10366.4730078125,9883.55326171875,31.349609375,0.002943293600733999,175880.0,178820.0,0.9797561793982776
2018-01-15,10741.5498046875,10782.650390625,10713.7998046875,10718.5,175900,0.005645388385020489,0.005629512900836509,0.004177957940326683,10668.6400390625,10591.5849609375,10525.47001953125,10372.8280078125,9892.035009765625,37.25,0.0034874195435927445,177260.0,179900.0,0.9777654252362423
2018-01-16,10700.4501953125,10762.349609375,10687.849609375,10761.5,211000,-0.003826227138756466,-0.00383356587156863,0.004178650185811737,10681.330078125,10617.4099609375,10543.830029296874,10377.78701171875,9900.03326171875,19.9501953125,0.0018572920737931079,178460.0,177695.0,1.1874278961141282
2018-01-17,10788.5498046875,10803.0,10666.75,10702.4501953125,252700,0.008233261943837888,0.00819955353642979,0.004354305472403872,10712.6,10651.944921875,10563.82001953125,10384.52201171875,9908.25701171875,2.0,0.00018690802382091655,193720.0,178810.0,1.4132319221520049
2018-01-18,10817.0,10887.5,10782.400390625,10873.400390625,312000,0.002637073177355065,0.002633602200690908,0.0041802273248172424,10745.7599609375,10683.16494140625,10581.510009765625,10393.85900390625,9916.47326171875,84.8505859375,0.007864874100190315,225360.0,185955.0,1.6778252803097524
2018-01-19,10894.7001953125,10906.849609375,10793.900390625,10829.2001953125,207600,0.007183155709762357,0.007157479729840962,0.0042683818986444435,10788.45,10716.75,10604.035009765625,10405.69,9925.078012695312,12.2001953125,0.0011278723594804474,231840.0,187575.0,1.1067572970811674
2018-01-22,10966.2001953125,10975.099609375,10881.400390625,10883.2001953125,231600,0.006562824007838586,0.006541382438729125,0.0043361732436635655,10833.380078125,10751.01005859375,10630.330029296874,10418.835,9933.719765625,-11.5,-0.0010555591061558475,242980.0,191560.0,1.2090206723741908
2018-01-23,11083.7001953125,11092.900390625,10994.5498046875,10997.400390625,284600,0.010714741469905364,0.010657745398174344,0.004684689611757212,10910.030078125,10795.680078125,10659.8650390625,10434.07400390625,9942.812514648438,31.2001953125,0.002845123630502069,257700.0,198850.0,1.431229570027659
2018-01-24,11086.0,11110.099609375,11046.150390625,11069.349609375,283400,0.00020749430668232094,0.000207472782716017,0.004712904738214471,10969.5201171875,10841.06005859375,10687.5900390625,10451.295,9951.932763671875,-14.3505859375,-0.0012947468520999085,263840.0,205240.0,1.3808224517637888
2018-01-25,11069.650390625,11095.599609375,11009.2001953125,11095.599609375,330300,-0.001474797886974577,-0.0014758864718050037,0.004568664707174296,11020.0501953125,10882.905078125,10716.53505859375,10468.956015625,9961.289516601562,9.599609375,0.000865921827079199,267500.0,213495.0,1.5471088315885617
2018-01-29,11130.400390625,11171.5498046875,11075.9501953125,11079.349609375,241700,0.005487978197707966,0.00547297411504586,0.00451143334240726,11067.190234375,10927.8201171875,10749.16005859375,10489.20302734375,9971.034267578125,9.69921875,0.0008761991939884901,274320.0,211935.0,1.1404440040578478
2018-01-30,11049.650390625,11121.099609375,11033.900390625,11120.849609375,228000,-0.0072549052294663685,-0.007281350035077295,0.005031539293034685,11083.8802734375,10958.63017578125,10775.107568359375,10505.90103515625,9980.09751953125,-9.55078125,-0.0008580806543172073,273600.0,215735.0,1.0568521565809905
2018-01-31,11027.7001953125,11058.5,10979.2998046875,11018.7998046875,245900,-0.001986505865481769,-0.0019884815852113905,0.00447924470421142,11072.6802734375,10991.35517578125,10804.382568359375,10520.783046875,9989.21876953125,-30.8505859375,-0.002791996565219382,265860.0,220360.0,1.1159012524959158
2018-02-01,11016.900390625,11117.349609375,10878.7998046875,11044.5498046875,306200,-0.000979334267002474,-0.000979814128127614,0.004518935781517772,11058.8603515625,11014.190234375,10833.067578125,10535.1460546875,9998.549272460938,16.849609375,0.0015279350251253833,270420.0,227305.0,1.3470887134026968
2018-02-02,10760.599609375,10954.9501953125,10736.099609375,10938.2001953125,282700,-0.023264327729431322,-0.023539213933076866,0.007286043662964957,10997.0501953125,11008.5501953125,10845.857568359375,10543.8200390625,10006.655771484375,-78.7001953125,-0.007143587808007335,260900.0,232695.0,1.2148950342723308
2018-02-05,10666.5498046875,10702.75,10586.7998046875,10604.2998046875,240100,-0.00874020111347329,-0.00877862069830589,0.007550017023255517,10904.280078125,10985.73515625,10851.242578125,10550.3050390625,10014.462768554688,-156.2998046875,-0.01452519472533169,260580.0,235655.0,1.0188623199168276
2018-02-06,10498.25,10594.150390625,10276.2998046875,10295.150390625,266500,-0.015778279553294694,-0.01590408165467595,0.008252062130954967,10794.0,10938.94013671875,10844.97509765625,10553.2950390625,10021.436518554687,-371.3994140625,-0.03481907653956536,268280.0,240530.0,1.1079698998045981
2018-02-07,10476.7001953125,10614.0,10446.400390625,10607.2001953125,250400,-0.0020527044686019513,-0.0020548141539544224,0.008246820526650014,10683.8,10878.24013671875,10836.960107421875,10555.0350390625,10028.138017578125,108.9501953125,0.010377938733836592,269180.0,242800.0,1.031301482701812
2018-02-08,10576.849609375,10637.7998046875,10479.5498046875,10518.5,232200,0.009559251691416026,0.009513851145813865,0.008562155618860076,10595.78984375,10827.32509765625,10834.192578125,10558.58103515625,10035.425263671876,41.7998046875,0.003989787233407913,254380.0,245590.0,0.9454782360845311
2018-02-09,10454.9501953125,10480.2001953125,10398.2001953125,10416.5,191600,-0.011525115565078292,-0.0115920444485001,0.008907890201409623,10534.6599609375,10765.855078125,10824.380078125,10560.2750390625,10041.610263671875,-160.349609375,-0.015160432009250746,236160.0,247480.0,0.774203976078875
2018-02-12,10539.75,10555.5,10485.400390625,10518.2001953125,217400,0.008110971654893273,0.008078254517088934,0.009100377348832069,10509.3,10706.7900390625,10817.305078125,10563.84404296875,10047.776015625,63.25,0.006049765787345241,231620.0,249590.0,0.8710284867182179
2018-02-14,10500.900390625,10590.5498046875,10456.650390625,10585.75,229200,-0.0036860086221209842,-0.003692818691702758,0.009000529744991576,10509.830078125,10651.9150390625,10805.272607421875,10569.3310546875,10053.52126953125,46.0,0.00436442989634479,224160.0,252255.0,0.9086043884164833
2018-02-15,10545.5,10618.099609375,10511.0498046875,10537.900390625,210600,0.004247217640005241,0.004238223668407977,0.009052417403992622,10523.5900390625,10603.69501953125,10797.52509765625,10577.80505859375,10059.538017578125,37.0,0.003523507377808562,216200.0,252235.0,0.8349356750649196
2018-02-16,10452.2998046875,10612.900390625,10434.0498046875,10596.2001953125,184300,-0.00883791146104973,-0.008877197442514924,0.008971224819674458,10498.680078125,10547.2349609375,10780.71259765625,10584.2960546875,10065.279267578126,50.7001953125,0.004807756418614575,206620.0,248815.0,0.7407109699977895
2018-02-19,10378.400390625,10489.349609375,10302.75,10488.900390625,187300,-0.0070701582851038225,-0.007095270288084443,0.00899570207660544,10483.3701171875,10509.0150390625,10758.7826171875,10589.4990625,10070.602270507812,36.6005859375,0.0035016777763192254,205760.0,242580.0,0.7721164152032319
2018-02-20,10360.400390625,10429.349609375,10347.650390625,10391.0,187700,-0.001734371321447492,-0.0017358770846747271,0.008732216087700117,10447.5001953125,10478.40009765625,10732.067626953125,10595.825078125,10075.844521484374,12.599609375,0.0012140222867467571,199820.0,241585.0,0.7769522114369684
2018-02-21,10397.4501953125,10426.099609375,10349.599609375,10426.0,234100,0.003576097765586983,0.003569718731482044,0.008593968516649052,10426.81015625,10468.3201171875,10703.630126953125,10600.440078125,10081.032270507812,65.599609375,0.0063317639185412455,200800.0,241710.0,0.9685159902362335
2018-02-22,10382.7001953125,10397.5498046875,10340.650390625,10354.349609375,313600,-0.0014186170381128571,-0.0014196242279203768,0.008011303045114961,10394.2501953125,10458.9201171875,10668.580126953126,10602.78107421875,10086.519272460937,-43.1005859375,-0.0041453034280396085,221400.0,243160.0,1.289685803586116
2018-02-23,10491.0498046875,10499.099609375,10396.650390625,10408.099609375,210600,0.010435590678416817,0.010381515779008083,0.008550636813807824,10402.0001953125,10450.34013671875,10638.8326171875,10606.1570703125,10092.404272460937,25.3994140625,0.0024463206665610096,226660.0,239520.0,0.8792585170340681
2018-02-26,10582.599609375,10592.9501953125,10520.2001953125,10526.5498046875,171900,0.008726467454819975,0.008688611908417675,0.008924856060504655,10442.8400390625,10463.105078125,10614.480078125,10613.0060546875,10098.733022460938,35.5,0.003383836761897581,223580.0,231600.0,0.7422279792746114
2018-02-27,10554.2998046875,10631.650390625,10537.25,10615.2001953125,187500,-0.0026741826897078713,-0.002677764703635068,0.008739041152712367,10481.619921875,10464.56005859375,10585.675048828125,10620.233046875,10104.468022460938,32.6005859375,0.003080583896287593,223540.0,228890.0,0.8191707807243654
2018-02-28,10492.849609375,10535.5,10461.5498046875,10488.9501953125,286000,-0.005822290104475547,-0.0058393057141950064,0.008704832511888418,10500.6998046875,10463.75498046875,10557.835009765626,10625.048046875,10109.820268554688,-65.349609375,-0.00619175223220172,233920.0,231790.0,1.2338754907459337
2018-03-01,10458.349609375,10525.5,10447.150390625,10479.9501953125,176000,-0.0032879533476946055,-0.003293370543887722,0.008705296549559798,10515.8296875,10455.03994140625,10529.36748046875,10627.5500390625,10115.107514648438,-12.8994140625,-0.0012293528014520306,206400.0,228295.0,0.7709323463063142
2018-03-05,10358.849609375,10428.7001953125,10323.900390625,10428.2998046875,194000,-0.009513929416818057,-0.009559475957881534,0.00882941031141248,10489.3896484375,10445.694921875,10496.46494140625,10626.95203125,10119.674760742188,-30.0498046875,-0.0028732836259903727,203080.0,222685.0,0.87118575566383
2018-03-06,10249.25,10441.349609375,10215.900390625,10420.5,222900,-0.010580287725753812,-0.01063665692404489,0.007680928744825378,10422.7197265625,10432.7798828125,10470.8974609375,10622.67302734375,10123.359760742187,61.650390625,0.005951470766522661,213280.0,219695.0,1.0145884066546804
2018-03-07,10154.2001953125,10243.349609375,10141.5498046875,10232.9501953125,249500,-0.00927383024977435,-0.009317099938461516,0.007704989058306839,10342.6998046875,10412.15986328125,10445.27998046875,10616.87302734375,10126.50201171875,-16.2998046875,-0.0015903412139912677,225680.0,220165.0,1.1332409783571413
2018-03-08,10242.650390625,10270.349609375,10146.400390625,10216.25,226400,0.008710700361544088,0.00867298109371104,0.007412377654080287,10292.6599609375,10396.6798828125,10432.5,10612.9200390625,10130.568012695312,62.0498046875,0.006110752545153104,213760.0,218160.0,1.0377704437110378
2018-03-09,10226.849609375,10296.7001953125,10211.900390625,10271.2998046875,186500,-0.001542645765246653,-0.0015438368683495453,0.007410186677563919,10246.3599609375,10381.09482421875,10420.007470703125,10607.59703125,10134.562758789063,28.6494140625,0.0027970703841187954,215860.0,214965.0,0.8675830949224292
2018-03-12,10421.400390625,10433.650390625,10295.4501953125,10301.599609375,216400,0.019023530088059015,0.018844845326350685,0.00837188241650639,10258.8701171875,10374.1298828125,10412.235009765625,10605.3950390625,10139.478510742187,74.75,0.007309191281299017,220340.0,214175.0,1.0103887008287615
2018-03-13,10426.849609375,10478.599609375,10377.849609375,10389.5,266700,0.0005228873803659884,0.000522750722395459,0.00797660798500727,10294.3900390625,10358.5548828125,10410.82998046875,10604.11703125,10144.682006835938,-31.900390625,-0.0030610464457058294,229100.0,217930.0,1.223787454687285
2018-03-14,10410.900390625,10420.349609375,10336.2998046875,10393.0498046875,181400,-0.001529629691374823,-0.0015308007692338495,0.0077418562152464804,10345.730078125,10344.21494140625,10404.3875,10602.77703125,10149.933759765625,-33.7998046875,-0.003241612371306275,215480.0,216130.0,0.8393096747327997
2018-03-15,10360.150390625,10420.0,10346.2001953125,10405.4501953125,173900,-0.004874698450260895,-0.004886618546444992,0.007771410286164431,10369.230078125,10330.94501953125,10397.35,10599.36603515625,10154.18576171875,-5.4501953125,-0.0005235085446987748,204980.0,213365.0,0.8150352682023763
2018-03-16,10195.150390625,10346.2998046875,10180.25,10345.150390625,328500,-0.01592640973139836,-0.0160545978679463,0.008387660503214003,10362.890234375,10304.62509765625,10379.83251953125,10594.4250390625,10157.186015625,-15.0,-0.001447855430127119,233380.0,219260.0,1.49822128979294
2018-03-19,10094.25,10224.5498046875,10075.2998046875,10215.349609375,210200,-0.009896900659531527,-0.00994620052782473,0.008438581968976018,10297.46015625,10278.16513671875,10361.930029296875,10587.44603515625,10159.632763671874,20.19921875,0.001981257556394096,232140.0,220555.0,0.9530502595724423
2018-03-20,10124.349609375,10155.650390625,10049.099609375,10051.5498046875,203000,0.002981856935879268,0.002977420018466655,0.008401641742488303,10236.96015625,10265.67509765625,10349.227490234374,10579.83703125,10162.131762695313,-42.7001953125,-0.004230150364068653,219400.0,221340.0,0.9171410499683744
2018-03-21,10155.25,10227.2998046875,10132.9501953125,10181.9501953125,204800,0.003052086486265315,0.003047438325629427,0.008453776718066188,10185.830078125,10265.780078125,10338.969970703125,10571.7650390625,10164.801762695313,57.6005859375,0.005689312218551076,224080.0,222195.0,0.9217129098314544
2018-03-22,10114.75,10207.849609375,10105.400390625,10167.5,230500,-0.003988084980675044,-0.003996058598285198,0.00840897987965144,10136.75,10252.9900390625,10324.8349609375,10561.588046875,10167.295014648438,12.25,0.0012062726176115801,235400.0,222015.0,1.0382181384140712
2018-03-23,9998.0498046875,10027.7001953125,9951.900390625,9968.7998046875,285700,-0.011537625281148767,-0.011604700101594518,0.008712653608330222,10097.3298828125,10230.11005859375,10305.60244140625,10548.80904296875,10169.017763671874,-145.9501953125,-0.014429441687881558,226840.0,220620.0,1.2949868552261807
2018-03-26,10130.650390625,10143.5,9958.5498046875,9989.150390625,262600,0.013262645068574441,0.01317546616079525,0.008942364284554081,10104.6099609375,10201.03505859375,10287.582470703124,10538.778046875,10171.295517578124,-8.8994140625,-0.0008901149960592901,237320.0,223220.0,1.1764178837021773
2018-03-27,10184.150390625,10207.900390625,10139.650390625,10188.0,225700,0.005281003483202706,0.005267107884641591,0.008762129459698264,10116.5701171875,10176.76513671875,10267.660009765625,10529.43705078125,10174.030517578125,57.349609375,0.005660999754573692,241860.0,225910.0,0.9990704262759506
2018-03-28,10113.7001953125,10158.349609375,10096.900390625,10143.599609375,344400,-0.006917631084606968,-0.006941668814759831,0.008833441722193358,10108.26015625,10147.0451171875,10245.630029296875,10518.0860546875,10176.279516601562,-40.55078125,-0.0039817539701032835,269780.0,233755.0,1.4733374687172467
2018-04-02,10211.7998046875,10220.099609375,10127.75,10151.650390625,225400,0.009699675438319622,0.009652935584409928,0.009164211980791712,10127.6701171875,10132.21005859375,10231.5775390625,10507.4910546875,10179.102265625,37.9501953125,0.0037523551795701007,268760.0,230725.0,0.9769205764438184
2018-04-03,10245.0,10255.349609375,10171.0498046875,10186.849609375,205300,0.0032511600254110373,0.0032458864317621047,0.009206734263602771,10177.06015625,10137.19501953125,10220.91005859375,10498.38205078125,10181.986015625,-24.9501953125,-0.0024432710971328646,252680.0,232190.0,0.8841896722511736
2018-04-04,10128.400390625,10279.849609375,10111.2998046875,10274.599609375,231100,-0.011381123413860439,-0.011446384030859532,0.009306646282885137,10176.61015625,10140.61005859375,10209.38759765625,10485.1790625,10184.546015625,29.599609375,0.00288917612249878,246380.0,234045.0,0.9874169497318892
2018-04-05,10325.150390625,10331.7998046875,10227.4501953125,10228.4501953125,236800,0.019425574859986305,0.019239306758980577,0.010081392922951229,10204.81015625,10160.69013671875,10213.1826171875,10475.3420703125,10188.137265625,100.0498046875,0.009878144704874385,248600.0,234740.0,1.008775666695067
2018-04-06,10331.599609375,10350.4501953125,10290.849609375,10322.75,200200,0.0006246125727966678,0.0006244175835545499,0.00982018496071569,10248.3900390625,10178.32509765625,10222.052587890625,10464.08005859375,10191.70451171875,-2.400390625,-0.00023247996728255888,219760.0,232275.0,0.861909374663653
2018-04-09,10379.349609375,10397.7001953125,10328.5,10333.7001953125,221600,0.004621743176794313,0.004611095715747583,0.009690992864683218,10281.9,10204.78505859375,10228.887548828125,10452.343046875,10195.711010742187,2.1005859375,0.00020331662249027795,219000.0,232035.0,0.9550283362423773
2018-04-10,10402.25,10424.849609375,10381.5,10412.900390625,251700,0.002206341580816895,0.0022039111834326382,0.009681429256328538,10313.35,10245.205078125,10237.657568359375,10438.71404296875,10199.78201171875,33.55078125,0.003232455068253577,228280.0,235295.0,1.069720988546293
2018-04-11,10417.150390625,10428.150390625,10355.599609375,10428.150390625,250400,0.0014324199692374862,0.001431395034394698,0.008696781071670443,10371.1,10273.855078125,10237.445068359375,10425.33705078125,10203.580014648438,25.900390625,0.002489883498762287,232140.0,236995.0,1.0565623747336441
2018-04-12,10458.650390625,10469.900390625,10395.25,10410.650390625,238600,0.003983815001590951,0.0039759006232568585,0.00874172460852598,10397.8,10301.305078125,10239.035107421874,10413.11705078125,10207.605766601562,-6.5,-0.000623971024345557,232500.0,235590.0,1.0127764336347043
2018-04-13,10480.599609375,10519.900390625,10451.4501953125,10495.2998046875,213100,0.002098666456015641,0.002096467331850084,0.008741839718090985,10427.6,10337.99501953125,10242.520068359376,10400.12103515625,10211.840766601563,36.6494140625,0.0035042202094595363,235080.0,237175.0,0.8984926741857279
2018-04-16,10528.349609375,10540.150390625,10396.349609375,10398.2998046875,195000,0.004556037037927396,0.004545689717794212,0.008698292028387258,10457.4,10369.65,10250.930029296875,10389.69501953125,10216.332514648437,-82.2998046875,-0.00785258551561134,229760.0,238230.0,0.8185367082231457
2018-04-17,10548.7001953125,10560.4501953125,10495.650390625,10557.2998046875,206100,0.001932932196645476,0.0019310664870136763,0.007751489729698146,10486.6900390625,10400.02001953125,10268.60751953125,10380.11501953125,10221.201264648438,28.9501953125,0.002749737270001104,220640.0,232110.0,0.8879410624272974
2018-04-18,10526.2001953125,10594.2001953125,10509.7001953125,10578.900390625,205400,-0.002132964212026689,-0.0021352422200410556,0.007320773426092896,10508.5,10439.8,10290.205029296874,10370.301015625,10226.275263671874,30.2001953125,0.0028629304799012096,211640.0,231870.0,0.8858412041229999
2018-04-19,10565.2998046875,10572.2001953125,10546.2001953125,10563.650390625,262600,0.0037145036812440413,0.0037076219486611,0.007327129330297344,10529.8298828125,10463.81494140625,10312.2525390625,10366.39501953125,10231.645512695313,37.4501953125,0.0035578076245573616,216440.0,234850.0,1.1181605279965936
2018-04-20,10564.0498046875,10582.349609375,10527.4501953125,10560.349609375,244600,-0.00011831183431687542,-0.00011831883371402492,0.007341079333108088,10546.519921875,10487.0599609375,10332.692529296875,10364.34501953125,10236.945263671874,-4.9501953125,-0.0004685333501188248,222740.0,236840.0,1.0327647356865395
2018-04-23,10584.7001953125,10638.349609375,10514.9501953125,10592.7998046875,194200,0.0019547797489403163,0.0019528716532068399,0.0072049227501789995,10557.7900390625,10507.59501953125,10356.1900390625,10366.0740234375,10242.264262695313,28.75,0.002721494174255312,222580.0,235025.0,0.8262950749920221
2018-04-24,10614.349609375,10636.7998046875,10569.0,10578.099609375,219200,0.0028011576629851653,0.002797241731914462,0.006427156339592699,10570.919921875,10528.80498046875,10387.005029296875,10368.82701171875,10247.261010742188,-6.6005859375,-0.0006235968724388727,225200.0,231700.0,0.9460509279240397
2018-04-25,10570.5498046875,10612.599609375,10536.4501953125,10612.400390625,189200,-0.00412647089076601,-0.004135008266019891,0.006137548762054528,10579.78984375,10544.144921875,10409.0,10368.701015625,10252.047260742187,-1.94921875,-0.0001836399611595962,221960.0,228030.0,0.8297153883260975
2018-04-26,10617.7998046875,10628.400390625,10559.650390625,10586.5,335100,0.0044699661676110836,0.004460005540255803,0.006118390287711668,10590.28984375,10560.05986328125,10430.682470703125,10371.9580078125,10256.94826171875,15.9501953125,0.0015089276912944396,236460.0,233500.0,1.435117773019272
2018-04-27,10692.2998046875,10719.7998046875,10647.5498046875,10651.650390625,0,0.007016519558704637,0.006992018327494462,0.005823142401825604,10615.93984375,10581.2298828125,10459.612451171875,10375.00900390625,10262.03701171875,33.8505859375,0.003188097963813161,187540.0,216280.0,0.0
2018-04-30,10739.349609375,10759.0,10704.599609375,10705.75,173800,0.004400344691688707,0.004390691482923282,0.005609384262228218,10646.8697265625,10602.3298828125,10485.98994140625,10379.77798828125,10267.404760742187,13.4501953125,0.0012579328636673132,183460.0,213700.0,0.8132896583996256
2018-05-02,10718.0498046875,10784.650390625,10689.7998046875,10783.849609375,229700,-0.0019833421447520427,-0.0019853115722468315,0.00569574065059138,10667.609765625,10619.26484375,10509.642431640625,10383.228984375,10272.139760742188,44.5,0.004143640128928606,185560.0,214920.0,1.0687697747999256
2018-05-03,10679.650390625,10720.599609375,10647.4501953125,10720.150390625,185200,-0.003582686660562606,-0.003589119852419833,0.00492668329370137,10689.4298828125,10634.60986328125,10537.204931640625,10387.77599609375,10276.607763671875,2.1005859375,0.00019598583471606154,184760.0,212625.0,0.8710170487948266
2018-05-04,10618.25,10700.4501953125,10601.599609375,10700.4501953125,186500,-0.0057492884485150775,-0.005765879228025447,0.003397798597441154,10689.519921875,10639.9048828125,10551.859912109376,10392.57298828125,10280.618515625,20.7998046875,0.0019476110103528157,155040.0,210110.0,0.8876302888962924
2018-05-07,10715.5,10725.650390625,10635.650390625,10653.150390625,168400,0.00915875968262192,0.009117072584576636,0.0038058690289469945,10694.1599609375,10655.04990234375,10571.054931640625,10399.67498046875,10284.737514648437,34.900390625,0.0032868307513008264,188720.0,208520.0,0.8075963936313063
2018-05-08,10717.7998046875,10758.5498046875,10689.400390625,10757.900390625,269800,0.00021462411343375898,0.00021460108497364168,0.003763235041525201,10689.85,10668.35986328125,10587.97744140625,10406.08197265625,10288.894765625,42.400390625,0.003956921340581401,207920.0,210930.0,1.2790973308680604
2018-05-09,10741.7001953125,10766.25,10689.849609375,10693.349609375,215400,0.0022299717349214543,0.002227489038162844,0.003763435037647813,10694.580078125,10681.094921875,10604.949951171875,10413.26197265625,10293.023515625,-24.4501953125,-0.0022812700141876642,205060.0,209115.0,1.0300552327666594
2018-05-10,10716.5498046875,10785.5498046875,10705.0,10779.650390625,192100,-0.0023413789407356056,-0.002344124254457977,0.0038661973899007745,10701.9599609375,10695.694921875,10619.919921875,10417.77197265625,10297.470512695312,37.9501953125,0.0035329784505678937,206440.0,206200.0,0.9316197866149369
2018-05-11,10806.5,10812.0498046875,10724.4501953125,10741.9501953125,203100,0.00839357787271755,0.008358547680564028,0.004136133771294139,10739.6099609375,10714.56494140625,10637.31240234375,10422.24998046875,10302.005014648437,25.400390625,0.0023702022654613778,209760.0,204425.0,0.9935184052831112
2018-05-14,10806.599609375,10834.849609375,10774.75,10815.150390625,171400,9.217542682682378e-06,9.217500201396874e-06,0.004150444971245442,10757.8298828125,10725.994921875,10653.61240234375,10427.2959765625,10306.671513671876,8.650390625,0.0008004803243418313,210360.0,202340.0,0.8470890580211525
2018-05-15,10801.849609375,10929.2001953125,10781.400390625,10812.599609375,254300,-0.0004395462191344457,-0.00043964284789006357,0.00410955864768078,10774.63984375,10732.244921875,10667.28740234375,10433.4759765625,10311.10451171875,6.0,0.0005552162768013397,207260.0,205305.0,1.2386449428898467
2018-05-16,10741.099609375,10790.4501953125,10699.7001953125,10751.9501953125,231100,-0.005624036826737067,-0.005639911268794516,0.004385580613767986,10774.5197265625,10734.54990234375,10676.907373046875,10439.1309765625,10314.9780078125,-49.8994140625,-0.004619524976462545,210400.0,206555.0,1.1188303357459273
2018-05-17,10682.7001953125,10777.25,10664.5,10775.599609375,214100,-0.005437005165795927,-0.005451839472282671,0.004564932958081444,10767.7498046875,10734.8548828125,10684.732373046874,10445.60798828125,10318.568759765625,34.5,0.0032119616477523268,214800.0,206990.0,1.0343494854823905
2018-05-18,10596.400390625,10674.9501953125,10589.099609375,10671.849609375,223000,-0.008078463600931896,-0.008111271197454395,0.004910181985036693,10725.7298828125,10732.669921875,10686.28740234375,10452.55099609375,10321.447509765625,-10.8505859375,-0.0010157156654327121,218780.0,205010.0,1.0877518169845373
2018-05-21,10516.7001953125,10621.7001953125,10505.7998046875,10616.7001953125,0,-0.007521440524559053,-0.007549869197766206,0.005202485276514253,10667.75,10712.78994140625,10683.919921875,10459.80099609375,10323.92826171875,20.2998046875,0.0019157264674011314,184500.0,192780.0,0.0
2018-05-22,10536.7001953125,10558.599609375,10490.5498046875,10518.4501953125,241700,0.0019017372016476575,0.0018999311888009693,0.005201336091981188,10614.7201171875,10694.67998046875,10681.519921875,10465.6819921875,10326.539262695313,1.75,0.000166402005144162,181980.0,195155.0,1.2385027286003434
2018-05-23,10430.349609375,10533.5498046875,10417.7998046875,10521.099609375,290900,-0.010093348388598211,-0.010144631600820039,0.005592339422839087,10552.5701171875,10663.544921875,10672.319921875,10469.7519921875,10328.305512695313,-15.6005859375,-0.0014805950295938275,193940.0,198740.0,1.4637214451041562
2018-05-24,10513.849609375,10535.150390625,10419.7998046875,10464.849609375,297600,0.008005484296034426,0.007973610404251362,0.0058703412456460055,10518.8,10643.27490234375,10669.484912109376,10471.6009765625,10330.301508789062,34.5,0.003307655188181874,210640.0,204160.0,1.457680250783699
2018-05-25,10605.150390625,10628.0498046875,10524.0,10533.0498046875,260800,0.00868385840031305,0.008646370571623485,0.006119108688113792,10520.55,10623.13994140625,10668.85244140625,10475.1669921875,10332.919760742188,19.2001953125,0.0018261812776339838,218200.0,200445.0,1.301105041283145
2018-05-28,10688.650390625,10709.7998046875,10640.5498046875,10648.349609375,232600,0.007873532851907061,0.00784269833741265,0.0061738935298541854,10554.9400390625,10611.34501953125,10668.669970703126,10480.7219921875,10336.294760742188,43.19921875,0.004073418778501086,264720.0,212075.0,1.0967817988919015
2018-05-29,10633.2998046875,10717.25,10616.099609375,10689.400390625,225800,-0.005178444790938985,-0.005191899405584954,0.006186179701419466,10574.2599609375,10594.4900390625,10663.36748046875,10486.18498046875,10339.1292578125,0.75,7.016788580322769e-05,261540.0,214675.0,1.051822522417608
2018-05-30,10614.349609375,10648.7001953125,10558.4501953125,10579.0,238700,-0.0017821556488181178,-0.0017837455774774606,0.006183765987601681,10611.0599609375,10581.8150390625,10658.182470703125,10494.56896484375,10341.91400390625,-54.2998046875,-0.00510658080604131,251100.0,215125.0,1.1095874491574667
2018-05-31,10736.150390625,10763.7998046875,10620.400390625,10670.099609375,610300,0.011475105468772284,0.011409765823805856,0.006681220516359642,10655.5201171875,10587.16005859375,10661.007470703125,10507.40697265625,10345.702006835938,55.75,0.005252323698736987,313640.0,236380.0,2.5818597174041797
2018-06-01,10696.2001953125,10764.75,10681.5,10738.4501953125,220600,-0.0037210912532843476,-0.003728031736138272,0.0065997039039088785,10673.730078125,10597.1400390625,10664.90498046875,10518.843984375,10349.642758789063,2.2998046875,0.0002142112958391707,305600.0,238085.0,0.9265598420732092
2018-06-04,10628.5,10770.2998046875,10618.349609375,10765.9501953125,203800,-0.006329368754912523,-0.00634948413268003,0.006422494898364778,10661.7,10608.32001953125,10660.55498046875,10528.308984375,10353.684008789063,69.75,0.006521007341519956,299840.0,239855.0,0.849680015009068
2018-06-05,10593.150390625,10633.150390625,10550.900390625,10630.7001953125,167700,-0.003325926459519235,-0.003331469647161854,0.006453730656940376,10653.6701171875,10613.9650390625,10654.322509765625,10537.8769921875,10358.09576171875,2.2001953125,0.00020700901467751799,288220.0,234750.0,0.7143769968051118
2018-06-06,10684.650390625,10698.349609375,10587.5,10603.4501953125,189900,0.0086376570355291,0.00860056590990892,0.006751943493232189,10667.7302734375,10639.3951171875,10651.47001953125,10551.60900390625,10362.54826171875,10.2998046875,0.0009723079827711487,278460.0,233475.0,0.8133633151300996
2018-06-07,10768.349609375,10818.0,10722.599609375,10722.599609375,220900,0.007833594520176401,0.007803071219768874,0.006965593467918183,10674.1701171875,10664.8451171875,10654.060009765624,10564.36298828125,10366.903510742188,37.94921875,0.003551751097377755,200580.0,234915.0,0.9403401230232211
2018-06-08,10767.650390625,10779.4501953125,10709.0498046875,10736.400390625,209400,-6.493276828523076e-05,-6.49348765086917e-05,0.006697657406041678,10688.46015625,10681.0951171875,10652.117529296875,10576.03298828125,10371.221010742187,-31.94921875,-0.0029669559318713785,198340.0,235230.0,0.8901925774773626
2018-06-11,10786.9501953125,10850.5498046875,10777.0498046875,10781.849609375,211400,0.0017923877528847054,0.0017907833428202438,0.006711865074044996,10720.1501953125,10690.92509765625,10651.13505859375,10589.49798828125,10375.968759765625,14.19921875,0.0013186924013025851,199860.0,237230.0,0.8911183239893774
2018-06-12,10842.849609375,10856.5498046875,10789.400390625,10816.150390625,198300,0.005182133323169635,0.005168752278609608,0.006812517224713442,10770.0900390625,10711.880078125,10653.18505859375,10602.118984375,10381.411259765626,29.2001953125,0.0027069926887387527,205980.0,234430.0,0.8458814998080451
2018-06-13,10856.7001953125,10893.25,10842.650390625,10887.5,213400,0.0012773935299743577,0.001276578356983104,0.0066747721385056104,10804.5,10736.11513671875,10658.965087890625,10614.35298828125,10386.86701171875,44.650390625,0.00411795720069696,210680.0,233545.0,0.913742533558843
2018-06-14,10808.0498046875,10833.7001953125,10773.5498046875,10832.900390625,184300,-0.0044811397339686865,-0.004491210136474933,0.006632888698777522,10812.4400390625,10743.305078125,10665.232568359375,10627.9459765625,10391.644760742187,-23.7998046875,-0.0021921766521448044,203360.0,232055.0,0.7942082695912607
2018-06-15,10817.7001953125,10834.0,10755.400390625,10808.650390625,305400,0.000892889170515776,0.0008924907821071907,0.006310297203686503,10822.45,10755.455078125,10676.29755859375,10637.79697265625,10396.448012695313,0.6005859375,5.556839100052289e-05,222560.0,236175.0,1.2931089234677675
2018-06-18,10799.849609375,10830.2001953125,10787.349609375,10830.2001953125,196600,-0.00165012762557748,-0.0016514905857463397,0.006020319261663741,10825.0298828125,10772.5900390625,10690.455029296874,10647.16197265625,10400.88326171875,12.5,0.0011555136280645372,219600.0,246005.0,0.7991707485620211
2018-06-19,10710.4501953125,10789.4501953125,10701.2001953125,10789.4501953125,224500,-0.008277838793689818,-0.00831229035595547,0.006389869783591376,10798.55,10784.32001953125,10699.142529296874,10653.783984375,10405.455263671874,-10.3994140625,-0.0009629221182369618,224840.0,245145.0,0.9157845356829631
2018-06-20,10772.0498046875,10781.7998046875,10724.0498046875,10734.650390625,193500,0.005751355755517995,0.005734879851344152,0.0059289149443835934,10781.619921875,10793.0599609375,10716.2275390625,10661.17998046875,10409.893510742188,24.2001953125,0.002259493753408365,220860.0,240275.0,0.8053272292165228
2018-06-21,10741.099609375,10809.599609375,10725.900390625,10808.4501953125,223600,-0.0028731945983977436,-0.002877330145384961,0.005811047401046431,10768.2298828125,10790.3349609375,10727.5900390625,10667.65896484375,10414.009506835937,36.400390625,0.003379151719959578,228720.0,236575.0,0.9451548134840959
2018-06-22,10821.849609375,10837.0,10710.4501953125,10742.7001953125,229800,0.007517852262492797,0.00748973404895337,0.005736173105058056,10769.059765625,10795.7548828125,10738.425,10674.92294921875,10418.246752929688,1.6005859375,0.00014901509116468706,213600.0,235025.0,0.977768322518881
2018-06-25,10762.4501953125,10831.0498046875,10753.0498046875,10822.900390625,229600,-0.005488841206131911,-0.0055039602444048865,0.00567467325690645,10761.5798828125,10793.3048828125,10742.114990234375,10680.5599609375,10422.494755859376,1.05078125,9.709811981583122e-05,220200.0,234875.0,0.9775412453432677
2018-06-26,10769.150390625,10805.25,10732.5498046875,10742.7001953125,220000,0.0006225529680423669,0.0006223592623338975,0.0055229462131229845,10773.319921875,10785.9349609375,10748.90751953125,10685.3759765625,10426.579506835937,-19.75,-0.0018350839856710282,219300.0,234585.0,0.9378263742353518
2018-06-27,10671.400390625,10785.5,10652.400390625,10785.5,246000,-0.009076853461448153,-0.009118299083682797,0.005918672049450055,10753.1900390625,10767.40498046875,10751.76005859375,10687.82998046875,10430.3555078125,16.349609375,0.0015181893447446908,229800.0,234950.0,1.0470312832517557
2018-06-28,10589.099609375,10674.2001953125,10557.7001953125,10660.7998046875,352300,-0.007712275637441368,-0.007742169031781291,0.0055530968554935774,10722.7900390625,10745.5099609375,10744.40751953125,10689.08796875,10433.65150390625,-10.6005859375,-0.0009933640899476312,255540.0,222050.0,1.5865795991893719
2018-06-29,10714.2998046875,10723.0498046875,10612.349609375,10612.849609375,242800,0.011823497741172861,0.011754146307527904,0.0061590463737874555,10701.280078125,10735.169921875,10745.3125,10692.06796875,10437.54900390625,23.75,0.002242872470382002,258140.0,223160.0,1.088008603692418
2018-07-02,10657.2998046875,10736.150390625,10604.650390625,10732.349609375,295400,-0.005319993003655044,-0.005334194556937323,0.006107487479413141,10680.25,10720.91494140625,10746.752490234376,10693.93296875,10440.80525390625,18.0498046875,0.001684646222014734,271300.0,227740.0,1.2970931764292615
2018-07-03,10699.900390625,10713.2998046875,10630.25,10668.599609375,202100,0.003997315147197256,0.003989347109783859,0.006107462473611195,10666.4,10719.8599609375,10752.089990234375,10696.23697265625,10443.839506835937,11.2998046875,0.0010602877740691786,267720.0,229460.0,0.8807635317702431
2018-07-04,10769.900390625,10777.150390625,10677.75,10715.0,173900,0.006542116977213297,0.0065208102070441875,0.005977446032630689,10686.1,10719.64501953125,10756.352490234374,10699.34798828125,10447.292509765624,15.099609375,0.0014111915834496853,253300.0,228660.0,0.7605177993527508
2018-07-05,10749.75,10786.0498046875,10726.25,10786.0498046875,220500,-0.0018709913642785958,-0.0018727438548922296,0.005732349903414226,10718.230078125,10720.51005859375,10755.422509765625,10702.9319921875,10450.60826171875,16.1494140625,0.0014994952113538363,226940.0,228640.0,0.9643981805458363
2018-07-06,10772.650390625,10816.349609375,10735.0498046875,10744.150390625,0,0.0021303184376380013,0.002128052526818883,0.0057534472810582184,10729.9001953125,10715.59013671875,10755.672509765625,10706.02900390625,10454.04451171875,-5.599609375,-0.0005209060094420801,178380.0,218170.0,0.0
2018-07-09,10852.900390625,10860.349609375,10807.150390625,10838.2998046875,183600,0.007449420253147654,0.007421810355794803,0.0059788294556283525,10769.0203125,10724.63515625,10758.97001953125,10709.241015625,10457.543515625,65.6494140625,0.006094081928030638,156020.0,216780.0,0.8469415997785774
2018-07-10,10947.25,10956.900390625,10876.650390625,10902.75,197000,0.008693492612951825,0.008655921796766377,0.006177325645313396,10818.490234375,10742.4451171875,10764.1900390625,10713.3990234375,10461.542016601563,49.849609375,0.0045932062011793005,155000.0,216715.0,0.9090279860646471
2018-07-11,10948.2998046875,10976.650390625,10923.0,10956.400390625,222300,9.589665783638068e-05,9.589206004582807e-05,0.006175122349507449,10854.1701171875,10770.13505859375,10768.77001953125,10718.0040234375,10465.577763671876,9.150390625,0.0008358620315604376,164680.0,217160.0,1.0236691840117886
2018-07-12,11023.2001953125,11078.2998046875,10999.650390625,11006.9501953125,248300,0.006841280560560881,0.006817985187144955,0.006219234244318469,10908.86015625,10813.5451171875,10779.5275390625,10724.87501953125,10470.084262695313,58.650390625,0.005357031837937879,170240.0,220360.0,1.1267925213287349
2018-07-13,11018.900390625,11071.349609375,10999.75,11056.900390625,0,-0.0003900686380828855,-0.00039014473464332456,0.0062270564554869024,10958.11015625,10844.00517578125,10789.587548828125,10732.88802734375,10475.356762695312,33.7001953125,0.003057206139359662,170240.0,205090.0,0.0
2018-07-16,10936.849609375,11019.5,10926.25,11018.9501953125,210500,-0.0074463674542162295,-0.007474230051277428,0.00648355749053104,10974.9,10871.96015625,10796.437548828126,10737.31501953125,10480.678012695313,0.0498046875,4.519932637051004e-06,175620.0,205785.0,1.0229122627985519
2018-07-17,11008.0498046875,11018.5,10925.599609375,10939.650390625,210600,0.006510119262449043,0.006489019959189796,0.006250816852406448,10987.0599609375,10902.77509765625,10811.317529296875,10743.12001953125,10486.36076171875,2.80078125,0.00025608665658154314,178340.0,205090.0,1.0268662538397777
2018-07-18,10980.4501953125,11076.2001953125,10956.2998046875,11060.2001953125,225500,-0.002507220612614547,-0.0025103689537061304,0.006220236224074419,10993.4900390625,10923.830078125,10821.737548828125,10747.89501953125,10492.584262695313,52.150390625,0.004737477714062765,178980.0,206690.0,1.091005854177754
2018-07-19,10957.099609375,11006.5,10935.4501953125,10999.5,215400,-0.0021265599790679657,-0.00212882431847883,0.0061981142845228075,10980.269921875,10944.5650390625,10832.537548828124,10752.706015625,10498.525009765624,19.0498046875,0.0017348837569184793,172400.0,206280.0,1.0442117510180338
2018-07-20,11010.2001953125,11030.25,10946.2001953125,10963.5,187300,0.00484622644956767,0.004834521296150269,0.006078201051730624,10978.5298828125,10968.32001953125,10841.955078125,10756.78001953125,10504.633012695313,6.400390625,0.0005841318280545486,209860.0,204155.0,0.9174401802551982
2018-07-23,11084.75,11093.400390625,11010.9501953125,11019.849609375,229100,0.006770976309698584,0.0067481562013002455,0.0060199506968312295,11008.1099609375,10991.50498046875,10858.070068359375,10762.34302734375,10510.759262695312,9.6494140625,0.0008764067765641679,213580.0,204130.0,1.1223240092098172
2018-07-24,11134.2998046875,11143.400390625,11092.5,11109.0,205800,0.00447008770495505,0.004460126536742217,0.00605203994132751,11033.3599609375,11010.2099609375,10876.3275390625,10768.99203125,10516.856259765626,24.25,0.002187690295225422,212620.0,203420.0,1.0116999311768755
2018-07-25,11132.0,11157.150390625,11113.25,11148.400390625,205900,-0.0002065513528324292,-0.00020657268750096133,0.0055237516515228005,11063.669921875,11028.57998046875,10899.35751953125,10776.8100390625,10523.072758789063,14.1005859375,0.0012664097594680991,208700.0,201415.0,1.022267457736514
2018-07-26,11167.2998046875,11185.849609375,11125.7001953125,11132.9501953125,365400,0.0031710209025781477,0.0031660038191820943,0.005015900722409326,11105.7099609375,11042.98994140625,10928.267529296874,10786.50203125,10529.010756835938,0.9501953125,8.535710676428315e-05,238700.0,202070.0,1.8082842579304201
2018-07-27,11278.349609375,11283.400390625,11210.25,11232.75,314600,0.009944194803553685,0.00989507665693427,0.004850342642339073,11159.33984375,11068.93486328125,10956.47001953125,10800.141015625,10535.458754882813,65.4501953125,0.005860879214958223,264160.0,205660.0,1.529709228824273
2018-07-30,11319.5498046875,11328.099609375,11261.4501953125,11296.650390625,278800,0.0036530340643325943,0.0036463779405013436,0.004482193697845609,11206.2998046875,11107.2048828125,10989.58251953125,10816.1980078125,10541.971752929687,18.30078125,0.0016226470967691659,274100.0,204830.0,1.3611287409070938
2018-07-31,11356.5,11366.0,11267.75,11311.0498046875,256500,0.0032642813495284972,0.003258965149071806,0.004476847481454164,11250.73984375,11142.04990234375,11022.4125,10832.59400390625,10548.83025390625,-8.5,-0.0007509132559741991,284240.0,207550.0,1.2358467839074923
2018-08-01,11346.2001953125,11390.5498046875,11313.5498046875,11359.7998046875,269700,-0.0009069523785937283,-0.0009073639087465626,0.004475790013321783,11293.5798828125,11178.62490234375,11051.227490234374,10850.911015625,10555.079252929687,3.2998046875,0.00029056528750055034,297000.0,212340.0,1.2701328058773664
2018-08-02,11244.7001953125,11328.900390625,11234.9501953125,11328.900390625,210000,-0.008945726168478219,-0.008985979419681003,0.005087163889538991,11309.0599609375,11207.3849609375,11075.975,10865.52802734375,10560.465502929688,-17.2998046875,-0.0015247223202219838,265920.0,211815.0,0.9914312017562495
2018-08-03,11360.7998046875,11368.0,11294.5498046875,11297.7998046875,218300,0.010324829240302646,0.010271892255968624,0.005396303637127986,11325.55,11242.444921875,11105.382470703125,10880.641015625,10566.11525390625,53.099609375,0.004722189871912749,246660.0,222730.0,0.9801104476271719
2018-08-06,11387.099609375,11427.650390625,11370.599609375,11401.5,203700,0.0023149606664707445,0.0023122852731850252,0.005278062599735754,11339.0599609375,11272.6798828125,11132.092431640625,10894.61,10571.878500976563,40.7001953125,0.0035825114439308205,231640.0,223735.0,0.9104520973473083
2018-08-07,11389.4501953125,11428.9501953125,11359.7001953125,11423.150390625,226400,0.00020642534254866618,0.00020640403976921495,0.005084641411823401,11345.65,11298.194921875,11154.20244140625,10909.7330078125,10577.77150390625,36.05078125,0.0031659318427599763,225620.0,225205.0,1.00530627650363
2018-08-08,11450.0,11459.9501953125,11379.2998046875,11412.5,210500,0.005316306199962151,0.005302224530419492,0.005115961847192522,11366.4099609375,11329.994921875,11179.287451171875,10926.446015625,10584.288754882813,23.0498046875,0.0020237855464688274,213780.0,224615.0,0.9371591389711283
2018-08-09,11470.7001953125,11495.2001953125,11454.099609375,11493.25,302200,0.001807877319869089,0.0018062450766348273,0.005000997801521599,11411.6099609375,11360.3349609375,11201.662451171875,10941.13701171875,10590.7180078125,43.25,0.003777292576419214,232220.0,227310.0,1.329461968237209
2018-08-10,11429.5,11478.75,11419.650390625,11474.9501953125,0,-0.003591776841080363,-0.003598242758917501,0.005131201215990567,11425.35,11375.45,11222.192431640626,10955.8030078125,10596.827006835938,4.25,0.00037050920411438895,188560.0,227310.0,0.0
2018-08-13,11355.75,11406.2998046875,11340.2998046875,11369.599609375,246900,-0.006452600726191027,-0.006473508743511776,0.00504051816883303,11419.080078125,11379.07001953125,11243.137451171875,10970.3480078125,10602.129008789063,-59.900390625,-0.005240858359945755,197200.0,229130.0,1.0775542268581155
2018-08-14,11435.099609375,11452.4501953125,11370.7998046875,11381.7001953125,232600,0.006987615029830696,0.00696331478277028,0.005064611045328948,11428.2099609375,11386.92998046875,11264.48994140625,10987.1869921875,10607.5855078125,25.9501953125,0.002285203118464214,198440.0,230230.0,1.0102940537723146
2018-08-16,11385.0498046875,11449.849609375,11366.25,11397.150390625,290600,-0.004376857779749166,-0.004386464262815843,0.005166794995414173,11415.219921875,11390.81494140625,11284.719921875,11001.19498046875,10612.8955078125,-37.94921875,-0.0033186609689772667,214460.0,233485.0,1.2446195687089106
2018-08-17,11470.75,11486.4501953125,11431.7998046875,11437.150390625,234700,0.0075274326228431665,0.007499242877784467,0.0052289213575869384,11415.2298828125,11413.419921875,11310.40244140625,11015.24298828125,10618.431005859375,52.1005859375,0.004576228196739985,200960.0,234450.0,1.0010663254425252
2018-08-20,11551.75,11565.2998046875,11499.650390625,11502.099609375,232600,0.007061438877143944,0.007036623669863275,0.0053084132776177705,11439.6798828125,11432.51494140625,11337.479931640624,11030.92498046875,10624.513256835937,31.349609375,0.0027330043262210404,247480.0,236715.0,0.9826162262636504
2018-08-21,11570.900390625,11581.75,11539.599609375,11576.2001953125,224200,0.00165779129785526,0.001656418678663017,0.00520989868503748,11482.7099609375,11450.89501953125,11361.787451171875,11046.603984375,10630.165258789062,24.4501953125,0.0021165793332179107,242940.0,236470.0,0.948111811223411
2018-08-23,11582.75,11620.7001953125,11546.7001953125,11620.7001953125,248500,0.0010240870610727093,0.001023563041648874,0.005186455713617957,11512.2400390625,11470.225,11384.2099609375,11061.4019921875,10635.960009765626,49.7998046875,0.00430388327669374,246120.0,238605.0,1.0414702122755182
2018-08-24,11557.099609375,11604.599609375,11532.0,11566.599609375,218800,-0.0022145337355118366,-0.0022169894415104054,0.005250237846971404,11546.65,11480.9349609375,11405.46494140625,11075.40998046875,10641.4830078125,-16.150390625,-0.0013943485463296713,231760.0,239250.0,0.9145245559038663
2018-08-27,11691.9501953125,11700.9501953125,11595.599609375,11605.849609375,199500,0.011668203138797129,0.011600654595540067,0.005685254058997184,11590.8900390625,11503.0599609375,11431.6974609375,11093.08798828125,10647.683759765625,48.75,0.004218186365760359,224720.0,230955.0,0.8638046372670001
2018-08-28,11738.5,11760.2001953125,11710.5,11731.9501953125,241900,0.003981355027167455,0.003973450407027797,0.005413903360839956,11628.2400390625,11533.9599609375,11454.70498046875,11111.503984375,10654.6255078125,40.0,0.00342115723483296,226580.0,227320.0,1.064138659158895
2018-08-29,11691.900390625,11753.2001953125,11678.849609375,11744.9501953125,251600,-0.003969809547642367,-0.003977710157774837,0.005558926086293478,11652.4400390625,11567.575,11473.322509765625,11129.345,10661.5692578125,6.4501953125,0.0005494905918558589,232060.0,225960.0,1.1134714108691803
2018-08-30,11676.7998046875,11698.7998046875,11639.7001953125,11694.75,313800,-0.0012915424723947133,-0.0012923772322029556,0.005581910210333254,11671.25,11591.74501953125,11489.3375,11148.6719921875,10668.408505859376,2.849609375,0.0002437250814491135,245120.0,228825.0,1.3713536545394953
2018-08-31,11680.5,11727.650390625,11640.099609375,11675.849609375,346500,0.00031688436681198695,0.0003168341695652239,0.005561887235041696,11695.930078125,11621.2900390625,11506.052490234375,11166.84099609375,10675.202255859374,-0.9501953125,-8.137463418003933e-05,270660.0,232665.0,1.4892656824189285
2018-09-03,11582.349609375,11751.7998046875,11567.400390625,11751.7998046875,234400,-0.00840292715423141,-0.008438430776075216,0.005509476983878093,11674.0099609375,11632.45,11522.9349609375,11183.66599609375,10681.989252929687,71.2998046875,0.006104174024014383,277640.0,233885.0,1.0022019368493063
2018-09-04,11520.2998046875,11602.5498046875,11496.849609375,11598.75,254800,-0.00535727264157837,-0.005371674285373425,0.005298540725988776,11630.369921875,11629.30498046875,11530.9099609375,11197.635,10688.65775390625,16.400390625,0.001415981314510242,280220.0,235710.0,1.0809893513215392
2018-09-05,11476.9501953125,11542.650390625,11393.849609375,11514.849609375,246100,-0.0037628889968090995,-0.003769986473883496,0.00537542117006844,11587.3798828125,11619.9099609375,11535.402490234375,11211.925,10695.452255859374,-5.4501953125,-0.000473094919828594,279120.0,237830.0,1.0347727368288273
2018-09-06,11536.900390625,11562.25,11436.0498046875,11514.150390625,247900,0.005223530144531363,0.005209934834070753,0.005481598272363844,11559.4,11615.325,11542.775,11227.28,10702.0630078125,37.2001953125,0.0032412962223791453,265940.0,238905.0,1.037650949122036
2018-09-07,11589.099609375,11603.0,11484.400390625,11558.25,295900,0.0045245444601755835,0.0045143394792379185,0.005448944219700969,11541.119921875,11618.525,11549.72998046875,11245.633984375,10708.5905078125,21.349609375,0.0018505498575985717,255820.0,243175.0,1.2168191631541072
2018-09-10,11438.099609375,11573.0,11427.2998046875,11570.25,286700,-0.013029485041085365,-0.013115113390097494,0.00623217609261493,11512.269921875,11593.13994140625,11548.099951171875,11262.613984375,10714.287255859375,-18.849609375,-0.0016264947243832136,266280.0,242400.0,1.1827557755775577
2018-09-11,11287.5,11479.400390625,11274.0,11476.849609375,0,-0.013166488710376734,-0.013253935347788789,0.006849743329253611,11465.7099609375,11548.03994140625,11540.999951171874,11274.07798828125,10719.09025390625,38.75,0.00338780053709616,215320.0,242400.0,0.0
2018-09-12,11369.900390625,11380.75,11250.2001953125,11340.099609375,268200,0.0073001453488372725,0.007273628261968242,0.006921492121681378,11444.3,11515.83994140625,11541.707470703124,11288.33,10724.228256835937,52.599609375,0.004659987541528239,219740.0,243465.0,1.1015957119093094
2018-09-14,11515.2001953125,11523.25,11430.5498046875,11443.5,276600,0.012779338401883056,0.012698371727607837,0.007334332508319787,11439.9599609375,11499.67998046875,11545.7125,11304.63599609375,10730.0605078125,73.599609375,0.006473197376090139,225480.0,245665.0,1.1259235137280443
2018-09-17,11377.75,11464.9501953125,11366.900390625,11464.9501953125,201400,-0.011936413868727347,-0.012008224872722099,0.0077737219787880184,11397.6900390625,11469.40498046875,11545.347509765625,11316.79298828125,10735.000756835938,-50.25,-0.004363797341574252,206580.0,241205.0,0.8349743993698306
2018-09-18,11278.900390625,11411.4501953125,11268.9501953125,11381.5498046875,240900,-0.008687975159851424,-0.008725935642451747,0.007792533536862158,11365.8501953125,11439.06005859375,11535.755029296875,11327.37599609375,10739.397509765626,3.7998046875,0.0003339680242139263,197420.0,241515.0,0.9974535743121545
2018-09-19,11234.349609375,11332.0498046875,11210.900390625,11326.650390625,250600,-0.003949922395540484,-0.003957743942134398,0.007593261361684806,11355.2201171875,11410.4650390625,11519.885009765625,11336.60998046875,10743.7180078125,47.75,0.004233568729775263,247540.0,242415.0,1.0337644122682177
2018-09-21,11143.099609375,11346.7998046875,10866.4501953125,11271.2998046875,719000,-0.00812241056873042,-0.008155577062129398,0.007702507899837723,11309.8599609375,11377.07998046875,11498.494970703125,11342.41396484375,10747.627006835937,36.9501953125,0.0032890373361414062,337700.0,267155.0,2.691321517471131
2018-09-24,10967.400390625,11170.150390625,10943.599609375,11164.400390625,0,-0.015767535507102526,-0.015893165427847328,0.008266800638170747,11200.3,11320.12998046875,11467.727490234374,11342.81697265625,10751.331259765626,21.30078125,0.0019115669783727914,282380.0,254730.0,0.0
2018-09-25,11067.4501953125,11080.599609375,10882.849609375,10969.9501953125,405000,0.009122472156029238,0.009081113743931286,0.00867972783656337,11138.2400390625,11267.9650390625,11443.24501953125,11345.19998046875,10756.05951171875,2.5498046875,0.00023248943201522836,323100.0,264040.0,1.5338585062869263
2018-09-26,11053.7998046875,11145.5498046875,10993.0498046875,11145.5498046875,340500,-0.0012333817079910325,-0.001234142949208208,0.008057684908430174,11093.219921875,11229.53505859375,11411.3375,11345.81197265625,10760.689760742187,78.099609375,0.007056693998774736,343020.0,271090.0,1.2560404293776974
2018-09-27,10977.5498046875,11089.4501953125,10953.349609375,11079.7998046875,405700,-0.006898080420062014,-0.006921982157626523,0.007944243794594165,11041.8599609375,11198.5400390625,11373.289990234374,11344.9849609375,10764.986259765625,26.0,0.002352132339955567,374040.0,279280.0,1.452663993125179
2018-09-28,10930.4501953125,11034.099609375,10850.2998046875,11008.099609375,478100,-0.004290539347394984,-0.004299770124143364,0.007945957735307443,10999.330078125,11154.59501953125,11335.21748046875,11344.85697265625,10769.418012695312,30.5498046875,0.002782934737809615,325860.0,290605.0,1.6451884860893653
2018-10-01,11008.2998046875,11035.650390625,10821.5498046875,10930.900390625,387000,0.007122269255513958,0.007097025685968254,0.008275540538946398,11007.5099609375,11103.90498046875,11301.79248046875,11344.86197265625,10773.626010742188,0.4501953125,4.1187261682328994e-05,403260.0,294265.0,1.3151411143017349
2018-10-03,10858.25,10989.0498046875,10843.75,10982.7001953125,386800,-0.01363060666494631,-0.013724356268050715,0.00857160657011089,10965.669921875,11051.95498046875,11260.67998046875,11342.41796875,10776.589008789062,-25.599609375,-0.0023254825748931095,399620.0,296280.0,1.3055218036992036
2018-10-04,10599.25,10754.7001953125,10547.25,10754.7001953125,425100,-0.023852830796859514,-0.024141915818458322,0.009654280780111421,10874.7599609375,10983.98994140625,11211.525,11335.2609765625,10777.974008789062,-103.5498046875,-0.009536509537678723,416540.0,305815.0,1.390056079656001
2018-10-05,10316.4501953125,10540.650390625,10261.900390625,10514.099609375,606400,-0.026681114672028716,-0.027043516339215604,0.010868879031301404,10742.5400390625,10892.2,11151.33251953125,11321.3859765625,10778.3555078125,-85.150390625,-0.008033624136141709,456680.0,323395.0,1.875106294160392
2018-10-08,10348.0498046875,10398.349609375,10198.400390625,10310.150390625,456200,0.003063031253653259,0.003058349730753957,0.011030510430579041,10626.0599609375,10812.69501953125,11094.8875,11306.65197265625,10779.131005859375,-6.2998046875,-0.0006106562401049976,452300.0,333900.0,1.3662773285414795
2018-10-09,10301.0498046875,10397.599609375,10279.349609375,10390.2998046875,430500,-0.004541918611438267,-0.004552264462335634,0.010762092801436014,10484.6099609375,10746.0599609375,11033.094970703125,11289.98697265625,10779.375756835938,42.25,0.004082894921984375,461000.0,343030.0,1.2549922747281579
2018-10-10,10460.099609375,10482.349609375,10318.25,10331.849609375,0,0.015440154906845027,0.015322168649223668,0.011550165207165763,10404.9798828125,10685.32490234375,10976.644970703124,11276.54896484375,10780.010004882812,30.7998046875,0.0029899675539365443,383640.0,328235.0,0.0
2018-10-11,10234.650390625,10335.9501953125,10138.599609375,10169.7998046875,483500,-0.021553257346415555,-0.021788921165731508,0.012008342693047337,10332.0599609375,10603.4099609375,10916.472509765625,11257.8959765625,10779.239506835938,-290.2998046875,-0.027753063118759885,395320.0,338075.0,1.4301560304666125
2018-10-12,10472.5,10492.4501953125,10322.150390625,10331.5498046875,343500,0.02323964183406524,0.022973713528550762,0.013453335637861774,10363.269921875,10552.90498046875,10875.722509765625,11241.778984375,10779.286005859374,96.8994140625,0.009467779588373672,342740.0,355250.0,0.9669247009148487
2018-10-15,10512.5,10526.2998046875,10410.150390625,10524.2001953125,259500,0.003819527333492445,0.003812251460013522,0.013326087399833366,10396.1599609375,10511.1099609375,10832.852490234374,11225.63798828125,10779.627504882812,51.7001953125,0.004936757728574838,303400.0,354815.0,0.7313670504347336
2018-10-16,10584.75,10604.900390625,10525.2998046875,10550.150390625,265200,0.006872770511296089,0.006849260681022563,0.013000133988294516,10452.9,10468.75498046875,10786.32998046875,11210.20298828125,10780.349755859375,37.650390625,0.0035814878121284187,270340.0,354245.0,0.7486344196812941
2018-10-17,10453.0498046875,10710.150390625,10436.4501953125,10688.7001953125,284800,-0.012442447418455793,-0.012520502809902525,0.013016622664970239,10451.4900390625,10428.2349609375,10740.094970703125,11192.33998046875,10780.150004882813,103.9501953125,0.009820751110087626,327300.0,358415.0,0.7946096006026534
2018-10-19,10303.5498046875,10380.099609375,10249.599609375,10339.7001953125,357500,-0.014302046081609565,-0.014405306077947945,0.013179184966445654,10465.269921875,10398.66494140625,10691.32744140625,11173.51697265625,10779.01025390625,-113.349609375,-0.010843687870325674,302100.0,364245.0,0.9814822440939478
2018-10-22,10245.25,10408.5498046875,10224.0,10405.849609375,297300,-0.0056582251546914986,-0.005674293551714025,0.013181450108177659,10419.819921875,10391.544921875,10641.8724609375,11151.2059765625,10777.78275390625,102.2998046875,0.009928598068304546,292860.0,366580.0,0.8110098750613781
2018-10-23,10146.7998046875,10222.099609375,10102.349609375,10152.599609375,302600,-0.009609350217173795,-0.009655817945697833,0.013207037935522326,10346.6798828125,10371.419921875,10592.057470703125,11126.39998046875,10776.127250976562,-92.650390625,-0.009043253275908348,301480.0,345760.0,0.8751735307727904
2018-10-24,10224.75,10290.650390625,10126.7001953125,10278.150390625,351400,0.007682244334463961,0.007652886157385112,0.013203316532411535,10274.6798828125,10363.78994140625,10554.924951171875,11103.1059765625,10774.5975,131.3505859375,0.012945025866857075,318720.0,363330.0,0.9671648363746457
2018-10-25,10124.900390625,10166.599609375,10079.2998046875,10135.0498046875,0,-0.009765481735494741,-0.009813476770964884,0.012931940469367494,10209.05,10330.27001953125,10507.7974609375,11076.603984375,10773.011000976563,-89.7001953125,-0.008772849733489817,261760.0,343080.0,0.0
2018-10-26,10030.0,10128.849609375,10004.5498046875,10122.349609375,364300,-0.0093729702973544,-0.009417173007402645,0.012956388587024265,10154.3400390625,10309.80498046875,10456.607470703126,11047.78998046875,10770.945,-2.55078125,-0.0002519314908383551,263120.0,344270.0,1.0581810788044268
2018-10-29,10250.849609375,10275.2998046875,10020.349609375,10078.099609375,364400,0.022018904224825553,0.021779988895005153,0.01425460454862499,10155.4599609375,10287.63994140625,10420.2724609375,11024.21697265625,10769.675249023438,48.099609375,0.004795574214855433,276540.0,342205.0,1.0648587834777399
2018-10-30,10198.400390625,10285.099609375,10175.349609375,10239.400390625,289800,-0.005116572845048073,-0.005129707325392901,0.014258754258642588,10165.780078125,10256.22998046875,10383.669970703126,11001.06998046875,10767.873002929688,-11.44921875,-0.0011169043724462626,273980.0,332790.0,0.8708194356801586
2018-10-31,10386.599609375,10396.0,10105.099609375,10209.5498046875,375000,0.01845379780568379,0.018285592676591408,0.014907699151391795,10198.15,10236.41494140625,10352.5849609375,10980.09998046875,10766.688002929688,11.1494140625,0.0010932512585747497,278700.0,332190.0,1.1288720310665583
2018-11-01,10380.4501953125,10441.900390625,10341.900390625,10441.7001953125,348500,-0.0005920526730374132,-0.0005922280054286613,0.014692534288597339,10249.2599609375,10229.15498046875,10328.694970703125,10960.00798828125,10765.40525390625,55.1005859375,0.005304968710622668,348400.0,330275.0,1.055181288320339
2018-11-02,10553.0,10606.9501953125,10457.7001953125,10462.2998046875,421200,0.01662257430466929,0.016485931474334168,0.01432813282704841,10353.8599609375,10254.1,10326.382470703125,10941.65298828125,10765.009252929687,81.849609375,0.00788497683963272,359780.0,330080.0,1.2760542898691227
2018-11-05,10524.0,10558.7998046875,10477.0,10558.75,301900,-0.0027480337344830685,-0.0027518165109068284,0.012923746180058374,10408.4900390625,10281.975,10336.7599609375,10921.09798828125,10764.373251953126,5.75,0.0005448687576992325,347280.0,314855.0,0.9588540756856331
2018-11-06,10530.0,10600.25,10491.4501953125,10552.0,0,0.0005701254275940482,0.0005699629678378127,0.01291558739540519,10474.8099609375,10320.29501953125,10345.857470703126,10900.27998046875,10763.617001953126,28.0,0.0026605853287723297,289320.0,292045.0,0.0
2018-11-07,10598.400390625,10616.4501953125,10582.2998046875,10614.4501953125,31200,0.006495763592117676,0.006474757039787639,0.012904342743981704,10517.1701171875,10357.66005859375,10360.725,10880.59298828125,10762.901254882812,84.4501953125,0.008019961568138652,220560.0,272080.0,0.11467215524845634
2018-11-09,10585.2001953125,10619.5498046875,10544.849609375,10614.7001953125,296600,-0.0012454893970770264,-0.0012462656636175824,0.012488521700041113,10558.1201171875,10403.6900390625,10366.980029296876,10861.155,10762.325004882812,16.2998046875,0.0015379495099957043,210180.0,286910.0,1.033773657244432
2018-11-12,10482.2001953125,10645.5,10464.0498046875,10607.7998046875,259700,-0.009730567027500525,-0.009778218363148,0.011631731302449147,10543.96015625,10448.91005859375,10379.35751953125,10836.96,10760.793256835937,22.599609375,0.0021350195516385137,177880.0,275720.0,0.941897577252285
2018-11-13,10582.5,10596.25,10440.5498046875,10451.900390625,254600,0.009568583199961456,0.009523094254035388,0.010630686746958065,10555.66015625,10482.07509765625,10384.85751953125,10813.84,10759.620756835937,-30.2998046875,-0.0028905958790073163,168420.0,271275.0,0.9385310109667312
2018-11-14,10576.2998046875,10651.599609375,10532.7001953125,10634.900390625,384500,-0.0005858913595558901,-0.000586063060967349,0.010605554935232523,10564.9201171875,10519.8650390625,10388.047509765625,10791.52798828125,10758.028754882813,52.400390625,0.004951607902197023,245320.0,277525.0,1.3854607693000631
2018-11-15,10616.7001953125,10646.5,10557.5,10580.599609375,0,0.0038198983927342223,0.003812621107308771,0.010528510352300867,10568.580078125,10542.87509765625,10389.64501953125,10770.32599609375,10756.281254882813,4.2998046875,0.00040655094569031527,239080.0,264265.0,0.0
2018-11-16,10682.2001953125,10695.150390625,10631.150390625,10644.0,342800,0.006169525256907837,0.006150571652505879,0.010168340283486402,10587.980078125,10573.05009765625,10401.1025390625,10750.36,10754.273754882812,27.2998046875,0.002571402053865423,248320.0,267165.0,1.2831022027585948
2018-11-19,10763.400390625,10774.7001953125,10688.7998046875,10731.25,272100,0.0076014485618920435,0.007572703131144189,0.009580922619693698,10644.2201171875,10594.09013671875,10424.095068359375,10733.981015625,10752.660756835938,49.0498046875,0.004591732395075665,250800.0,262895.0,1.035013978964986
2018-11-20,10656.2001953125,10740.849609375,10640.849609375,10740.099609375,295200,-0.009959695953136949,-0.010009625523730635,0.009812767143975066,10658.96015625,10607.31015625,10444.642578125,10716.6990234375,10750.593505859375,-23.30078125,-0.002164815987919129,258920.0,262790.0,1.123330415921458
2018-11-21,10600.0498046875,10671.2998046875,10562.349609375,10670.9501953125,300900,-0.00526926949530282,-0.005283201056794732,0.009587604159589716,10663.71015625,10614.31513671875,10467.305078125,10699.161015625,10747.941752929688,14.75,0.0013841706921467467,242200.0,262705.0,1.1453912182866715
2018-11-22,10526.75,10646.25,10512.0,10612.650390625,239500,-0.006915043423200262,-0.006939063131569403,0.009705658441878064,10645.7201171875,10607.15009765625,10482.405078125,10678.9580078125,10745.327250976563,12.6005859375,0.0011887289370968647,290100.0,257110.0,0.9315079149002372
2018-11-26,10628.599609375,10637.7998046875,10489.75,10568.2998046875,0,0.009675313783931383,0.009628807669070337,0.009489012338326953,10635.0,10611.4900390625,10507.5900390625,10659.7480078125,10743.331748046876,41.5498046875,0.003947068628731565,221540.0,257110.0,0.0
2018-11-27,10685.599609375,10695.150390625,10596.349609375,10621.4501953125,0,0.0053628890065369195,0.005348559924642655,0.009084261703856338,10619.43984375,10631.82998046875,10540.37001953125,10644.6980078125,10741.675244140624,-7.1494140625,-0.0006726581417361728,167120.0,238895.0,0.0
2018-11-28,10728.849609375,10757.7998046875,10699.849609375,10708.75,424500,0.004047503329813518,0.004039334223781422,0.007942966299862578,10633.9697265625,10646.46494140625,10564.27001953125,10633.525,10741.516494140626,23.150390625,0.0021665036564432966,192980.0,241900.0,1.7548573790822655
2018-11-29,10858.7001953125,10883.0498046875,10782.349609375,10808.7001953125,691300,0.012102936537020215,0.01203028163822991,0.008028249103827977,10685.6998046875,10674.70498046875,10597.285009765625,10623.30099609375,10742.47724609375,79.8505859375,0.007442604644930952,271060.0,261975.0,2.6388014123485064
2018-11-30,10876.75,10922.4501953125,10835.099609375,10892.099609375,453900,0.001662243580064171,0.0016608635822544591,0.0071791303639154504,10755.6998046875,10700.7099609375,10621.792529296876,10610.5319921875,10744.36974609375,33.3994140625,0.0030758206287818785,313940.0,265920.0,1.706904332129964
2018-12-03,10883.75,10941.2001953125,10845.349609375,10930.7001953125,409700,0.000643574597191332,0.0006433675918710725,0.007157922087236349,10806.7298828125,10720.86494140625,10646.95751953125,10600.6519921875,10746.404995117187,53.9501953125,0.004960139316661687,395880.0,268980.0,1.5231615733511785
2018-12-04,10869.5,10890.9501953125,10833.349609375,10877.099609375,322100,-0.0013092913747559942,-0.0013101492455916805,0.006360571874416652,10843.5099609375,10731.47490234375,10662.78251953125,10592.463984375,10747.868247070313,-6.650390625,-0.0006110385322154588,460300.0,264025.0,1.2199602310387274
2018-12-05,10782.900390625,10821.0498046875,10747.9501953125,10820.4501953125,312300,-0.007967211865771207,-0.007999119688821785,0.006644658498005274,10854.3201171875,10744.144921875,10675.7275390625,10583.435,10749.507998046874,-49.0498046875,-0.004512609106904641,437860.0,264545.0,1.1805174922980968
2018-12-06,10601.150390625,10722.650390625,10588.25,10718.150390625,318500,-0.01685539079615528,-0.016999059579474705,0.0077818313057730765,10802.81015625,10744.25498046875,10679.28505859375,10572.596015625,10749.815,-64.75,-0.006004877876484487,363300.0,280470.0,1.1355938246514778
2018-12-07,10693.7001953125,10704.5498046875,10599.349609375,10644.7998046875,325800,0.008730166187373989,0.008692278636606364,0.007889761997688973,10766.2001953125,10760.95,10684.050048828125,10567.12201171875,10750.778999023438,43.6494140625,0.0041174223979598325,337680.0,295200.0,1.103658536585366
2018-12-10,10488.4501953125,10558.849609375,10474.9501953125,10508.7001953125,381300,-0.019193543511718203,-0.019380130942287622,0.009033814861204989,10687.140234375,10746.93505859375,10679.212548828125,10555.54201171875,10750.49375,-185.0,-0.01729990523589705,332000.0,299435.0,1.273398233339456
2018-12-11,10549.150390625,10567.150390625,10333.849609375,10350.0498046875,425500,0.005787336945131116,0.005770654643792864,0.008856734999920785,10623.0703125,10733.29013671875,10682.56005859375,10545.4490234375,10750.978002929687,-138.400390625,-0.013195504392713227,352680.0,307725.0,1.3827280851409538
2018-12-12,10737.599609375,10752.2001953125,10560.7998046875,10591.0,360500,0.01786392380162427,0.01770623905775317,0.009482981059181557,10614.01015625,10734.16513671875,10690.3150390625,10540.65001953125,10752.773999023437,41.849609375,0.003967107096339401,362320.0,313020.0,1.1516835984921092
2018-12-13,10791.5498046875,10838.599609375,10749.5,10810.75,376200,0.005024418610784842,0.005011838341027756,0.009523635735527277,10652.0900390625,10727.45009765625,10701.0775390625,10537.87201171875,10754.92974609375,73.150390625,0.006812545940075134,373860.0,312605.0,1.2034356456230706
2018-12-14,10805.4501953125,10815.75,10752.099609375,10784.5,340100,0.001288081033454791,0.0012872521687673252,0.00950169640682343,10674.4400390625,10720.3201171875,10710.5150390625,10533.81501953125,10756.96974609375,-7.0498046875,-0.0006532708290367888,376720.0,329610.0,1.0318254907314706
2018-12-17,10888.349609375,10900.349609375,10844.849609375,10853.2001953125,296900,0.007672000015183311,0.007642719885813293,0.00955115883112468,10754.419921875,10720.780078125,10720.822509765625,10534.41701171875,10759.497993164063,47.75,0.004419066224627491,359840.0,327315.0,0.9070772802957395
2018-12-18,10908.7001953125,10915.400390625,10819.099609375,10850.900390625,286100,0.0018690239262686426,0.0018672794743268973,0.00942783322644445,10826.3298828125,10724.70009765625,10728.0875,10540.606015625,10761.586245117187,-37.44921875,-0.0034393843046475817,331960.0,328015.0,0.8722162096245598
2018-12-19,10967.2998046875,10985.150390625,10928.0,10930.5498046875,312100,0.005371823253533137,0.005357446474361821,0.009133058006548655,10872.269921875,10743.1400390625,10743.64248046875,10553.6230078125,10763.50974609375,21.849609375,0.0020029525959828686,322280.0,328860.0,0.9490360639785927
2018-12-20,10951.7001953125,10962.5498046875,10880.0498046875,10885.2001953125,318900,-0.001422374664029169,-0.0014233871991216722,0.009023293564897497,10904.3,10778.19501953125,10761.225,10565.696015625,10765.496748046875,-82.099609375,-0.0074858543886901,310820.0,329760.0,0.9670669577874818
2018-12-21,10754.0,10963.650390625,10738.650390625,10944.25,377500,-0.018052009440243655,-0.01821693480035375,0.009883725421963767,10894.0099609375,10784.225,10772.5875,10574.75501953125,10766.8025,-7.4501953125,-0.0006802775075680761,318300.0,336660.0,1.1213093328580763
2018-12-24,10663.5,10782.2998046875,10649.25,10780.900390625,223400,-0.008415473312255894,-0.0084510833319759,0.009886892473462024,10849.0400390625,10801.72998046875,10774.33251953125,10578.82302734375,10767.828251953126,26.900390625,0.00250143115352427,303600.0,347830.0,0.642267774487537
2018-12-26,10729.849609375,10747.5,10534.5498046875,10635.4501953125,263700,0.006222123071693231,0.006202845587195536,0.009912293654587548,10813.269921875,10819.79990234375,10776.54501953125,10588.72701171875,10769.683251953125,-28.0498046875,-0.0026304501043278475,299120.0,361015.0,0.7304405634114925
2018-12-27,10779.7998046875,10834.2001953125,10764.4501953125,10817.900390625,456100,0.004655255863871277,0.004644453671963747,0.00992545976178978,10775.769921875,10824.019921875,10779.092529296875,10594.8730078125,10772.336000976562,88.05078125,0.00820615241177913,327920.0,362595.0,1.2578772459631269
2018-12-28,10859.900390625,10893.599609375,10817.150390625,10820.9501953125,245500,0.007430619064249022,0.007403148015077441,0.009684699104895783,10757.4099609375,10830.85498046875,10779.1525390625,10601.821015625,10775.864501953125,41.150390625,0.003817361302675224,313240.0,340305.0,0.7214116748211163
2018-12-31,10862.5498046875,10923.5498046875,10853.2001953125,10913.2001953125,180900,0.00024396301689710853,0.00024393326275947618,0.009677464341598196,10779.119921875,10836.56494140625,10778.442529296875,10607.37701171875,10778.963999023437,53.2998046875,0.004907946000454294,273920.0,326655.0,0.5537952886072461
2019-01-02,10792.5,10895.349609375,10735.0498046875,10868.849609375,309700,-0.006448744166611009,-0.006469627145011258,0.00978123113236693,10804.919921875,10826.97998046875,10773.880029296875,10614.166015625,10781.792250976563,6.2998046875,0.0005799563454964741,291180.0,321655.0,0.9628328488598032
2019-01-03,10672.25,10814.0498046875,10661.25,10796.7998046875,286200,-0.011141996757007222,-0.011204533761500678,0.010073396869357248,10793.4,10803.3349609375,10764.017529296874,10621.54001953125,10783.046499023438,4.2998046875,0.0003984067350011582,295680.0,319860.0,0.8947664603263928
2019-01-04,10727.349609375,10741.0498046875,10628.650390625,10699.7001953125,296600,0.0051628859308019415,0.005149603931252372,0.010013982578070282,10782.9099609375,10779.33994140625,10761.239990234375,10631.18201171875,10784.548999023438,27.4501953125,0.0025721094719951274,263780.0,319075.0,0.929562015200188
2019-01-07,10771.7998046875,10835.9501953125,10750.150390625,10804.849609375,269400,0.004143632577580325,0.0041350713736188,0.009248530015230112,10765.28984375,10761.34990234375,10769.7724609375,10643.68201171875,10786.35349609375,77.5,0.007224524493195419,268560.0,316620.0,0.8508622323289748
2019-01-08,10802.150390625,10818.4501953125,10733.25,10786.25,277700,0.0028175965472634346,0.0028136345625500237,0.009075919056383377,10753.2099609375,10766.16494140625,10775.194970703125,10655.23001953125,10788.56349609375,14.4501953125,0.001341483835060859,287920.0,314215.0,0.8837897617873113
2019-01-09,10855.150390625,10870.400390625,10749.400390625,10862.400390625,333000,0.004906430486840696,0.004894433183399924,0.007832110290417587,10765.7400390625,10785.32998046875,10793.52998046875,10669.83501953125,10791.86349609375,60.25,0.005577593147776385,292580.0,311800.0,1.0679923027581784
2019-01-10,10821.599609375,10859.349609375,10801.7998046875,10859.349609375,254400,-0.0030907707440862575,-0.003095557040757343,0.007842763806967119,10795.6099609375,10794.50498046875,10807.15244140625,10685.66701171875,10795.500244140625,4.19921875,0.00038684113981752254,286220.0,303245.0,0.8389256211973817
2019-01-11,10794.9501953125,10850.150390625,10739.400390625,10834.75,260800,-0.0024626132017869784,-0.002465650421033224,0.0068364707519629,10809.130078125,10796.02001953125,10810.019970703124,10696.5490234375,10798.853247070312,13.150390625,0.0012151984087091445,279060.0,298260.0,0.8744048816468852
2019-01-14,10737.599609375,10808.0,10692.349609375,10807.0,298800,-0.005312723532749919,-0.005326886232360374,0.006850337182332995,10802.2900390625,10783.78994140625,10807.3224609375,10707.3330078125,10801.764995117188,12.0498046875,0.001116244583762174,284940.0,294390.0,1.0149801284011006
2019-01-15,10886.7998046875,10896.9501953125,10777.5498046875,10777.5498046875,310700,0.013895116296032572,0.013799464213669708,0.0075422893349418535,10819.219921875,10786.21494140625,10811.38994140625,10717.33701171875,10805.625244140625,39.9501953125,0.00372058902975107,291540.0,292920.0,1.0606991670080568
2019-01-16,10890.2998046875,10928.150390625,10876.900390625,10899.650390625,276500,0.0003214902508350548,0.000321438583917674,0.007345930805693613,10826.2498046875,10795.994921875,10811.487451171875,10727.53400390625,10810.086494140625,12.8505859375,0.001180382313264083,280240.0,291900.0,0.947242206235012
2019-01-17,10905.2001953125,10930.650390625,10844.650390625,10920.849609375,271700,0.001368225934293088,0.001367290766106507,0.00734020026444892,10842.969921875,10819.28994140625,10811.312451171874,10734.5780078125,10813.959243164063,30.5498046875,0.002805230823337892,283700.0,291180.0,0.9330998008104953
2019-01-18,10906.9501953125,10928.2001953125,10852.2001953125,10914.849609375,323800,0.0001604738994844812,0.0001604610249256087,0.007231524236998192,10865.369921875,10837.25,10808.294970703126,10742.23701171875,10817.5732421875,9.6494140625,0.0008848452013423571,296300.0,291765.0,1.1097972683495279
2019-01-21,10961.849609375,10987.4501953125,10885.75,10919.349609375,288800,0.0050334340103701525,0.005020808629692447,0.007320024623210585,10910.219921875,10856.25498046875,10808.80244140625,10750.87400390625,10821.813989257813,12.3994140625,0.0011368360394483986,294300.0,290260.0,0.9949700268724592
2019-01-22,10922.75,10949.7998046875,10864.150390625,10949.7998046875,300800,-0.0035668806605010372,-0.003573257146616415,0.006036501702131072,10917.4099609375,10868.31494140625,10817.23994140625,10757.36099609375,10825.368740234375,-12.0498046875,-0.0010992492249843073,292320.0,286425.0,1.050187658200227
2019-01-23,10831.5,10944.7998046875,10811.9501953125,10931.0498046875,298900,-0.008354123274816327,-0.008389214537151498,0.006031587980762511,10905.65,10865.94990234375,10825.63994140625,10762.2869921875,10828.301240234376,8.2998046875,0.0007598640166166945,296800.0,290200.0,1.0299793246037217
2019-01-24,10849.7998046875,10866.599609375,10798.650390625,10844.0498046875,361100,0.001689498655541799,0.0016880730581589696,0.005900838683808173,10894.569921875,10868.769921875,10831.637451171875,10769.638984375,10831.908237304688,12.5498046875,0.001158639587083968,314680.0,295070.0,1.223777408750466
2019-01-25,10780.5498046875,10931.7001953125,10756.4501953125,10859.75,463400,-0.006382606245884936,-0.006403062164968701,0.006013982758872788,10869.28984375,10867.3298828125,10831.674951171875,10773.59998046875,10834.185234375,9.9501953125,0.0009170856137088503,342600.0,295435.0,1.5685345338230068
2019-01-28,10661.5498046875,10804.4501953125,10630.9501953125,10792.4501953125,419700,-0.011038398055380982,-0.011099773244971002,0.006230364046098652,10809.2298828125,10859.72490234375,10821.757421875,10775.30498046875,10835.834985351563,11.900390625,0.0011038760397754093,368780.0,304145.0,1.3799339131006592
2019-01-29,10652.2001953125,10690.349609375,10583.650390625,10653.7001953125,356900,-0.0008769465552643796,-0.0008773312978436732,0.006224544183861725,10755.119921875,10836.26494140625,10811.23994140625,10776.01498046875,10837.19923828125,-7.849609375,-0.0007362540642589137,380000.0,312945.0,1.140455990669287
2019-01-30,10651.7998046875,10710.2001953125,10612.849609375,10702.25,410100,-3.758759858607519e-05,-3.758830501756102e-05,0.006090582495661723,10719.1798828125,10812.41494140625,10804.204931640625,10775.40697265625,10838.446987304687,50.0498046875,0.0046985415003300834,402240.0,317965.0,1.2897645967323448
2019-01-31,10830.9501953125,10838.0498046875,10678.5498046875,10690.5498046875,604800,0.016818790618479573,0.016678920874278535,0.006728339153802292,10715.4099609375,10804.98994140625,10812.13994140625,10776.75796875,10840.515986328124,38.75,0.0036378828658559115,450980.0,333895.0,1.8113478788241812
2019-02-01,10893.650390625,10983.4501953125,10813.4501953125,10851.349609375,482300,0.005788983808607595,0.005772292029816439,0.006751321114483819,10738.030078125,10803.6599609375,10820.45498046875,10781.50697265625,10842.690986328125,20.3994140625,0.0018834371587571894,454760.0,343180.0,1.4053849291916778
2019-02-04,10912.25,10927.900390625,10814.150390625,10876.75,318300,0.0017073807867935553,0.0017059248691862574,0.0067094963757765675,10788.1701171875,10798.7,10827.477490234374,10787.7509765625,10844.84923828125,-16.900390625,-0.0015513982934080902,434480.0,345625.0,0.9209403254972875
2019-02-05,10934.349609375,10956.7001953125,10886.7001953125,10908.650390625,268100,0.0020252110586724825,0.0020231630833451035,0.006698473181766585,10844.6,10799.8599609375,10834.087451171876,10795.90296875,10846.87923828125,-3.599609375,-0.00032986866823982223,416720.0,345145.0,0.776774978632169
2019-02-06,11062.4501953125,11072.599609375,10962.7001953125,10965.099609375,298500,0.011715428033110209,0.011647333726075786,0.007088935913665254,10926.730078125,10822.95498046875,10844.45244140625,10804.57998046875,10849.44798828125,30.75,0.0028122385965814794,394400.0,343420.0,0.8691980665074835
2019-02-07,11069.400390625,11118.099609375,11043.599609375,11070.4501953125,263500,0.0006282690714798367,0.0006280717930916961,0.007025300439292344,10974.4201171875,10844.9150390625,10856.84248046875,10812.25599609375,10852.163989257813,8.0,0.0007231670975919825,326140.0,343875.0,0.7662668120683388
2019-02-08,10943.599609375,11041.2001953125,10925.4501953125,11023.5,352800,-0.011364733121095205,-0.011429805188104512,0.007530480047752475,10984.4099609375,10861.22001953125,10864.274951171876,10816.55099609375,10854.05548828125,-45.900390625,-0.004146601351946252,300240.0,348475.0,1.0124112203170959
2019-02-11,10888.7998046875,10930.900390625,10857.099609375,10930.900390625,286000,-0.005007475295473629,-0.005020054711538446,0.00751792795051314,10979.719921875,10883.94501953125,10871.8349609375,10817.15298828125,10855.67923828125,-12.69921875,-0.0011604242848140224,293780.0,347835.0,0.822228930383659
2019-02-12,10831.400390625,10910.900390625,10823.7998046875,10879.7001953125,292300,-0.005271417887377283,-0.005285360831624847,0.00695113764107613,10959.130078125,10901.8650390625,10869.064990234376,10816.24599609375,10856.912739257812,-9.099609375,-0.0008356852488997663,298620.0,346915.0,0.842569505498465
2019-02-14,10746.0498046875,10792.7001953125,10718.75,10786.099609375,627000,-0.007879921603800577,-0.007911132252471094,0.007155662921411362,10895.85,10911.2900390625,10861.852490234374,10813.4919921875,10857.571240234374,-45.30078125,-0.004182356815948711,364320.0,364440.0,1.7204478103391505
2019-02-15,10724.400390625,10785.75,10620.400390625,10780.25,521900,-0.002014639281967212,-0.0020166713974639474,0.007145613965432811,10826.85,10900.63505859375,10852.8125,10810.59,10858.340493164062,34.2001953125,0.0031825829894796915,416000.0,376950.0,1.3845337577928107
2019-02-18,10640.9501953125,10759.900390625,10628.400390625,10738.650390625,345400,-0.00778133902809619,-0.007811771620307167,0.007307597558449146,10766.3201171875,10875.3650390625,10839.5125,10807.75099609375,10858.456245117188,14.25,0.0013287456156949335,414520.0,378030.0,0.9136840991455705
2019-02-19,10604.349609375,10722.849609375,10585.650390625,10636.7001953125,291500,-0.0034395975233135756,-0.003445526538395949,0.007171015813190027,10709.430078125,10844.575,10821.6375,10807.81498046875,10858.016494140626,-4.25,-0.00039940042214201785,415620.0,378165.0,0.7708275488212817
2019-02-20,10735.4501953125,10752.7001953125,10646.400390625,10655.4501953125,289200,0.012362906803977669,0.01228711014362708,0.007801737278529219,10690.2400390625,10824.68505859375,10812.272509765626,10808.64998046875,10857.996997070313,51.1005859375,0.004818832631878097,415000.0,377585.0,0.7659202563661163
2019-02-21,10789.849609375,10808.849609375,10721.5,10744.099609375,279600,0.005067269008080633,0.005054473607434973,0.007697519742099201,10699.0,10797.425,10810.189990234376,10814.67796875,10858.35599609375,8.6494140625,0.0008056871305012116,345520.0,376620.0,0.7423928628325633
2019-02-22,10791.650390625,10801.5498046875,10758.400390625,10782.7001953125,396800,0.00016689586186968697,0.00016688193630472358,0.00768573815554794,10712.45,10769.65,10807.28251953125,10819.52796875,10858.91599609375,-7.1494140625,-0.0006626055340278398,320500.0,378405.0,1.0486119369458649
2019-02-25,10880.099609375,10887.099609375,10788.0498046875,10813.25,385900,0.008196078963680797,0.008162673513503154,0.007763509391559695,10760.2798828125,10763.3,10812.260009765625,10822.37796875,10860.225244140625,21.599609375,0.002001511223321705,328600.0,374530.0,1.0303580487544388
2019-02-26,10835.2998046875,10888.75,10729.2998046875,10775.2998046875,415000,-0.004117591409631749,-0.004126092031890748,0.0073667984028528526,10806.469921875,10757.95,10820.947509765625,10823.25296875,10860.824243164063,-104.7998046875,-0.00963224680380662,353300.0,374295.0,1.1087511187699541
2019-02-27,10806.650390625,10939.7001953125,10751.2001953125,10881.2001953125,381100,-0.002644081343287419,-0.0026475831003447124,0.007398930516420359,10820.7099609375,10755.475,10828.67001953125,10823.27697265625,10861.26849609375,45.900390625,0.004236190179541028,371680.0,375505.0,1.0148999347545307
2019-02-28,10792.5,10865.7001953125,10784.849609375,10865.7001953125,644200,-0.0013094150466157473,-0.0013102730795938819,0.00741147395799994,10821.2400390625,10760.12001953125,10835.705029296874,10821.35998046875,10861.522495117188,59.0498046875,0.00546420977389321,444600.0,387210.0,1.6636967020479843
2019-03-01,10863.5,10877.900390625,10823.099609375,10842.650390625,308500,0.006578642575862936,0.006557097745663337,0.006540591875741693,10835.6099609375,10774.02998046875,10837.33251953125,10820.4559765625,10862.25724609375,50.150390625,0.004646781619179986,426940.0,372395.0,0.8284214342297829
2019-03-05,10987.4501953125,10994.900390625,10817.0,10864.849609375,373200,0.011409784628572783,0.011345183958033887,0.006905313576622908,10857.080078125,10808.67998046875,10842.022509765626,10820.858984375,10863.161997070312,1.349609375,0.0001242333847286786,424400.0,366940.0,1.0170600098108682
2019-03-06,11053.0,11062.2998046875,10998.849609375,11024.849609375,372600,0.005965879573721855,0.0059481541776258,0.007010928160213355,10900.6201171875,10853.54501953125,10849.060009765624,10822.88498046875,10864.393999023438,37.3994140625,0.0034038301332601673,415920.0,369655.0,1.0079668880442574
2019-03-07,11058.2001953125,11089.0498046875,11027.099609375,11077.9501953125,321200,0.00047047817900125466,0.00047036753884395607,0.0070036599901951765,10950.930078125,10885.82001953125,10855.2525390625,10828.968984375,10865.675751953126,24.9501953125,0.002257323379399258,403940.0,372310.0,0.8627219252773226
2019-03-08,11035.400390625,11049.0,11008.9501953125,11038.849609375,326600,-0.0020618006804727917,-0.002063929117607768,0.006511712628012471,10999.51015625,10910.37509765625,10853.900048828125,10836.4069921875,10867.147255859374,-19.3505859375,-0.00174988565912404,340420.0,373715.0,0.8739279932568936
2019-03-11,11168.0498046875,11180.900390625,11059.849609375,11068.75,352200,0.012020353532001593,0.01194868284879883,0.00705460441086599,11060.4201171875,10948.0150390625,10858.83251953125,10845.17099609375,10869.57400390625,33.349609375,0.0030220570341364127,349160.0,378150.0,0.9313764379214597
2019-03-12,11301.2001953125,11320.400390625,11227.0,11231.349609375,391300,0.011922438828049886,0.011851926453906937,0.006919421022969819,11123.1701171875,10990.12509765625,10876.712548828125,10855.59900390625,10873.098002929688,63.2998046875,0.005667937177440912,352780.0,380075.0,1.029533644675393
2019-03-13,11341.7001953125,11352.2998046875,11276.599609375,11326.2001953125,383000,0.0035836901656514097,0.0035772840485137174,0.006750169755646866,11180.91015625,11040.76513671875,10899.357568359375,10865.235,10877.223002929688,25.0,0.002212154423241655,354860.0,384925.0,0.9949990257842437
2019-03-14,11343.25,11383.4501953125,11313.75,11382.5,294500,0.00013664659273393553,0.00013663725743869715,0.006546212136194012,11237.9201171875,11094.42509765625,10924.950048828125,10874.84900390625,10881.255751953126,40.7998046875,0.003597327030771142,349520.0,385035.0,0.7648655317049099
2019-03-15,11426.849609375,11487.0,11370.7998046875,11376.849609375,463700,0.007369987382364052,0.0073429617299341126,0.006171607851140127,11316.2099609375,11157.86005859375,10958.9900390625,10887.53599609375,10886.238251953126,33.599609375,0.002962079595794856,376940.0,376870.0,1.230397749887229
2019-03-18,11462.2001953125,11530.150390625,11412.5,11473.849609375,320300,0.0030936423551506387,0.003088866890158751,0.006053628236699999,11375.0400390625,11217.730078125,10995.880029296875,10903.335,10890.980004882813,47.0,0.00411311967923683,370560.0,366790.0,0.8732517244199678
2019-03-19,11532.400390625,11543.849609375,11451.25,11500.2998046875,326100,0.006124495656707252,0.006105817158639563,0.005479229124835431,11421.280078125,11272.22509765625,11040.4525390625,10919.436015625,10895.616254882812,38.099609375,0.0033239350845207663,357520.0,365825.0,0.8914098271031231
2019-03-20,11521.0498046875,11556.099609375,11503.099609375,11553.349609375,366300,-0.0009842344657688962,-0.000984719142560533,0.00532813017635259,11457.15,11319.030078125,11086.287548828124,10934.421015625,10899.778251953125,20.94921875,0.0018165531927793789,354180.0,369565.0,0.9911652889207582
2019-03-22,11456.900390625,11572.7998046875,11434.5498046875,11549.2001953125,386200,-0.005568018119008533,-0.005583577314696379,0.005384841667477467,11479.880078125,11358.90009765625,11122.36005859375,10947.516015625,10903.896254882813,28.150390625,0.0024433876341326656,372520.0,374415.0,1.0314757688660978
2019-03-25,11354.25,11395.650390625,11311.599609375,11395.650390625,294500,-0.008959700017030503,-0.00900007950222714,0.006015161220495439,11465.36015625,11390.78505859375,11150.580078125,10957.4980078125,10907.595756835937,-61.25,-0.005346123114600866,338680.0,375160.0,0.7849984006823755
2019-03-26,11483.25,11496.75,11352.4501953125,11375.2001953125,282600,0.011361384503600025,0.011297328693216403,0.006294171705240325,11469.5701171875,11422.305078125,11185.16005859375,10970.731015625,10911.331254882813,20.9501953125,0.001845141274192483,331140.0,369450.0,0.7649208282582217
2019-03-27,11445.0498046875,11546.2001953125,11413.0,11531.4501953125,350400,-0.0033266013813597617,-0.003332146821462826,0.006333229924599505,11452.1,11436.6900390625,11213.407568359375,10983.7330078125,10915.075502929687,48.2001953125,0.004197434986828642,336000.0,367675.0,0.9530155708166179
2019-03-28,11570.0,11588.5,11452.4501953125,11463.650390625,527700,0.010917400749215211,0.010858236155870985,0.006391775520403837,11461.8900390625,11459.52001953125,11250.142578125,11000.381015625,10919.783002929687,18.6005859375,0.00162520795059204,368280.0,373310.0,1.413570491012831
2019-04-01,11669.150390625,11738.099609375,11644.75,11665.2001953125,379600,0.008569610252809001,0.008533099582725414,0.006334023450022509,11504.3400390625,11492.11005859375,11293.267578125,11016.02802734375,10925.163002929687,95.2001953125,0.00822819319900605,366960.0,373235.0,1.0170535989390062
2019-04-02,11713.2001953125,11729.349609375,11655.849609375,11711.5498046875,386100,0.0037748939051200914,0.0037677868730356698,0.006216323122601519,11576.130078125,11520.7451171875,11339.302587890625,11032.48603515625,10930.305751953125,42.3994140625,0.00363346196108362,385280.0,360330.0,1.071517775372575
2019-04-03,11643.9501953125,11761.0,11629.150390625,11735.2998046875,365800,-0.005912133221091298,-0.005929679070481917,0.006573500663525203,11608.2701171875,11538.9201171875,11378.32509765625,11047.26103515625,10934.683754882812,22.099609375,0.001886726855726758,401920.0,363195.0,1.0071724555679455
2019-04-04,11598.0,11662.5498046875,11559.2001953125,11660.2001953125,349000,-0.003946272059030087,-0.00395407913661549,0.006496793493815165,11638.86015625,11545.480078125,11408.852587890626,11061.08203125,10938.835502929687,16.25,0.0013955745024177239,401640.0,361985.0,0.9641283478597179
2019-04-05,11665.9501953125,11689.650390625,11609.5,11638.400390625,266700,0.005858785593421345,0.005841689650914404,0.00649402755983083,11658.0501953125,11559.9701171875,11439.50009765625,11075.16404296875,10943.230502929688,40.400390625,0.003483392880237972,349440.0,356690.0,0.7477080938630183
2019-04-08,11604.5,11710.2998046875,11549.099609375,11704.349609375,260900,-0.005267483083991831,-0.005281405184150887,0.006721507744608321,11645.1201171875,11574.730078125,11466.815087890625,11088.79904296875,10947.038754882813,38.3994140625,0.0032915804901969565,325700.0,353675.0,0.7376829009684032
2019-04-09,11671.9501953125,11683.900390625,11569.7001953125,11612.0498046875,300500,0.005812417192683883,0.005795590267793092,0.00667467580911026,11636.8701171875,11606.50009765625,11498.642578125,11105.608046875,10951.115004882813,7.5498046875,0.0006505928465250549,308580.0,352370.0,0.8527967761160145
2019-04-10,11584.2998046875,11680.0498046875,11571.75,11646.849609375,359900,-0.007509489773200095,-0.007537827950835446,0.006687812345645275,11624.9400390625,11616.605078125,11519.455078125,11120.298046875,10954.996254882812,-25.1005859375,-0.0021505048871422097,307400.0,352755.0,1.0202548511006222
2019-04-11,11596.7001953125,11606.7001953125,11550.5498046875,11592.5498046875,279800,0.0010704480058416621,0.001069875484907893,0.006253971719337202,11624.680078125,11631.7701171875,11534.230078125,11136.6210546875,10958.891254882812,8.25,0.0007121707948771923,293560.0,347180.0,0.805922000115214
2019-04-12,11643.4501953125,11657.349609375,11578.7998046875,11612.849609375,246000,0.0040313191867198395,0.004023215192085498,0.006263331043010968,11620.180078125,11639.11513671875,11549.317578125,11156.2590625,10963.1092578125,16.1494140625,0.0013925870110040226,289420.0,340330.0,0.7228278435636001
2019-04-15,11690.349609375,11704.599609375,11648.25,11667.0,290000,0.0040279653604204935,0.004019874826265466,0.00628463656427123,11637.35,11641.23505859375,11566.67255859375,11177.02205078125,10968.008754882812,23.5498046875,0.0020225795870180167,295240.0,340105.0,0.8526778494876582
2019-04-16,11787.150390625,11810.9501953125,11731.5498046875,11736.2001953125,354300,0.008280400884877803,0.008246306446581041,0.006332302738648115,11660.3900390625,11648.630078125,11584.68759765625,11199.7290625,10973.0842578125,45.8505859375,0.00392208851484907,306000.0,334635.0,1.0587655206418933
2019-04-18,11752.7998046875,11856.150390625,11738.5,11856.150390625,339700,-0.0029142400664389223,-0.002918494732110024,0.006398497476990828,11694.0900390625,11659.5150390625,11599.217578125,11218.1660546875,10978.142758789063,69.0,0.005853832157336321,301960.0,335605.0,1.012201844430208
2019-04-22,11594.4501953125,11727.0498046875,11583.9501953125,11727.0498046875,260400,-0.013473352052831178,-0.013564941266796056,0.00708055677508893,11693.6400390625,11659.16005859375,11602.320068359375,11232.18205078125,10982.00576171875,-25.75,-0.0021909672952763,298080.0,332320.0,0.7835820895522388
2019-04-23,11575.9501953125,11645.9501953125,11564.7998046875,11612.9501953125,272500,-0.0015955909670886115,-0.001596865278055509,0.007087673241824135,11680.1400390625,11650.16005859375,11605.065087890625,11245.4560546875,10986.07326171875,18.5,0.0015955909670886622,303380.0,327630.0,0.8317309159722858
2019-04-24,11726.150390625,11740.849609375,11578.849609375,11601.5,335200,0.012975193636658888,0.01289173694761699,0.007486570718565272,11687.3001953125,11662.32509765625,11618.527587890625,11261.2920703125,10990.85826171875,25.5498046875,0.0022071453536355048,312420.0,325080.0,1.031130798572659
2019-04-25,11641.7998046875,11796.75,11624.2998046875,11735.7001953125,604400,-0.007193374050953438,-0.007219371112150696,0.007370064127054902,11658.230078125,11659.31005859375,11632.905078125,11272.8790625,10995.710258789062,9.5498046875,0.0008144023715690209,362440.0,340575.0,1.7746458195698451
2019-04-26,11754.650390625,11762.900390625,11661.75,11683.75,333500,0.009693568677590747,0.00964688746996101,0.007258548537031613,11658.6001953125,11676.3451171875,11646.47509765625,11286.5840625,11001.538012695313,41.9501953125,0.0036034115013392526,361200.0,343120.0,0.971963161576125
2019-04-30,11748.150390625,11756.25,11655.900390625,11748.75,532600,-0.0005529726349993158,-0.0005531255807526546,0.007193846962259024,11689.340234375,11691.49013671875,11661.630126953125,11302.675078125,11006.707265625,-5.900390625,-0.0005019622386817983,415640.0,352230.0,1.512080174885728
2019-05-02,11724.75,11789.2998046875,11699.5498046875,11725.5498046875,380300,-0.001991836148409698,-0.0019938224921164987,0.006859959979019766,11719.1001953125,11699.6201171875,11669.367626953124,11319.39408203125,11012.044516601563,-22.6005859375,-0.0019237569477775175,437200.0,344860.0,1.1027663399640433
2019-05-03,11712.25,11770.900390625,11699.349609375,11722.599609375,305500,-0.0010661208128105448,-0.0010666895238500144,0.006611057032015809,11716.3201171875,11701.81015625,11671.522607421875,11337.01107421875,11017.106264648437,-2.150390625,-0.00018340609607880764,431260.0,341155.0,0.8954873884304788
2019-05-06,11598.25,11632.5498046875,11571.349609375,11605.7998046875,299000,-0.00973339879186319,-0.00978107795702945,0.006910412547631771,11707.61015625,11682.9201171875,11665.77509765625,11354.055078125,11021.248012695312,-106.4501953125,-0.009088791249546415,370180.0,336800.0,0.8877672209026128
2019-05-07,11497.900390625,11657.0498046875,11484.4501953125,11651.5,337500,-0.008652133673183404,-0.008689780690377916,0.0070497318279430015,11656.26015625,11657.43017578125,11658.472607421874,11369.525078125,11024.988764648437,53.25,0.004591209880800983,370980.0,335385.0,1.0063061854286863
2019-05-08,11359.4501953125,11479.099609375,11346.9501953125,11478.7001953125,372800,-0.012041345863927244,-0.012114430150335101,0.007471305400801762,11578.5201171875,11633.93017578125,11646.5451171875,11383.895078125,11027.922763671875,-19.2001953125,-0.0016698870802668625,339020.0,336575.0,1.1076283146401247
2019-05-09,11301.7998046875,11357.599609375,11255.0498046875,11322.400390625,373000,-0.005075103956069027,-0.005088026035289156,0.007340980683001966,11493.930078125,11606.51513671875,11628.33759765625,11397.84408203125,11030.167260742188,-37.0498046875,-0.0032615843241065204,337560.0,341890.0,1.0909941794144316
2019-05-10,11278.900390625,11345.7998046875,11251.0498046875,11314.150390625,387300,-0.0020261741013145596,-0.0020282295690185756,0.007290399137772331,11407.26015625,11561.79013671875,11612.0576171875,11408.7130859375,11031.825512695312,12.3505859375,0.001092798151704785,353920.0,348210.0,1.1122598431980701
2019-05-13,11148.2001953125,11300.2001953125,11125.599609375,11258.7001953125,357600,-0.011588026384304118,-0.011655690801341047,0.007421880086716278,11317.2501953125,11512.43017578125,11585.8701171875,11415.88009765625,11032.825014648437,-20.2001953125,-0.001790972046290112,365640.0,351065.0,1.0186147864355604
2019-05-14,11222.0498046875,11294.75,11108.2998046875,11151.650390625,398100,0.006624352638199937,0.006602508032110876,0.007567860874905406,11262.080078125,11459.1701171875,11567.7576171875,11424.4880859375,11033.819262695313,3.4501953125,0.0003094845133791828,377760.0,352975.0,1.127841915149798
2019-05-15,11157.0,11286.7998046875,11136.9501953125,11271.7001953125,414200,-0.005796606308085428,-0.0058134718372332824,0.0075979544047139035,11221.5900390625,11400.055078125,11545.772607421875,11430.02609375,11034.509760742187,49.650390625,0.004424360209510103,386040.0,359695.0,1.1515311583424845
2019-05-16,11257.099609375,11281.5498046875,11143.349609375,11180.349609375,350700,0.008971910851931497,0.00893190238330833,0.007876280428627458,11212.65,11353.2900390625,11526.455078125,11438.46208984375,11036.111010742188,23.349609375,0.002092821490992202,381580.0,364930.0,0.96100622037103
2019-05-17,11407.150390625,11426.150390625,11259.849609375,11261.900390625,412100,0.013329435330307948,0.013241380029110125,0.008480989328984636,11238.3,11322.780078125,11512.2951171875,11450.47208984375,11038.106513671875,4.80078125,0.00042646697787073606,386540.0,371035.0,1.1106768903203201
2019-05-20,11828.25,11845.2001953125,11591.7001953125,11651.900390625,452100,0.036915407876193296,0.03625035203017847,0.011894325554656632,11374.3099609375,11345.780078125,11514.35009765625,11471.18708984375,11042.345512695312,244.75,0.021455840557791584,405440.0,375925.0,1.2026335040234089
2019-05-21,11709.099609375,11883.5498046875,11682.7998046875,11863.650390625,381000,-0.010073374389702572,-0.010124454145348287,0.012100207253978089,11471.719921875,11366.9,11512.165087890626,11488.09908203125,11046.105512695312,35.400390625,0.0029928679749751655,402020.0,377990.0,1.007963173628932
2019-05-22,11737.900390625,11784.7998046875,11682.400390625,11727.9501953125,355900,0.0024596922232125173,0.0024566721316128274,0.011692225500126363,11587.9,11404.74501953125,11519.33759765625,11503.1080859375,11049.744013671874,18.8505859375,0.0016099090934718074,390360.0,382765.0,0.9298133319399632
2019-05-23,11657.0498046875,12041.150390625,11614.5,11901.2998046875,569000,-0.006887993870017373,-0.006911825598039294,0.011805755990229882,11667.8900390625,11440.27001953125,11523.392578125,11515.18908203125,11052.605512695312,163.3994140625,0.01392066797508405,434020.0,397590.0,1.4311225131416787
2019-05-24,11844.099609375,11859.0,11658.099609375,11748.0,374600,0.016046067214389392,0.01591868987483049,0.011996149894118848,11755.2798828125,11496.78994140625,11529.2900390625,11530.9070703125,11056.15451171875,90.9501953125,0.007802162368383068,426520.0,399560.0,0.9375312844128542
2019-05-27,11924.75,11957.150390625,11812.400390625,11855.5,348400,0.006809330661248669,0.00678625187736734,0.01192775040283005,11774.5798828125,11574.444921875,11543.437548828126,11548.6940625,11060.11826171875,11.400390625,0.00096253755042521,405780.0,386760.0,0.900817044161754
2019-05-28,11928.75,11958.5498046875,11864.900390625,11958.349609375,598300,0.0003354368016101894,0.00033538055526396364,0.011762246645803814,11818.5099609375,11645.11494140625,11552.142529296874,11563.90806640625,11063.925512695312,33.599609375,0.0028176363760246547,449240.0,400000.0,1.49575
2019-05-29,11861.099609375,11931.900390625,11836.7998046875,11905.7998046875,318100,-0.005671205333752538,-0.005687347678687314,0.01184860190716387,11843.1498046875,11715.52490234375,11557.789990234374,11575.1060546875,11066.839262695312,-22.9501953125,-0.001923939667819344,441680.0,389275.0,0.8171601053239997
2019-05-30,11945.900390625,11968.5498046875,11859.400390625,11865.2998046875,421200,0.007149487319284775,0.007124050901094894,0.011921705511792108,11900.919921875,11784.40498046875,11568.847509765625,11587.19005859375,11069.971015625,4.2001953125,0.00035411517066935095,412120.0,391320.0,1.076356945722171
2019-05-31,11922.7998046875,12039.25,11829.4501953125,11999.7998046875,438900,-0.0019337668306382838,-0.001935638971628022,0.011931200247318688,11916.6599609375,11835.969921875,11579.375,11598.7810546875,11072.802514648438,53.8994140625,0.004511959107310121,424980.0,397990.0,1.1027915274253122
2019-06-03,12088.5498046875,12103.0498046875,11920.099609375,11953.75,315300,0.013901936014629301,0.013806190447529239,0.011986880019798,11949.419921875,11861.99990234375,11603.889990234375,11612.01505859375,11076.514262695313,30.9501953125,0.002595883166664578,418360.0,398805.0,0.7906119532102155
2019-06-04,12021.650390625,12095.2001953125,12005.849609375,12052.650390625,289200,-0.005534114111566901,-0.0055494840533033855,0.011858723569236207,11968.0,11893.25498046875,11630.077490234375,11623.2040625,11080.399013671875,-35.8994140625,-0.0029697039465047754,356540.0,396390.0,0.7295845001135246
2019-06-06,11843.75,12039.7998046875,11830.25,12039.7998046875,415200,-0.014798333410505293,-0.014908921111632112,0.012048657023411902,11964.530078125,11903.83994140625,11654.29248046875,11629.4310546875,11082.813764648437,18.1494140625,0.0015097273230182849,375960.0,398510.0,1.0418810067501443
2019-06-07,11870.650390625,11897.5,11769.5,11865.2001953125,302500,0.0022712730870713127,0.0022686976453037896,0.011927920290250527,11949.480078125,11925.2,11682.735009765625,11636.42306640625,11085.231518554687,21.4501953125,0.0018110982849604221,352220.0,394985.0,0.7658518677924478
2019-06-10,11922.7001953125,11975.0498046875,11871.75,11934.900390625,303300,0.004384747505377318,0.004375162508348263,0.011885235887883469,11949.46015625,11933.06005859375,11714.925,11645.7390625,11087.897768554687,64.25,0.005412508825189753,325100.0,390785.0,0.7761300971122228
2019-06-11,11965.599609375,12000.349609375,11904.349609375,11959.849609375,332200,0.0035981290613484873,0.003591671280959742,0.011389325612458173,11924.8701171875,11937.14501953125,11755.794970703126,11657.9660546875,11090.475766601563,37.1494140625,0.0031158557586733224,328480.0,389515.0,0.8528554741152459
2019-06-12,11906.2001953125,11962.4501953125,11866.349609375,11962.4501953125,283700,-0.004964181988503125,-0.0049765444699523915,0.01152164965187255,11901.780078125,11934.8900390625,11790.002490234376,11666.42505859375,11092.653266601563,-3.1494140625,-0.0002632057034594778,327380.0,383795.0,0.7391967065751247
2019-06-13,11914.0498046875,11931.349609375,11817.0498046875,11873.900390625,447900,0.0006592875347493088,0.0006590703001973485,0.01135063912114911,11915.8400390625,11940.18505859375,11827.85498046875,11675.80505859375,11095.076015625,-32.2998046875,-0.002712855836257189,333920.0,385480.0,1.1619279858877245
2019-06-14,11823.2998046875,11911.849609375,11797.7001953125,11910.099609375,390300,-0.007617057296864349,-0.00764621523730026,0.011522889783755966,11906.369921875,11927.925,11856.164990234374,11680.8710546875,11097.413764648438,-3.9501953125,-0.0003315577303484012,351480.0,387460.0,1.007329788881433
2019-06-17,11672.150390625,11844.0498046875,11657.75,11844.0,295500,-0.012784029548381648,-0.012866448437943826,0.01171140890098384,11856.2599609375,11902.86005859375,11869.414990234374,11680.9310546875,11098.599018554687,20.7001953125,0.001750796787229665,349920.0,381630.0,0.7743101957393287
2019-06-18,11691.5,11727.2001953125,11641.150390625,11677.0498046875,365500,0.0016577587443133979,0.0016563861789982873,0.008173736567350987,11801.4400390625,11863.155078125,11862.577490234375,11680.49705078125,11100.13126953125,4.8994140625,0.00041975247906634065,356580.0,377300.0,0.9687251523986218
2019-06-19,11691.4501953125,11802.5,11625.099609375,11744.4501953125,446900,-4.259905700743083e-06,-4.259914774167141e-06,0.007860340447052819,11758.4900390625,11830.13505859375,11861.69501953125,11681.44705078125,11101.234770507812,52.9501953125,0.0045289479803703545,389220.0,380595.0,1.174214059564629
2019-06-20,11831.75,11843.5,11635.0498046875,11653.650390625,442000,0.012000205478679637,0.011928773907426743,0.008297740034063476,11742.030078125,11828.93505859375,11866.3875,11686.12205078125,11102.634770507813,-37.7998046875,-0.003233115144488682,388040.0,384900.0,1.148350220836581
2019-06-21,11724.099609375,11827.9501953125,11705.099609375,11827.599609375,468400,-0.009098433505187353,-0.009140077037704798,0.00841425841778832,11722.1900390625,11814.27998046875,11869.739990234375,11687.2850390625,11103.400766601562,-4.150390625,-0.0003507841718258077,403660.0,379870.0,1.233053413009714
2019-06-24,11699.650390625,11754.0,11670.2001953125,11725.7998046875,277600,-0.002085381356743965,-0.0020875587921609646,0.0075646315389168465,11727.6900390625,11791.975,11862.517529296874,11689.188046875,11103.985268554687,1.7001953125,0.0001450171330121133,400080.0,375020.0,0.7402271878833129
2019-06-25,11796.4501953125,11814.400390625,11651.0,11681.0,300500,0.008273734808782462,0.00823969509310694,0.007646624923742214,11748.680078125,11775.06005859375,11856.1025390625,11691.678046875,11105.182021484376,-18.650390625,-0.0015940981142431973,387080.0,372625.0,0.8064407916806441
2019-06-26,11847.5498046875,11871.849609375,11757.5498046875,11768.150390625,327900,0.004331778503613437,0.0043224233576614314,0.007721806392767102,11779.9,11769.19501953125,11852.042529296876,11696.943046875,11105.96001953125,-28.2998046875,-0.0023990102292590835,363280.0,359105.0,0.9131034098661951
2019-06-27,11841.5498046875,11911.150390625,11821.0498046875,11860.849609375,480200,-0.0005064338279993086,-0.0005065621089227406,0.007618862143833015,11781.8599609375,11761.94501953125,11851.0650390625,11701.8400390625,11106.475268554688,13.2998046875,0.0011225784999222299,370920.0,367210.0,1.3076985920862723
2019-06-28,11788.849609375,11871.7001953125,11775.5,11861.150390625,303900,-0.004450447465215945,-0.004460380187531091,0.007481852659560181,11794.8099609375,11758.5,11843.2125,11704.74802734375,11106.960014648437,19.6005859375,0.0016552382298591585,338020.0,361345.0,0.8410245056663299
2019-07-01,11865.599609375,11884.650390625,11830.7998046875,11839.900390625,278400,0.006510389269786421,0.006489288220080564,0.007641255176554237,11827.9998046875,11777.844921875,11840.352490234374,11708.25302734375,11107.904013671876,51.05078125,0.004330429426243781,338180.0,353320.0,0.7879542624249972
2019-07-02,11910.2998046875,11917.4501953125,11814.7001953125,11890.2998046875,363200,0.003767209141051886,0.003760130979735517,0.006961807465455046,11850.7697265625,11799.72490234375,11831.439990234376,11710.716015625,11109.053012695313,24.7001953125,0.002081664317493437,350720.0,355715.0,1.0210421264214329
2019-07-03,11916.75,11945.2001953125,11887.0498046875,11932.150390625,340500,0.0005415644793391738,0.0005414178862205623,0.006872643953173834,11864.609765625,11822.2548828125,11826.194970703125,11713.99501953125,11110.725014648437,21.8505859375,0.0018345957948850567,353240.0,358280.0,0.9503740091548509
2019-07-04,11946.75,11969.25,11923.650390625,11928.7998046875,333600,0.0025174649128327786,0.0025143014062712723,0.006000790743666345,11885.6498046875,11833.7548828125,11831.344970703125,11721.041015625,11112.857265625,12.0498046875,0.001011165350242306,323920.0,354200.0,0.9418407679277244
2019-07-05,11811.150390625,11981.75,11797.900390625,11964.75,530700,-0.011350334557515662,-0.011415241213692496,0.006532663963963317,11890.1099609375,11842.4599609375,11828.369970703125,11725.74501953125,11114.528266601563,18.0,0.0015066859187645176,369280.0,365610.0,1.4515467301222613
2019-07-08,11558.599609375,11771.900390625,11523.2998046875,11770.400390625,464000,-0.02138240331360608,-0.021614318798492883,0.007959509741056548,11828.7099609375,11828.3548828125,11810.16494140625,11722.39400390625,11114.636762695312,-40.75,-0.0034501296361737098,406400.0,373645.0,1.241820444539603
2019-07-09,11555.900390625,11582.5498046875,11461.0,11531.599609375,442500,-0.00023352472109261502,-0.0002335519922360358,0.007875522988916571,11757.830078125,11804.29990234375,11789.67998046875,11720.676015625,11114.470766601562,-27.0,-0.002335923114604707,422260.0,379160.0,1.1670534866547104
2019-07-10,11498.900390625,11593.7001953125,11475.650390625,11536.150390625,337600,-0.004932545113165099,-0.0049447502653284115,0.007874838294946703,11674.26015625,11769.4349609375,11769.314990234376,11715.561015625,11114.774770507813,-19.75,-0.0017090836137721175,421680.0,381855.0,0.8841052231868117
2019-07-11,11582.900390625,11599.0,11519.5,11561.4501953125,317300,0.007305046321514741,0.007278493704286908,0.008116545972944261,11601.490234375,11743.57001953125,11752.75751953125,11712.256015625,11116.251772460937,62.5498046875,0.005439633579093925,418420.0,375325.0,0.8454006527676015
2019-07-12,11552.5,11639.5498046875,11538.599609375,11601.150390625,359400,-0.0026245922523520093,-0.002628042532973005,0.00799032256047737,11549.76015625,11719.93505859375,11739.217529296875,11708.811015625,11117.164770507812,18.25,0.0015755984584630664,384160.0,373780.0,0.9615281716517737
2019-07-15,11588.349609375,11618.400390625,11532.2998046875,11614.75,368800,0.0031031905972733753,0.003098385639232596,0.007547949588624671,11555.71015625,11692.21005859375,11735.027490234375,11706.3330078125,11117.530517578125,62.25,0.005388444059727332,365120.0,377445.0,0.9770960007418299
2019-07-16,11662.599609375,11670.0498046875,11573.9501953125,11596.650390625,480200,0.006407297199588324,0.006386857732255645,0.007687309787379952,11577.05,11667.4400390625,11733.582470703124,11707.62,11118.954765625,8.30078125,0.0007163040061618998,372660.0,383180.0,1.2531969309462916
2019-07-17,11687.5,11706.650390625,11651.150390625,11670.75,464800,0.0021350634900458854,0.00213278748103271,0.007703513411554129,11614.769921875,11644.5150390625,11733.3849609375,11711.4119921875,11120.997763671876,8.150390625,0.000698848532744646,398100.0,384075.0,1.2101803033261733
2019-07-18,11596.900390625,11677.150390625,11582.400390625,11675.599609375,498300,-0.007751838235294128,-0.007782039913567366,0.007343343507295405,11617.569921875,11609.530078125,11721.64248046875,11716.16099609375,11122.810517578126,-11.900390625,-0.0010182152406417113,434300.0,386890.0,1.2879629868955
2019-07-19,11419.25,11640.349609375,11399.2998046875,11627.9501953125,446000,-0.01531878214359883,-0.015437326885714045,0.007821609850381921,11590.919921875,11570.3400390625,11706.4,11718.51,11124.19126953125,31.0498046875,0.002677422728628491,451620.0,385770.0,1.1561292998418746
2019-07-22,11346.2001953125,11398.150390625,11301.25,11392.849609375,516000,-0.006397075524881224,-0.00641762449493666,0.00790375802671292,11542.4900390625,11549.10009765625,11688.727490234374,11719.85599609375,11126.085268554687,-26.400390625,-0.002311919839306434,481060.0,397690.0,1.2974930222032237
2019-07-23,11331.0498046875,11398.150390625,11302.7998046875,11372.25,458900,-0.0013352832106081625,-0.001336175495625011,0.007562893930192197,11476.180078125,11526.6150390625,11665.457470703124,11723.51298828125,11127.403266601563,26.0498046875,0.0022959056106080394,476800.0,405610.0,1.1313823623677917
2019-07-24,11271.2998046875,11359.75,11229.7998046875,11322.4501953125,413200,-0.005273121293252303,-0.005287073265915101,0.007444820186859692,11392.9400390625,11503.85498046875,11636.644970703124,11724.49798828125,11128.490766601562,-8.599609375,-0.0007589419800663535,466480.0,409875.0,1.0081122293382128
2019-07-25,11252.150390625,11361.400390625,11239.349609375,11290.400390625,553700,-0.0016989534831232112,-0.001700398341321937,0.007433087562473158,11323.9900390625,11470.77998046875,11607.175,11726.40099609375,11129.86376953125,19.1005859375,0.0016946214073337365,477560.0,413550.0,1.3388949341071212
2019-07-26,11284.2998046875,11307.599609375,11210.0498046875,11247.4501953125,522700,0.0028571795564771296,0.0028531055771835413,0.007512541990066385,11297.0,11443.9599609375,11581.947509765625,11726.945,11131.633017578126,-4.7001953125,-0.0004177152943508541,492900.0,424490.0,1.231359984923084
2019-07-29,11189.2001953125,11310.9501953125,11152.400390625,11307.5,482900,-0.008427603929443195,-0.008463316975262767,0.007346127245141426,11265.6,11404.04501953125,11548.1275390625,11722.58599609375,11132.53751953125,23.2001953125,0.0020559711913062284,486280.0,434715.0,1.1108427360454551
2019-07-30,11085.400390625,11267.4501953125,11072.650390625,11213.7001953125,479100,-0.009276785013729971,-0.009320082365343962,0.00730151565053296,11216.4701171875,11346.32509765625,11506.882568359375,11707.72900390625,11133.673271484375,24.5,0.00218961137278282,490320.0,440510.0,1.087603005607137
2019-07-31,11118.0,11145.2998046875,10999.400390625,11034.0498046875,536700,0.00294076968140633,0.002936454076975709,0.00739154746591687,11185.81015625,11289.37509765625,11466.945068359375,11695.90701171875,11136.267021484375,-51.3505859375,-0.004632271648115439,515020.0,450320.0,1.1918191508260791
2019-08-01,10980.0,11076.75,10881.0,11060.2001953125,499900,-0.012412304371289817,-0.012489980449893174,0.007511481638439808,11131.380078125,11227.68505859375,11418.607568359375,11680.74900390625,11139.584770507812,-57.7998046875,-0.00519875919117647,504260.0,458635.0,1.0899735083454163
2019-08-02,10997.349609375,11080.150390625,10848.9501953125,10930.2998046875,547400,0.0015801101434427256,0.001578863082899198,0.00741803009759811,11073.9900390625,11185.49501953125,11377.917529296876,11667.555,11142.83126953125,-49.7001953125,-0.004526429445582878,509200.0,459470.0,1.1913726685093695
2019-08-05,10862.599609375,10895.7998046875,10782.599609375,10895.7998046875,506600,-0.012252952282714391,-0.012328638591802651,0.006484210747328931,11008.669921875,11137.1349609375,11343.117529296875,11647.925,11145.639018554688,-101.5498046875,-0.009234025314693188,513940.0,461600.0,1.0974870017331022
2019-08-06,10948.25,11018.5498046875,10813.7998046875,10815.400390625,517900,0.007884888857643269,0.007853965566277007,0.006911817372991814,10981.23984375,11098.85498046875,11312.735009765625,11628.395,11148.079770507813,-47.19921875,-0.0043451126293253565,521700.0,465370.0,1.1128779250918623
2019-08-07,10855.5,10975.650390625,10835.900390625,10958.099609375,548500,-0.00847167355513434,-0.00850776214660283,0.007017174252758525,10928.73984375,11057.275,11280.564990234376,11606.93,11151.184018554688,9.849609375,0.0008996514853972096,524060.0,475915.0,1.1525167309288424
2019-08-08,11032.4501953125,11058.0498046875,10842.9501953125,10899.2001953125,482500,0.016300510829763803,0.016169083798241606,0.00793118362643359,10939.2298828125,11035.30498046875,11253.04248046875,11590.35701171875,11153.98376953125,43.7001953125,0.004025627130256552,520580.0,484175.0,0.9965405070480715
2019-08-09,11109.650390625,11181.4501953125,11062.7998046875,11087.900390625,538100,0.006997556657477588,0.006973187375465333,0.008204090411417033,10961.6900390625,11017.8400390625,11230.9,11573.63201171875,11156.969521484374,55.4501953125,0.005026099763048089,518720.0,493110.0,1.091237249295289
2019-08-13,10925.849609375,11145.900390625,10901.599609375,11139.400390625,624600,-0.01654424529912324,-0.016682629759426824,0.008730318146033119,10974.3400390625,10991.50498046875,11197.775,11553.6930078125,11158.67501953125,29.75,0.0026778520434004712,542320.0,505900.0,1.2346313500691837
2019-08-14,11029.400390625,11078.150390625,10935.599609375,11003.25,511500,0.009477595331455646,0.009432964697282421,0.008927414805745342,10990.5701171875,10985.90498046875,11166.1150390625,11532.51001953125,11161.556772460937,77.400390625,0.007084153030862338,541040.0,507465.0,1.0079512872808962
2019-08-16,11047.7998046875,11068.650390625,10924.2998046875,11043.650390625,470900,0.0016682152620135504,0.00166682533651526,0.0089145725172059,11029.030078125,10978.8849609375,11134.130029296875,11513.0330078125,11165.278022460938,14.25,0.001292001332376374,525520.0,507770.0,0.9273883845047954
2019-08-19,11053.900390625,11146.900390625,11037.849609375,11094.7998046875,369500,0.0005521991749806165,0.0005520467691192048,0.00886369761416789,11033.3201171875,10986.275,11106.980029296876,11497.236015625,11169.321274414062,47.0,0.004254240738509604,502920.0,501330.0,0.7370394749965092
2019-08-20,11017.0,11076.2998046875,10985.2998046875,11063.900390625,444700,-0.0033382235519596737,-0.0033438078514244876,0.008330437447272469,11014.7900390625,10988.2400390625,11086.867529296875,11480.1630078125,11173.672275390625,10.0,0.0009046580525079789,484240.0,501265.0,0.8871554965936181
2019-08-21,10918.7001953125,11034.2001953125,10906.650390625,11018.150390625,557900,-0.008922556475220111,-0.008962600859057328,0.008423076684472328,11013.36015625,10993.85009765625,11065.492529296875,11460.0830078125,11177.142026367188,1.150390625,0.00010441959017881456,470900.0,503360.0,1.10835187539733
2019-08-22,10741.349609375,10908.25,10718.2998046875,10905.2998046875,668200,-0.016242829527789215,-0.016376190359974212,0.009010980040420646,10955.75,10973.16005859375,11036.00751953125,11435.5980078125,11180.224272460937,-13.400390625,-0.0012272880823994887,502240.0,513825.0,1.3004427577482607
2019-08-23,10829.349609375,10862.5498046875,10637.150390625,10699.599609375,667100,0.008192639025843995,0.008159261534645986,0.009301492660572872,10912.0599609375,10970.54501953125,11013.910009765625,11414.06099609375,11184.221020507812,-41.75,-0.003886848628738496,541480.0,526520.0,1.266998404619008
2019-08-26,11057.849609375,11070.2998046875,10756.5498046875,11000.2998046875,684100,0.021100066785376237,0.020880542984676998,0.010636089158033928,10912.8498046875,10973.0849609375,11004.194970703125,11396.9369921875,11188.256020507812,170.9501953125,0.01578582292370614,604400.0,533040.0,1.2833933663514934
2019-08-27,11105.349609375,11141.75,11049.5,11106.5498046875,685600,0.004295591066795668,0.004286391351556263,0.010667058568937666,10930.5197265625,10972.6548828125,10995.2474609375,11382.57798828125,11192.790766601562,48.7001953125,0.00440412892495945,652580.0,541185.0,1.2668495985661095
2019-08-28,11046.099609375,11129.650390625,10987.650390625,11101.2998046875,550000,-0.005335266523260329,-0.005349549884040612,0.010571825386990428,10955.999609375,10984.6798828125,10988.092431640625,11370.05697265625,11196.088266601562,-4.0498046875,-0.0003646715168769837,651000.0,544540.0,1.0100268116208175
2019-08-29,10948.2998046875,11021.099609375,10922.400390625,10996.0498046875,649900,-0.0088537862364102,-0.008893213897011299,0.010553940681045648,10997.3896484375,10976.56982421875,10981.23740234375,11355.19296875,11198.927514648438,-50.0498046875,-0.004530993423689746,647340.0,553080.0,1.1750560497577205
2019-08-30,11023.25,11042.599609375,10874.7998046875,10987.7998046875,628200,0.006845829640179435,0.00682250334649108,0.010657904893641226,11036.1697265625,10974.11484375,10976.49990234375,11341.82896484375,11201.278764648438,39.5,0.003607866125760287,639560.0,557655.0,1.1265029453694488
2019-09-03,10797.900390625,10967.5,10772.7001953125,10960.9501953125,483000,-0.02044311880570615,-0.020654971620241963,0.011269084286250034,10984.1798828125,10948.51484375,10967.394921875,11321.15197265625,11202.648266601562,-62.2998046875,-0.0056516730263307105,599340.0,556810.0,0.8674413175050736
2019-09-04,10844.650390625,10858.75,10746.349609375,10790.400390625,508800,0.004329545403159107,0.004320199886309888,0.011316005015506352,10932.0400390625,10931.2798828125,10959.7599609375,11303.56298828125,11204.221518554688,-7.5,-0.0006945794764426316,563980.0,554880.0,0.916955017301038
2019-09-05,10847.900390625,10920.099609375,10816.0,10860.9501953125,595700,0.000299686931614751,0.00029964203445609783,0.010981039020083232,10892.4001953125,10924.19990234375,10959.025,11286.52798828125,11205.469018554688,16.2998046875,0.0015030272162199789,573120.0,559335.0,1.0650147049621426
2019-09-06,10946.2001953125,10957.0498046875,10867.4501953125,10883.7998046875,497200,0.009061643373168504,0.00902083303672415,0.01102861878779734,10891.9802734375,10944.6849609375,10958.922509765625,11269.52298828125,11207.274018554688,35.8994140625,0.003309342155605068,542580.0,558300.0,0.8905606304854021
2019-09-09,11003.0498046875,11028.849609375,10889.7998046875,10936.7001953125,412500,0.005193547382711383,0.005180107429441778,0.01089548507380921,10887.940234375,10962.05498046875,10966.3,11252.63298828125,11209.878266601563,-9.5,-0.0008678810756693626,499440.0,551500.0,0.7479601087941976
2019-09-11,11035.7001953125,11054.7998046875,11011.650390625,11028.5,687100,0.0029673946046386845,0.0029630005796600876,0.010283463899713189,10935.5001953125,10959.8400390625,10966.4625,11236.51599609375,11212.144267578125,25.4501953125,0.0023130128250130936,540260.0,561730.0,1.2231855161732506
2019-09-12,10982.7998046875,11081.75,10964.9501953125,11058.2998046875,551400,-0.00479356902496042,-0.004805095025496559,0.01020278221791537,10963.130078125,10947.58505859375,10960.119970703125,11220.395,11214.176767578125,22.599609375,0.002047863658401971,548780.0,562395.0,0.9804496839410023
2019-09-13,11075.900390625,11084.4501953125,10945.75,10986.7998046875,624300,0.008476944640087414,0.008441217109748283,0.009654364724652175,11008.730078125,10950.56513671875,10967.622509765624,11204.601015625,11216.472768554688,4.0,0.000364205855622788,554500.0,562380.0,1.1101034887442653
2019-09-16,11003.5,11052.7001953125,10968.2001953125,10994.849609375,434500,-0.006536749886833726,-0.006558207998363749,0.009553949453551902,11020.1900390625,10956.08515625,10966.327490234375,11186.46501953125,11218.079267578125,-81.05078125,-0.007317760036791591,541960.0,558530.0,0.7779349363507779
2019-09-17,10817.599609375,11000.099609375,10796.5,11000.099609375,482000,-0.01689465993774708,-0.017039002763312223,0.01025194752086553,10983.1,10935.5201171875,10954.81748046875,11164.48201171875,11218.350263671875,-3.400390625,-0.0003090280933339392,555860.0,559085.0,0.862122933006609
2019-09-18,10840.650390625,10885.150390625,10804.849609375,10872.7998046875,519200,0.002130859163064436,0.002128592102631135,0.01027060621882177,10944.0900390625,10939.7951171875,10944.15498046875,11142.36001953125,11219.272514648437,55.2001953125,0.005102813683791839,522280.0,566570.0,0.916391619746898
2019-09-19,10704.7998046875,10845.2001953125,10670.25,10845.2001953125,642600,-0.012531589991591652,-0.012610772583449698,0.010585281243452144,10888.4900390625,10925.81005859375,10928.544970703126,11120.2330078125,11219.796264648438,4.5498046875,0.00041969849811176216,540520.0,576465.0,1.114725091722828
2019-09-20,11274.2001953125,11381.900390625,10691.0,10746.7998046875,1356800,0.05319112930777714,0.051824725995144275,0.01598931046071876,10928.15,10968.4400390625,10946.319970703125,11114.54501953125,11223.533515625,42.0,0.00392347365352958,687020.0,616410.0,2.201132363199818
2019-09-23,11600.2001953125,11694.849609375,11471.349609375,11542.7001953125,882800,0.028915576657539077,0.028505409421526316,0.01649917743743913,11047.4900390625,11033.8400390625,10989.2625,11115.431015625,11228.391518554687,268.5,0.02381543660291174,776680.0,627140.0,1.4076601715725356
2019-09-24,11588.2001953125,11655.0498046875,11539.2001953125,11590.7001953125,651700,-0.0010344649056013289,-0.0010350003337080292,0.016504204620174302,11201.61015625,11092.355078125,11027.205029296874,11117.21701171875,11232.904521484375,-9.5,-0.0008189513836010205,810620.0,626370.0,1.0404393569296102
2019-09-25,11440.2001953125,11564.9501953125,11416.099609375,11564.849609375,629100,-0.012771612287114875,-0.01285387045749521,0.016342273006890416,11321.5201171875,11132.805078125,11046.32255859375,11114.3630078125,11236.461274414063,-23.3505859375,-0.0020150312856128823,832600.0,623620.0,1.0087874025849075
2019-09-26,11571.2001953125,11610.849609375,11466.349609375,11469.849609375,844500,0.01145084856589107,0.011385783826013008,0.01647695656674622,11494.8001953125,11191.6451171875,11069.615087890625,11114.73701171875,11240.023774414063,29.6494140625,0.0025916866450159267,872980.0,631565.0,1.3371545288291784
2019-09-27,11512.400390625,11593.599609375,11499.75,11556.349609375,650000,-0.005081564893442914,-0.005094519950938459,0.016470960094031074,11542.440234375,11235.2951171875,11092.930126953124,11113.21802734375,11243.202026367188,-14.8505859375,-0.0012834092995397297,731620.0,636565.0,1.0211054644851665
2019-09-30,11474.4501953125,11508.25,11390.7998046875,11491.150390625,756800,-0.003296462425282254,-0.003301907727659163,0.016320929615909707,11517.290234375,11282.39013671875,11119.237646484375,11109.4550390625,11246.15552734375,-21.25,-0.0018458357318170335,706420.0,641910.0,1.1789814771541183
2019-10-01,11359.900390625,11554.2001953125,11247.900390625,11515.400390625,1305400,-0.009983032105041145,-0.01003319671254013,0.016516315742690767,11471.6302734375,11336.62021484375,11136.070166015625,11102.903046875,11248.607529296874,40.9501953125,0.0035688154652698586,837160.0,675770.0,1.9317223315625138
2019-10-03,11314.0,11370.400390625,11257.349609375,11322.25,1017500,-0.004040562773145462,-0.004048747902700529,0.015751997291737634,11446.390234375,11383.95517578125,11161.875146484375,11097.2450390625,11251.26302734375,-37.650390625,-0.003314324010804865,914840.0,702495.0,1.4484088854724944
2019-10-04,11174.75,11400.2998046875,11158.349609375,11388.4501953125,928500,-0.012307760296977222,-0.012384128036227408,0.016083482504918225,11367.1001953125,11430.9501953125,11178.380126953125,11092.3550390625,11254.131025390625,74.4501953125,0.006580360200857345,931640.0,723480.0,1.2833803284126721
2019-10-07,11126.400390625,11233.849609375,11112.650390625,11196.2001953125,733200,-0.0043266837625002275,-0.004336070945390455,0.016136664127687467,11289.9001953125,11416.17021484375,11192.305126953124,11087.95904296875,11256.294526367188,21.4501953125,0.0019195235072372984,948280.0,730355.0,1.0038953659521739
2019-10-09,11313.2998046875,11321.599609375,11090.150390625,11152.9501953125,741100,0.01679783285706482,0.016658309554353663,0.016420477836074334,11257.6701171875,11387.48017578125,11210.660107421874,11087.60404296875,11260.418774414062,26.5498046875,0.002386198928259908,945140.0,742550.0,0.9980472695441385
2019-10-10,11234.5498046875,11293.349609375,11208.5498046875,11280.5,562000,-0.006960833829169011,-0.006985173448092334,0.01651200923379706,11232.6,11352.11513671875,11222.235107421875,11086.86904296875,11263.845771484375,-32.7998046875,-0.0028992252705890356,796460.0,750025.0,0.7493083563881204
2019-10-11,11305.0498046875,11362.900390625,11189.400390625,11257.7001953125,737800,0.006275284833450412,0.006255677219734019,0.016547504675196945,11230.8099609375,11338.60009765625,11235.702587890624,11087.92703125,11266.683022460937,23.150390625,0.0020606424847874846,740520.0,752560.0,0.9803869458913576
2019-10-14,11341.150390625,11420.4501953125,11290.0498046875,11335.900390625,587600,0.003193315072573366,0.0031882272704231176,0.016488113098953573,11264.0900390625,11315.5951171875,11253.6201171875,11089.06404296875,11269.431025390624,30.8505859375,0.0027289208336533097,672340.0,754370.0,0.7789281121995838
2019-10-15,11428.2998046875,11462.349609375,11342.099609375,11360.849609375,527400,0.007684353972992053,0.007654979710518189,0.016471996129525986,11324.469921875,11307.18505859375,11271.240087890625,11093.84603515625,11272.5452734375,19.69921875,0.0017369683031700275,631180.0,749525.0,0.7036456422400854
2019-10-16,11464.0,11481.0498046875,11411.099609375,11464.9501953125,533500,0.003123841334461419,0.0031189722795879394,0.016359201292101323,11354.6099609375,11306.1400390625,11294.265087890624,11101.41802734375,11275.423525390624,36.650390625,0.003206985400397639,589660.0,754475.0,0.7071142184963054
2019-10-17,11586.349609375,11599.099609375,11439.650390625,11466.2998046875,797600,0.010672506051552677,0.010615956850818441,0.015820225065209807,11424.969921875,11328.7849609375,11332.702587890624,11110.78501953125,11278.811772460938,2.2998046875,0.00020061101600662946,636780.0,770255.0,1.0355012301121058
2019-10-18,11661.849609375,11684.7001953125,11553.150390625,11580.2998046875,853400,0.006516288783389612,0.006495149556810502,0.015829835131700644,11496.3298828125,11363.569921875,11373.762548828125,11124.42201171875,11282.284521484375,-6.0498046875,-0.0005221493301570022,659900.0,786965.0,1.0844192562566315
2019-10-22,11588.349609375,11714.349609375,11573.650390625,11657.150390625,867600,-0.006302602285396697,-0.006322547531982618,0.015550954560321658,11545.7697265625,11404.9298828125,11417.9400390625,11136.24201171875,11285.467768554687,-4.69921875,-0.0004029565555554997,715900.0,798215.0,1.0869252018566427
2019-10-23,11604.099609375,11651.599609375,11554.400390625,11596.2001953125,664200,0.001359123648397631,0.0013582008758651655,0.010403901097865426,11580.9296875,11452.6998046875,11434.435009765624,11151.07201171875,11289.718266601563,7.8505859375,0.0006774550477100604,743260.0,763585.0,0.8698442216649096
2019-10-24,11582.599609375,11679.599609375,11534.650390625,11661.650390625,700500,-0.0018527934715960592,-0.001854512016487498,0.008170923965190879,11604.649609375,11479.62978515625,11433.55498046875,11163.75900390625,11294.313764648437,57.55078125,0.004959521478383767,776660.0,754470.0,0.9284663406099646
2019-10-25,11583.900390625,11646.900390625,11490.75,11646.150390625,812000,0.00011230477560042473,0.00011229846989121649,0.008167632517006897,11604.159765625,11514.56484375,11433.339990234375,11178.32701171875,11298.584018554688,63.55078125,0.005486745928656789,779540.0,762485.0,1.0649389824062112
2019-10-29,11786.849609375,11809.400390625,11627.349609375,11643.9501953125,951700,0.017519938181983052,0.017368233407476515,0.00847490550133062,11629.159765625,11562.74482421875,11450.6724609375,11193.415,11303.619267578126,60.0498046875,0.005183902024580519,799200.0,778615.0,1.2222985686122152
2019-10-30,11844.099609375,11883.9501953125,11784.4501953125,11883.900390625,725200,0.004857107869982835,0.004845350178432992,0.00819209573033857,11680.309765625,11613.03974609375,11464.317431640626,11208.103984375,11308.540263671875,97.05078125,0.008233818574626416,770720.0,772650.0,0.9385879764447033
2019-10-31,11877.4501953125,11945.0,11855.099609375,11890.4501953125,1414800,0.0028157974888274317,0.0028118405572833054,0.00806279450105568,11734.9798828125,11657.95478515625,11482.569921875,11227.13599609375,11313.614765625,46.3505859375,0.003913390419379111,920840.0,810890.0,1.7447495961227786
2019-11-01,11890.599609375,11918.2998046875,11843.349609375,11886.599609375,855300,0.0011070906504571099,0.0011064782775295006,0.00798197141660812,11796.5798828125,11700.61474609375,11503.377392578124,11244.35998046875,11319.105263671874,9.1494140625,0.0007703180322415383,951800.0,815815.0,1.0483994533074288
2019-11-04,11941.2998046875,11989.150390625,11905.349609375,11928.900390625,823100,0.004263888868356602,0.004254824252091804,0.007494687573330245,11868.059765625,11736.109765625,11532.44736328125,11262.22998046875,11325.450512695312,38.30078125,0.0032210975483357635,954020.0,791700.0,1.03966148793735
2019-11-05,11917.2001953125,11978.9501953125,11861.900390625,11974.599609375,632000,-0.002018173043904281,-0.002020212299297299,0.007414652258358404,11894.1298828125,11761.64482421875,11562.607373046874,11279.4959765625,11331.399765625,33.2998046875,0.002788624792288384,890080.0,772425.0,0.8182024144738972
2019-11-06,11966.0498046875,12002.900390625,11850.25,11911.5,603400,0.004099084396871566,0.004090706038353768,0.006530260425908405,11918.519921875,11799.41484375,11602.17236328125,11298.47697265625,11337.371015625,-5.7001953125,-0.0004783166531633923,865720.0,756170.0,0.7979687107396485
2019-11-07,12012.0498046875,12021.400390625,11946.849609375,12021.099609375,563000,0.003844209304726398,0.003836839214212366,0.006268693659103047,11945.43984375,11840.20986328125,11646.454833984375,11320.34396484375,11343.420512695313,55.0498046875,0.004600499378327438,695360.0,747660.0,0.753016076826365
2019-11-08,11908.150390625,12034.150390625,11888.75,11987.150390625,789300,-0.008649599006986697,-0.008687223905779385,0.00608329299817867,11948.95,11872.76494140625,11676.19736328125,11343.67998046875,11348.685512695312,-24.8994140625,-0.0020728696989570777,682160.0,750070.0,1.0523017851667178
2019-11-11,11913.4501953125,11932.650390625,11853.9501953125,11879.2001953125,549000,0.0004450569159482054,0.0004449579074941643,0.005684078395776669,11943.380078125,11905.719921875,11710.1423828125,11365.3619921875,11354.144765625,-28.9501953125,-0.002431124428466388,627340.0,749420.0,0.7325665181073363
2019-11-13,11840.4501953125,11946.7998046875,11823.2001953125,11908.2998046875,659000,-0.006127528029514329,-0.006146378372844679,0.005971866468746149,11928.030078125,11911.07998046875,11736.91240234375,11381.01400390625,11359.372265625,-5.150390625,-0.000432317300241578,632740.0,745480.0,0.8839942050759242
2019-11-14,11872.099609375,11895.650390625,11802.650390625,11858.75,559500,0.002672990768123773,0.0026694246816312177,0.005969054739679092,11909.2400390625,11913.87998046875,11763.45986328125,11396.34900390625,11365.044765625,18.2998046875,0.001545532845933906,623960.0,744075.0,0.7519403285959076
2019-11-15,11895.4501953125,11973.650390625,11879.25,11904.2001953125,580200,0.001966845520657623,0.001964913812506188,0.005833341554504143,11885.9201171875,11915.67998046875,11786.8173828125,11413.336015625,11370.088017578126,32.1005859375,0.002703867638724261,627400.0,746715.0,0.7770032743416163
2019-11-18,11884.5,11946.2001953125,11867.599609375,11915.150390625,514400,-0.0009205364347466549,-0.0009209603886071214,0.005863133271858356,11881.1900390625,11915.07001953125,11807.8423828125,11432.06001953125,11375.059018554688,19.7001953125,0.001656111789721336,572420.0,745760.0,0.6897661446041622
2019-11-19,11940.099609375,11958.849609375,11881.75,11919.4501953125,613900,0.004678329704657314,0.004667420332106962,0.0055305162647935144,11886.519921875,11914.95,11825.5298828125,11450.39701171875,11380.233515625,34.9501953125,0.002940821684757457,585400.0,736575.0,0.8334521263958184
2019-11-20,11999.099609375,12038.599609375,11966.0498046875,12004.75,646700,0.004941332311304558,0.004929163997457979,0.0054664628545505545,11918.2498046875,11923.13994140625,11842.3923828125,11474.42099609375,11385.694262695313,64.650390625,0.0054145604090470485,582940.0,726240.0,0.8904769773077771
2019-11-21,11968.400390625,12028.2001953125,11956.900390625,12025.650390625,557700,-0.002558460196964596,-0.0025617386493080496,0.005247036892447977,11937.5099609375,11923.375,11861.394921875,11496.89599609375,11390.727016601562,26.55078125,0.0022127311310305023,582580.0,710745.0,0.7846696072431041
2019-11-22,11914.400390625,11968.099609375,11883.5,11967.2998046875,486800,-0.004511881140131235,-0.004522090396049399,0.005424101165044798,11941.3,11913.61005859375,11876.9099609375,11518.22599609375,11395.685268554687,-1.1005859375,-9.1957646935183e-05,563900.0,701875.0,0.6935707925200356
2019-11-25,12073.75,12084.5,11919.75,11922.4501953125,534300,0.013374538722098483,0.013285889135891809,0.005992162914063823,11979.15,11930.17001953125,11901.46748046875,11540.7769921875,11401.896518554688,8.0498046875,0.0006756365762085764,567880.0,693565.0,0.7703675935204343
2019-11-26,12037.7001953125,12132.4501953125,12006.349609375,12110.2001953125,1201300,-0.0029858001604721185,-0.0029902665544935493,0.006085451464112992,11998.6701171875,11942.59501953125,11924.157470703125,11561.47,11407.836020507813,36.4501953125,0.003018962237291645,685360.0,713030.0,1.6847818464861226
2019-11-27,12100.7001953125,12114.900390625,12055.150390625,12068.5,584200,0.005233557820665036,0.005219910352766259,0.004942854757865841,12018.990234375,11968.62001953125,11939.85,11582.77,11414.436772460938,30.7998046875,0.002558612042813086,672860.0,694655.0,0.8409930109190893
2019-11-28,12151.150390625,12158.7998046875,12099.9501953125,12132.099609375,620500,0.004169196368656758,0.004160529350791835,0.00491933014187371,12055.540234375,11996.52509765625,11955.2025390625,11606.13701171875,11421.884775390625,31.3994140625,0.002594842740973231,685420.0,689420.0,0.9000319108816106
2019-11-29,12056.0498046875,12147.400390625,12017.400390625,12146.2001953125,804400,-0.007826467690735917,-0.00785725523266999,0.005306192572491363,12083.8701171875,12012.58505859375,11964.13251953125,11625.74,11428.9040234375,-4.9501953125,-0.00040738491034719097,748940.0,658900.0,1.220822583093034
2019-12-02,12048.2001953125,12137.150390625,12023.7001953125,12137.0498046875,720900,-0.0006510929783939412,-0.000651305031476376,0.005314694896613549,12078.76015625,12028.955078125,11972.012548828125,11646.63400390625,11435.886025390624,81.0,0.006718618561820015,786260.0,652180.0,1.10536968321629
2019-12-03,11994.2001953125,12068.599609375,11956.400390625,12067.650390625,605800,-0.004481997238144242,-0.004492071500914214,0.00536318202122563,12070.06015625,12034.36513671875,11974.657568359375,11670.166015625,11441.702275390626,19.4501953125,0.0016143652161479966,667160.0,641315.0,0.9446215978107483
2019-12-04,12043.2001953125,12054.7001953125,11935.2998046875,11969.9501953125,747200,0.004085307832292884,0.0040769856204158446,0.0054017544263966905,12058.56015625,12038.7751953125,11980.957568359376,11694.21701171875,11447.450024414062,-24.25,-0.0020218105088388666,699760.0,647075.0,1.1547347679944364
2019-12-05,12018.400390625,12081.2001953125,11998.75,12071.25,562200,-0.00205923710353606,-0.002061360247465576,0.005363575880646584,12032.01015625,12043.7751953125,11983.57509765625,11720.4890234375,11452.980776367187,28.0498046875,0.0023290989299021743,688100.0,645015.0,0.871607637031697
2019-12-06,11921.5,12057.0498046875,11888.849609375,12047.349609375,609200,-0.008062669529681155,-0.00809534862199821,0.005597247004382939,12005.1001953125,12044.48515625,11979.047607421875,11733.43501953125,11457.916528320313,28.94921875,0.0024087414139224344,649060.0,647325.0,0.9411037732205615
2019-12-09,11937.5,11981.9501953125,11888.0498046875,11939.099609375,599100,0.001342112989137334,0.0013412131605239934,0.005254123118417286,11982.96015625,12030.86015625,11980.515087890624,11740.181015625,11462.29177734375,17.599609375,0.0014762915216206013,624700.0,637815.0,0.9393005808894429
2019-12-10,11856.7998046875,11953.2001953125,11844.7001953125,11950.5,650200,-0.006760225785340301,-0.006783179618895446,0.005474243936630159,11955.480078125,12012.7701171875,11977.682568359374,11745.5530078125,11466.228774414063,13.0,0.0010890052356020941,633580.0,642875.0,1.0113941279408905
2019-12-11,11910.150390625,11923.2001953125,11832.2998046875,11867.349609375,997700,0.0044995771891509495,0.004489484356039674,0.005386118350114455,11928.8701171875,11993.71513671875,11981.167578125,11754.95201171875,11471.061528320313,10.5498046875,0.0008897683069026105,683680.0,659810.0,1.512101968748579
2019-12-12,11971.7998046875,12005.5,11934.0,11944.2998046875,752600,0.005176207859728388,0.005162857346029799,0.00547237924700148,11919.55,11975.780078125,11986.152587890625,11762.96400390625,11476.476528320312,34.1494140625,0.0028672529684747304,721760.0,669465.0,1.1241812492064558
2019-12-13,12086.7001953125,12098.849609375,12023.599609375,12026.400390625,597700,0.009597587037832866,0.009551822783961173,0.00583873630220699,11952.5900390625,11978.8451171875,11995.715087890625,11774.45,11482.75302734375,54.6005859375,0.004560766704110889,719460.0,670340.0,0.8916370796909031
2019-12-16,12053.9501953125,12134.650390625,12046.2998046875,12131.349609375,437700,-0.0027095898360001147,-0.002713267419203363,0.005880265446102161,11975.880078125,11979.4201171875,12004.18759765625,11786.04,11489.292529296876,44.6494140625,0.0036940946115149005,687180.0,666505.0,0.6567092519936084
2019-12-17,12165.0,12182.75,12070.349609375,12082.4501953125,499600,0.009212731336046609,0.009170552980705609,0.006123131408577936,12037.5201171875,11996.50009765625,12015.4326171875,11802.1419921875,11496.49552734375,28.5,0.00236437014739641,657060.0,660790.0,0.7560647104223732
2019-12-18,12221.650390625,12237.7001953125,12163.4501953125,12197.0,518900,0.004656834412248179,0.004646024904610523,0.006113697180044177,12099.8201171875,12014.3451171875,12026.56015625,11820.295,11504.399028320313,32.0,0.0026304973284011508,561300.0,654400.0,0.792940097799511
2019-12-19,12259.7001953125,12268.349609375,12191.150390625,12223.400390625,623100,0.003113311498149862,0.003108475179285728,0.006074442060659323,12157.4001953125,12038.47509765625,12041.125146484375,11841.99400390625,11512.67578125,1.75,0.00014318851743152402,535400.0,657670.0,0.9474356440159959
2019-12-20,12271.7998046875,12293.900390625,12252.75,12266.4501953125,810700,0.000986941701855537,0.0009864549951019103,0.005923901111874151,12194.4201171875,12073.505078125,12058.9951171875,11864.9019921875,11520.357529296874,6.75,0.0005505844264104325,578000.0,673865.0,1.2030599600810252
2019-12-23,12262.75,12287.150390625,12213.25,12235.4501953125,604800,-0.0007374472230261553,-0.0007377192709850936,0.005234891703058991,12236.180078125,12106.030078125,12068.4451171875,11883.89099609375,11527.72203125,-36.349609375,-0.0029620438691572706,611420.0,677390.0,0.8928386896765527
2019-12-24,12214.5498046875,12283.7001953125,12202.099609375,12269.25,470300,-0.003930618769240168,-0.003938363953434116,0.005274868731588087,12246.0900390625,12141.805078125,12077.28759765625,11903.49099609375,11534.836528320313,6.5,0.0005300605492242768,605560.0,640840.0,0.7338805318020099
2019-12-26,12126.5498046875,12221.5498046875,12118.849609375,12211.849609375,520300,-0.007204522590446127,-0.007230600491364134,0.0054479152847027,12227.069921875,12163.44501953125,12078.580078125,11919.92099609375,11541.068779296875,-2.7001953125,-0.00022106384235821472,605840.0,637645.0,0.8159712692799285
2019-12-27,12245.7998046875,12258.4501953125,12157.900390625,12172.900390625,383800,0.009833794601157297,0.009785757510884093,0.005805007999568621,12224.28984375,12190.84501953125,12083.312548828126,11938.013984375,11548.121279296874,46.3505859375,0.0038222401824122513,557980.0,625810.0,0.613285182403605
2019-12-30,12255.849609375,12286.4501953125,12213.7998046875,12274.900390625,411100,0.0008206736062803532,0.0008203370378256411,0.005472217584323349,12221.0998046875,12207.7599609375,12093.3025390625,11954.56498046875,11555.367275390625,29.1005859375,0.002376372830001741,478060.0,606145.0,0.6782205577873281
2019-12-31,12168.4501953125,12247.099609375,12151.7998046875,12247.099609375,426900,-0.007131240742024536,-0.007156789574995062,0.005749732169453099,12202.23984375,12219.2099609375,12099.3150390625,11968.653984375,11562.247026367188,-8.75,-0.0007139447919878821,442480.0,591445.0,0.7217915444377753
2020-01-01,12182.5,12222.2001953125,12165.2998046875,12202.150390625,304100,0.001154609211690083,0.0011539431631088094,0.005628915511572681,12195.8298828125,12220.9599609375,12108.730029296876,11980.5769921875,11568.842026367187,33.7001953125,0.0027694730858562337,409240.0,576360.0,0.5276216253730307
2020-01-02,12282.2001953125,12289.900390625,12195.25,12198.5498046875,407700,0.008183886337984836,0.008150579934013252,0.005826189540061876,12226.9599609375,12227.01494140625,12120.680029296875,11992.98400390625,11575.315776367188,16.0498046875,0.001317447542581572,386720.0,559385.0,0.7288361325384127
2020-01-03,12226.650390625,12265.599609375,12191.349609375,12261.099609375,428800,-0.004522789386603554,-0.004533048142335533,0.005919547302589733,12223.130078125,12223.7099609375,12131.092529296875,12005.75001953125,11581.184028320313,-21.1005859375,-0.0017179809481979488,395720.0,552715.0,0.7758066996553378
2020-01-06,11993.0498046875,12179.099609375,11974.2001953125,12170.599609375,396500,-0.019105853072941215,-0.01929072847314149,0.007178388200241272,12170.5701171875,12195.8349609375,12134.67001953125,12013.5290234375,11585.858276367188,-56.05078125,-0.004584312093603161,392800.0,542080.0,0.7314418536009445
2020-01-07,12052.9501953125,12152.150390625,12005.349609375,12079.099609375,447800,0.004994592001242859,0.004982160403270252,0.007251744615898304,12147.4701171875,12174.85498046875,12140.442529296875,12022.93603515625,11590.946025390625,86.0498046875,0.007174972679081789,396980.0,534515.0,0.837768818461596
2020-01-08,12025.349609375,12044.9501953125,11929.599609375,11939.099609375,446000,-0.0022899444111396106,-0.0022925703434345888,0.007082909434666458,12116.0400390625,12155.9349609375,12148.87001953125,12031.76501953125,11595.232524414063,-113.8505859375,-0.009445868778398961,425360.0,524305.0,0.8506499079734124
2020-01-09,12215.900390625,12224.0498046875,12132.5498046875,12153.150390625,477500,0.015845758122611686,0.015721524760104574,0.007817071682965929,12102.780078125,12164.87001953125,12164.15751953125,12040.34603515625,11599.806025390624,127.80078125,0.01062761461424507,439320.0,498295.0,0.9582676928325591
2020-01-10,12256.7998046875,12311.2001953125,12213.2001953125,12271.0,660600,0.0033480474426501594,0.003342455210374022,0.0077799266586595014,12108.8099609375,12165.97001953125,12178.40751953125,12048.6000390625,11604.3815234375,55.099609375,0.004510482863570644,485680.0,493695.0,1.338073101813873
2020-01-13,12329.5498046875,12337.75,12285.7998046875,12296.7001953125,501000,0.0059354808073293075,0.005917935234497193,0.00761333814331695,12176.1099609375,12173.3400390625,12190.55,12057.64203125,11609.313022460938,39.900390625,0.0032553677355275446,506580.0,488860.0,1.0248332856032403
2020-01-14,12362.2998046875,12374.25,12308.7001953125,12333.099609375,616300,0.0026562202609821117,0.0026526987425187607,0.007569307448130916,12237.9798828125,12192.725,12205.96748046875,12067.07603515625,11613.9902734375,3.5498046875,0.00028791032468601733,540280.0,497790.0,1.2380722794752808
2020-01-15,12343.2998046875,12355.150390625,12278.75,12349.400390625,684400,-0.0015369308543056182,-0.0015381131440847836,0.007355842623574544,12301.569921875,12208.80498046875,12214.882470703125,12075.11603515625,11618.395771484375,-12.8994140625,-0.0010434477618483933,587960.0,507030.0,1.3498215095753703
2020-01-16,12355.5,12389.0498046875,12315.7998046875,12347.099609375,395700,0.000988406301843714,0.0009879181499700635,0.007298906122469884,12329.48984375,12216.1349609375,12221.574951171875,12083.88203125,11622.51126953125,3.7998046875,0.0003078435060012869,571600.0,500870.0,0.7900253558807675
2020-01-17,12352.349609375,12385.4501953125,12321.400390625,12328.400390625,502100,-0.000254978804985595,-0.00025501131760789477,0.007275959942809869,12348.5998046875,12228.7048828125,12226.207421875,12091.60802734375,11626.667768554687,-27.099609375,-0.0021933235704746875,539900.0,494820.0,1.0147124206782265
2020-01-20,12224.5498046875,12430.5,12216.900390625,12430.5,491600,-0.010346193941151438,-0.01040008785925209,0.007659205272278158,12327.5998046875,12251.8548828125,12223.844921875,12095.85802734375,11630.506015625,78.150390625,0.006326763174326493,538020.0,478865.0,1.02659413404613
2020-01-21,12169.849609375,12230.0498046875,12162.2998046875,12195.2998046875,400,-0.004474618385662321,-0.004484659455009181,0.007719258996569668,12289.109765625,12263.54482421875,12219.19990234375,12101.09201171875,11634.584013671874,-29.25,-0.0023927261508463974,414840.0,448645.0,0.0008915735158087129
2020-01-22,12106.900390625,12225.0498046875,12087.900390625,12218.349609375,500,-0.005172555189302153,-0.005185979163736476,0.007754478565288956,12241.8298828125,12271.69990234375,12213.817431640626,12104.961015625,11637.702265625,48.5,0.003985258779421416,278060.0,425155.0,0.0011760416789171008
2020-01-23,12180.349609375,12189.0,12094.099609375,12123.75,867700,0.0060667236352978104,0.0060483951593072694,0.007710507724025122,12206.7998046875,12268.14482421875,12216.507421875,12111.75900390625,11641.378764648438,16.849609375,0.0013917360208933018,372460.0,442525.0,1.9607931755268064
2020-01-24,12248.25,12272.150390625,12149.650390625,12174.5498046875,593200,0.005574584704263197,0.005559104211847819,0.007487458825437387,12185.9798828125,12267.28984375,12216.629931640626,12119.28201171875,11644.770014648437,-5.7998046875,-0.0004761607731715675,390680.0,452995.0,1.3095067274473229
2020-01-27,12119.0,12216.599609375,12107.0,12197.099609375,441200,-0.010552527912150667,-0.010608600656474901,0.007847990899295559,12164.869921875,12246.23486328125,12209.787451171875,12123.7530078125,11647.019262695312,-51.150390625,-0.004176138683077174,380600.0,454500.0,0.9707370737073707
2020-01-28,12055.7998046875,12163.5498046875,12024.5,12148.099609375,478500,-0.005214967844912932,-0.005228613250633523,0.0077745358188175085,12142.0599609375,12215.58486328125,12204.154931640625,12127.17900390625,11648.732260742188,29.099609375,0.002401155984404654,476220.0,457080.0,1.0468626936203729
2020-01-29,12129.5,12169.599609375,12103.7998046875,12114.900390625,514400,0.006113256399948197,0.006094646255253335,0.007905892413645131,12146.5798828125,12194.2048828125,12201.504931640626,12130.96701171875,11651.160009765625,59.1005859375,0.004902253429467258,579000.0,467595.0,1.1000973064297095
2020-01-30,12035.7998046875,12150.2998046875,12010.599609375,12147.75,538100,-0.0077249841553650445,-0.007754976405079576,0.007819057681880749,12117.669921875,12162.23486328125,12189.184912109375,12131.701015625,11653.349008789062,18.25,0.001504596232326147,513080.0,474115.0,1.1349567088153718
2020-01-31,11962.099609375,12103.5498046875,11945.849609375,12100.400390625,771300,-0.006123414854723341,-0.006142239847635705,0.007865243760354919,12060.43984375,12123.20986328125,12175.957373046875,12131.575,11654.829755859375,64.6005859375,0.005367369596189234,548700.0,491240.0,1.570108297369921
2020-02-03,11707.900390625,11749.849609375,11614.5,11627.4501953125,669800,-0.021250384719316173,-0.02147942474929971,0.008134177899571214,11978.219921875,12071.544921875,12161.69990234375,12127.445,11655.3467578125,-334.6494140625,-0.02797580901267757,594420.0,504905.0,1.3265861894811894
2020-02-04,11979.650390625,11986.150390625,11783.400390625,11786.25,560400,0.02321082268667074,0.02294554852001912,0.00972516132814669,11962.9900390625,12052.525,12158.034912109375,12125.5630078125,11656.885258789063,78.349609375,0.0066920290368833145,610800.0,510535.0,1.0976720499084294
2020-02-05,12089.150390625,12098.150390625,11953.349609375,12005.849609375,758000,0.009140500467834434,0.009098978920125088,0.0099332376421393,11954.9201171875,12050.75,12161.224951171875,12126.59201171875,11659.40951171875,26.19921875,0.002186976906312968,659520.0,526135.0,1.4406948786908302
2020-02-06,12137.9501953125,12160.599609375,12084.650390625,12120.0,565100,0.004036661230167438,0.00402853577236436,0.009291489682470223,11975.3501953125,12046.51005859375,12157.32744140625,12127.33701171875,11662.11576171875,30.849609375,0.002551842633947504,664920.0,530515.0,1.0651913706492748
2020-02-07,12098.349609375,12154.7001953125,12073.9501953125,12151.150390625,473500,-0.0032625431230384194,-0.003267876820959125,0.009273233488187748,12002.6001953125,12031.52001953125,12149.404931640625,12126.28099609375,11664.390258789062,13.2001953125,0.0010875143743461497,605360.0,521160.0,0.9085501573413155
2020-02-10,12031.5,12103.5498046875,11990.75,12102.349609375,524700,-0.005525514763038308,-0.005540836887552729,0.009201331080643482,12067.3201171875,12022.77001953125,12134.50244140625,12125.79,11666.096010742187,4.0,0.00033062360810770454,576340.0,522345.0,1.0045085144875514
2020-02-11,12107.900390625,12172.2998046875,12099.0,12108.400390625,480000,0.006350030388978967,0.0063299538920958175,0.009318762368360198,12092.9701171875,12027.980078125,12121.782470703125,12126.98400390625,11667.699760742187,76.900390625,0.006391587967003283,560260.0,515530.0,0.9310806354625337
2020-02-12,12201.2001953125,12231.75,12144.2998046875,12151.0,411700,0.0077056964194832656,0.0076761591804553895,0.00951768055286422,12115.380078125,12035.15009765625,12114.677490234375,12131.12400390625,11669.941762695313,43.099609375,0.0035596270190966805,491000.0,501895.0,0.8202910967433428
2020-02-13,12174.650390625,12225.650390625,12139.7998046875,12219.5498046875,501200,-0.0021759994314084485,-0.002178370358219195,0.009517311082834018,12122.7201171875,12049.03515625,12105.635009765625,12133.7530078125,11672.842763671875,18.349609375,0.0015039183917373651,478220.0,507170.0,0.9882287990220242
2020-02-14,12113.4501953125,12246.7001953125,12091.2001953125,12190.150390625,622800,-0.005026854435148831,-0.005039531569823334,0.009565417834132178,12125.740234375,12064.17021484375,12093.6900390625,12135.65400390625,11675.530263671875,15.5,0.0012731371745948173,508080.0,513205.0,1.2135501407819487
2020-02-17,12045.7998046875,12159.599609375,12037.0,12131.7998046875,0,-0.00558473346026378,-0.005600386389670753,0.009376174460333701,12128.6001953125,12097.96015625,12084.7525390625,12138.14,11677.128510742188,18.349609375,0.0015148127972739497,403140.0,488625.0,0.0
2020-02-18,11992.5,12030.75,11908.0498046875,12028.25,676900,-0.004424762618648104,-0.004434580853707973,0.009375123147867948,12105.5201171875,12099.2451171875,12075.88505859375,12139.24,11678.88201171875,-17.5498046875,-0.0014569231576196935,442520.0,522450.0,1.2956263757297348
2020-02-19,12125.900390625,12134.7001953125,12042.099609375,12090.599609375,513600,0.011123651500938081,0.011062238693018929,0.009668786594062277,12090.46015625,12102.9201171875,12076.83505859375,12144.62201171875,11680.73826171875,98.099609375,0.008180079997915363,462900.0,548105.0,0.9370467337462712
2020-02-20,12080.849609375,12152.0,12071.4501953125,12119.0,502600,-0.003715252459506435,-0.003722171151700223,0.009599447824567882,12071.7,12097.21005859375,12071.86005859375,12148.03599609375,11682.4017578125,-6.900390625,-0.0005690621234473406,463180.0,529850.0,0.9485703500990846
2020-02-24,11829.400390625,12012.5498046875,11813.400390625,12012.5498046875,490800,-0.02081386879900149,-0.02103353072205037,0.010510215744357555,12014.8900390625,12070.31513671875,12050.917578125,12145.1880078125,11682.925009765626,-68.2998046875,-0.005653559716073104,436780.0,524730.0,0.935338173918015
2020-02-25,11797.900390625,11883.0498046875,11779.900390625,11877.5,461000,-0.002662856861702312,-0.002666408571566386,0.010305978990686391,11965.31015625,12046.95517578125,12034.86259765625,12139.41201171875,11683.35326171875,48.099609375,0.00406610713871176,528980.0,525720.0,0.8768926424712775
2020-02-26,11678.5,11783.25,11639.599609375,11738.5498046875,567600,-0.010120477938589723,-0.010172038146389433,0.010461475956692567,11902.51015625,12004.01513671875,12015.997607421876,12131.9030078125,11683.75451171875,-59.3505859375,-0.005030605783437698,507120.0,530175.0,1.0705898995614656
2020-02-27,11633.2998046875,11663.849609375,11536.7001953125,11661.25,608600,-0.003870376787472707,-0.0038778860778288546,0.010314401375883759,11803.9900390625,11947.22509765625,11991.18759765625,12121.26900390625,11684.431508789063,-17.25,-0.0014770732542706683,526120.0,534885.0,1.1378146704431793
2020-02-28,11201.75,11384.7998046875,11175.0498046875,11382.0,809900,-0.03709607866493836,-0.0378016423222764,0.012927078543820001,11628.1701171875,11849.93505859375,11949.485107421875,12100.87099609375,11683.6430078125,-251.2998046875,-0.02160176466751435,587580.0,548475.0,1.4766397739185924
2020-03-02,11132.75,11433.0,11036.25,11387.349609375,680800,-0.006159751824491688,-0.0061788013630017435,0.01292746857322106,11488.8400390625,11751.8650390625,11908.017626953126,12078.3319921875,11682.797758789062,185.599609375,0.016568804818443545,625580.0,543950.0,1.251585623678647
2020-03-03,11303.2998046875,11342.25,11152.5498046875,11217.5498046875,696500,0.015319647408546855,0.015203486470954998,0.01287173675380246,11389.919921875,11677.6150390625,11887.78759765625,12058.9619921875,11682.919755859375,84.7998046875,0.007617148026094181,672680.0,545285.0,1.2773136983412343
2020-03-04,11251.0,11356.599609375,11082.150390625,11351.349609375,797700,-0.004626950146523701,-0.0046376876143074345,0.011467272347573495,11304.419921875,11603.4650390625,11851.355078125,12038.7269921875,11683.433754882812,48.0498046875,0.004250953749592102,718700.0,557150.0,1.4317508749887822
2020-03-05,11269.0,11389.5,11244.599609375,11306.0498046875,1352500,0.0015998577904186018,0.0015985793812774052,0.011164662811458607,11231.5599609375,11517.775,11810.34755859375,12019.81599609375,11683.668505859376,55.0498046875,0.00489288104946227,867480.0,586875.0,2.3045793397231096
2020-03-06,10989.4501953125,11035.099609375,10827.400390625,10942.650390625,1811000,-0.024806975302821943,-0.02511985353017798,0.01198028485362272,11189.1,11408.63505859375,11752.92255859375,11997.07400390625,11682.830756835938,-326.349609375,-0.02895994403895643,1067700.0,649170.0,2.789716099018747
2020-03-09,10451.4501953125,10751.5498046875,10294.4501953125,10742.0498046875,1565500,-0.048956043335951605,-0.05019499598647564,0.015495174674867733,11052.8400390625,11270.8400390625,11670.577587890624,11961.18701171875,11678.802509765625,-247.400390625,-0.022512535770945804,1244640.0,703770.0,2.2244483282890717
2020-03-11,10458.400390625,10545.099609375,10334.0,10334.2998046875,1218500,0.0006649981756232659,0.0006647771623133455,0.015591355439199681,10883.86015625,11136.8900390625,11591.922607421875,11925.23802734375,11674.058759765625,-117.150390625,-0.011209008169750666,1349040.0,738460.0,1.650055520949002
2020-03-12,9590.150390625,10040.75,9508.0,10039.9501953125,1343500,-0.08301938801064712,-0.08666894981793948,0.022762423692276944,10551.690234375,10928.055078125,11466.035107421874,11873.67203125,11662.86826171875,-418.4501953125,-0.04001091750967981,1458200.0,781635.0,1.7188329591177467
2020-03-13,9955.2001953125,10159.400390625,8555.150390625,9107.599609375,1388000,0.03806507612689369,0.03735847654239177,0.02500105592856429,10288.9302734375,10760.2451171875,11353.735107421875,11829.12603515625,11654.098764648437,-482.55078125,-0.05031733201199066,1465300.0,830450.0,1.6713829851285447
2020-03-16,9197.400390625,9602.2001953125,9165.099609375,9587.7998046875,897700,-0.07612100106679087,-0.07917416945110371,0.028965348206611286,9930.5203125,10559.81015625,11204.872607421876,11767.4300390625,11641.396264648438,-367.400390625,-0.03690537441908943,1282640.0,850275.0,1.0557760724471494
2020-03-17,8967.0498046875,9403.7998046875,8915.599609375,9285.400390625,935600,-0.02504518409052825,-0.02536415171509603,0.029002569972113937,9633.640234375,10343.24013671875,11047.552587890625,11702.23802734375,11627.946264648437,88.0,0.00956792096272108,1156660.0,865915.0,1.0804755663084713
2020-03-18,8468.7998046875,9127.5498046875,8407.0498046875,9088.4501953125,1516600,-0.05556454027271507,-0.05716792711513327,0.03031631124675865,9235.7201171875,10059.79013671875,10868.702587890624,11631.75302734375,11611.069765625,121.400390625,0.013538498532877367,1216280.0,941745.0,1.6104147088649263
2020-03-19,8263.4501953125,8575.4501953125,7832.5498046875,8063.2998046875,925700,-0.024247781753128472,-0.02454659954775134,0.030206992469041176,8970.380078125,9761.03515625,10682.25009765625,11555.96302734375,11592.763266601563,-405.5,-0.04788163722745634,1132720.0,954185.0,0.9701472984798545
2020-03-20,8745.4501953125,8883.0,8178.2001953125,8284.4501953125,1071500,0.058329146858465686,0.05669138794443699,0.034184923360535364,8728.430078125,9508.68017578125,10513.227587890626,11490.3650390625,11576.846767578125,21.0,0.0025413113776509956,1069420.0,982080.0,1.0910516454871293
2020-03-23,7610.25,8159.25,7583.60009765625,7945.7001953125,653500,-0.12980466070471242,-0.13903756461051203,0.04248802382658023,8411.0,9170.76015625,10289.697607421875,11398.25203125,11555.59251953125,-799.75,-0.09144755068511629,1020580.0,989625.0,0.6603511431097638
2020-03-24,7801.0498046875,8036.9501953125,7511.10009765625,7848.2998046875,738400,0.02507142402516349,0.024762292138464665,0.04377188090785607,8177.8,8905.7201171875,10088.280078125,11309.13703125,11534.868266601563,238.0498046875,0.03128015566998456,981140.0,1002005.0,0.7369224704467543
2020-03-25,8317.849609375,8376.75,7714.75,7735.14990234375,736900,0.06624746894667499,0.06414544603118057,0.047714232596260064,8147.6099609375,8691.6650390625,9914.2775390625,11228.90302734375,11516.843515625,-65.89990234375,-0.008447568467535232,825200.0,1015800.0,0.7254380783618822
2020-03-26,8641.4501953125,8749.0498046875,8304.900390625,8451.0,865600,0.038904356430389475,0.03816665439616388,0.049277070459334,8223.2099609375,8596.79501953125,9762.425048828125,11154.48603515625,11499.608017578124,133.150390625,0.01600779009936979,813180.0,1030700.0,0.8398175996895314
2020-03-27,8660.25,9038.900390625,8522.900390625,8949.099609375,801500,0.0021755381634551707,0.002173175106963937,0.04935938162541741,8206.169921875,8467.3,9613.77255859375,11080.8250390625,11482.801015625,307.6494140625,0.03560159546245866,759180.0,1040345.0,0.7704175057312719
2020-03-30,8281.099609375,8576.0,8244.0,8385.9501953125,593300,-0.04378053643081892,-0.04476782787370225,0.04955015825885136,8340.33984375,8375.669921875,9467.7400390625,10999.33703125,11464.987763671876,-274.2998046875,-0.03167342798273722,747140.0,1029515.0,0.5762907776962939
2020-03-31,8597.75,8678.2998046875,8358.0,8529.349609375,712700,0.03823772271336057,0.03752477847769833,0.05088638194480949,8499.6798828125,8338.73994140625,9340.9900390625,10924.2450390625,11448.62326171875,248.25,0.02997790290059513,742000.0,1031110.0,0.6911968655138637
2020-04-01,8253.7998046875,8588.099609375,8198.349609375,8584.099609375,506300,-0.04000467509668226,-0.040826864424490454,0.050851551439109466,8486.869921875,8317.23994140625,9188.5150390625,10844.8300390625,11430.278759765624,-13.650390625,-0.0015876701026431334,695880.0,1021600.0,0.4955951448707909
2020-04-03,8083.7998046875,8356.5498046875,8055.7998046875,8356.5498046875,697000,-0.020596574186770744,-0.02081164185069997,0.05081647243130155,8375.33984375,8299.27490234375,9030.155029296875,10763.10904296875,11410.869760742187,102.75,0.012448811751121731,662160.0,1016565.0,0.6856423347252758
2020-04-07,8792.2001953125,8819.400390625,8360.9501953125,8446.2998046875,814200,0.08763210467115035,0.08400295216282225,0.05571284155767431,8401.7298828125,8303.94990234375,8906.3150390625,10696.8150390625,11395.299760742188,362.5,0.044842773047125625,664700.0,989650.0,0.8227151012984388
2020-04-08,8748.75,9131.7001953125,8653.900390625,8688.900390625,896500,-0.004941902407507137,-0.004954153987953298,0.05562757511844819,8495.2599609375,8417.79990234375,8794.280029296875,10628.183046875,11379.47326171875,-103.2998046875,-0.011749027819290735,725340.0,943925.0,0.9497576608311041
2020-04-09,9111.900390625,9128.349609375,8904.5498046875,8973.0498046875,742100,0.04150883161880259,0.0406704613937413,0.0559563486279583,8598.0900390625,8548.8849609375,8727.3025390625,10565.4560546875,11365.916264648438,224.2998046875,0.025637925953707674,731220.0,902755.0,0.8220392022198714
2020-04-13,8993.849609375,9112.0498046875,8912.400390625,9103.9501953125,644000,-0.01295567073707915,-0.013040327423561648,0.05596263021053423,8746.1,8616.4849609375,8654.075,10502.953046875,11352.524760742188,-7.9501953125,-0.0008725068286171951,758760.0,874030.0,0.736816814068167
2020-04-15,8925.2998046875,9261.2001953125,8874.099609375,9196.400390625,879100,-0.007621853562688519,-0.007651048328648555,0.05295988142075189,8914.4,8644.869921875,8620.832470703124,10440.343046875,11338.693759765625,202.55078125,0.022521032710938964,795180.0,850810.0,1.033250667011436
2020-04-16,8992.7998046875,9053.75,8821.900390625,8851.25,719400,0.007562771164790316,0.007534316783542481,0.0521718736943639,8954.519921875,8678.12490234375,8572.712451171876,10377.60904296875,11325.2005078125,-74.0498046875,-0.008296618187392383,776220.0,817380.0,0.8801291932760772
2020-04-17,9266.75,9324.0,9091.349609375,9323.4501953125,684200,0.03046328187687486,0.03000848934711599,0.049779154444841114,9058.119921875,8776.68994140625,8576.179931640625,10322.228046875,11312.3755078125,330.650390625,0.036768347767805125,733760.0,806705.0,0.8481415139363212
2020-04-20,9261.849609375,9390.849609375,9230.7998046875,9390.2001953125,726400,-0.0005288143766692954,-0.0005289542483047096,0.04938937107273754,9088.109765625,8843.09990234375,8590.919921875,10268.223046875,11300.0642578125,123.4501953125,0.013321843722178758,730620.0,796245.0,0.9122820237489717
2020-04-21,8981.4501953125,9044.400390625,8909.400390625,9016.9501953125,655100,-0.030274667144095657,-0.030742409586860843,0.04812385780507545,9085.6298828125,8915.86494140625,8616.55244140625,10213.69404296875,11286.473256835938,-244.8994140625,-0.02644173943556681,732840.0,753170.0,0.8697903527756018
2020-04-22,9187.2998046875,9209.75,8946.25,9026.75,734400,0.02291941778872575,0.022660713376927297,0.04781790579341521,9138.0298828125,9026.21494140625,8662.744921875,10157.84703125,11273.427504882813,45.2998046875,0.005043707163364595,703900.0,743605.0,0.9876211160495155
2020-04-23,9313.900390625,9343.599609375,9170.150390625,9232.349609375,666700,0.01377995587701486,0.013685875581327233,0.04628601234472476,9202.25,9078.3849609375,8691.167431640624,10102.34203125,11260.7592578125,45.0498046875,0.004903486948854646,693360.0,723365.0,0.9216647197472921
2020-04-24,9154.400390625,9296.900390625,9141.2998046875,9163.900390625,659400,-0.017124941572334906,-0.017273269224786485,0.0344645087895063,9179.780078125,9118.95,8768.374951171874,10042.67103515625,11247.323510742188,-150.0,-0.016104960726333727,688400.0,723660.0,0.9112013929193268
2020-04-27,9282.2998046875,9377.099609375,9250.349609375,9259.7001953125,512800,0.013971358975458648,0.01387465918374464,0.03429517038729056,9183.8701171875,9135.98994140625,8842.437451171874,9986.3500390625,11234.79076171875,105.2998046875,0.01150264355875643,645680.0,712380.0,0.7198405345461691
2020-04-28,9380.900390625,9404.400390625,9260.0,9389.7998046875,614500,0.010622430648890235,0.010566409007242056,0.03158003087950207,9263.76015625,9174.69501953125,8895.589990234375,9933.338046875,11222.367265625,107.5,0.011581181631917686,637560.0,706260.0,0.8700761759125535
2020-04-29,9553.349609375,9599.849609375,9392.349609375,9408.599609375,653000,0.018383013524196468,0.01821608855026957,0.030795308631539477,9336.9701171875,9237.5,8941.1849609375,9882.24703125,11210.582514648437,27.69921875,0.0029527249620603367,621280.0,695630.0,0.938717421617814
2020-04-30,9859.900390625,9889.0498046875,9731.5,9753.5,931200,0.03208830345213909,0.03158422875946422,0.031348240463701736,9446.1701171875,9324.21005859375,9001.16748046875,9835.42103515625,11200.298266601563,200.150390625,0.02095080770712988,674180.0,702115.0,1.3262784586570575
2020-05-04,9293.5,9533.5,9266.9501953125,9533.5,687500,-0.05744483901313502,-0.059160835126554547,0.03263495680742598,9473.9900390625,9326.88505859375,9051.7875,9777.79802734375,11187.032016601563,-326.400390625,-0.03310382232008635,679800.0,706825.0,0.9726594277225622
2020-05-05,9205.599609375,9450.900390625,9190.75,9429.400390625,725200,-0.009458265521601117,-0.009503278972569803,0.03191170238985938,9458.65,9321.26005859375,9082.17998046875,9719.641015625,11174.004262695313,135.900390625,0.014623165720664981,722280.0,707450.0,1.0250901123754328
2020-05-06,9270.900390625,9346.900390625,9116.5,9226.7998046875,722200,0.007093593467121684,0.0070685522845568985,0.03019283819873904,9436.65,9350.205078125,9133.035009765625,9664.14302734375,11162.565766601563,21.2001953125,0.002302967347277377,743820.0,718245.0,1.0055064775946927
2020-05-07,9199.0498046875,9277.849609375,9175.900390625,9234.0498046875,708700,-0.007750119504051356,-0.0077803077564110755,0.029724574024371064,9365.7900390625,9351.380078125,9188.797509765625,9608.2740234375,11150.781513671875,-36.8505859375,-0.003974865912135608,754960.0,718830.0,0.9859076554957361
2020-05-08,9251.5,9382.650390625,9238.2001953125,9376.9501953125,609100,0.0057016970693835045,0.005685503917787226,0.022866853256344622,9244.1099609375,9345.1400390625,9211.7625,9550.786015625,11139.54451171875,177.900390625,0.019338996353117737,690540.0,708575.0,0.8596126027590587
2020-05-11,9239.2001953125,9439.900390625,9219.9501953125,9348.150390625,704600,-0.0013294930214019507,-0.001330377581346701,0.022816697581889523,9233.25,9353.62001953125,9236.285009765625,9493.95302734375,11127.826010742188,96.650390625,0.010446996770793925,693960.0,698980.0,1.0080402872757446
2020-05-12,9196.5498046875,9240.849609375,9043.9501953125,9168.849609375,805500,-0.004616242718351149,-0.004626930470959459,0.020974063719521055,9231.4400390625,9345.04501953125,9240.51748046875,9441.296015625,11116.046259765624,-70.3505859375,-0.007614358867685572,710020.0,702150.0,1.1471907712027345
2020-05-13,9383.5498046875,9584.5,9351.099609375,9584.2001953125,846400,0.02033371253039773,0.02012974293547344,0.02115561366114365,9253.969921875,9345.3099609375,9260.002490234376,9393.00900390625,11105.022260742187,387.650390625,0.042151719814251844,734860.0,712270.0,1.1883134204725736
2020-05-14,9142.75,9281.099609375,9119.75,9213.9501953125,602600,-0.025661909373274727,-0.025996919937107583,0.021971491625335026,9242.7099609375,9304.25,9270.875,9342.29400390625,11092.423012695312,-169.599609375,-0.018074141759260174,713640.0,698445.0,0.8627737330784815
2020-05-15,9136.849609375,9182.400390625,9050.0,9182.400390625,575900,-0.0006453627874545287,-0.0006455711236580218,0.021927652479675257,9219.7798828125,9231.944921875,9278.077490234375,9292.365,11079.669760742188,39.650390625,0.004336812296628476,707000.0,691270.0,0.8331042863135967
2020-05-18,8823.25,9158.2998046875,8806.75,9158.2998046875,773000,-0.034322509703259896,-0.03492536149006188,0.022134438786511335,9136.58984375,9184.919921875,9255.902490234375,9244.795,11065.801508789062,21.4501953125,0.0023476576970787293,720680.0,695710.0,1.1110951402164695
2020-05-19,8879.099609375,9030.349609375,8855.2998046875,8961.7001953125,762200,0.00632982284022332,0.006309873650596998,0.022214893117319636,9073.0998046875,9152.269921875,9236.764990234375,9199.7219921875,11053.100756835938,138.4501953125,0.015691519033519393,712020.0,697500.0,1.0927598566308243
2020-05-20,9066.5498046875,9093.7998046875,8875.349609375,8889.150390625,622300,0.021111396826158035,0.020891638839326522,0.02172295302469004,9009.6998046875,9131.83486328125,9241.019970703124,9154.9869921875,11041.702504882813,10.05078125,0.0011319595107805616,667200.0,695860.0,0.8942890811370103
2020-05-21,9106.25,9178.5498046875,9056.099609375,9079.4501953125,631500,0.004378754451001221,0.004369195599480915,0.021111801116359522,9002.3998046875,9122.5548828125,9236.96748046875,9112.0919921875,11030.578505859376,12.900390625,0.0014228555407405764,672980.0,690715.0,0.9142699955842859
2020-05-22,9039.25,9149.599609375,8968.5498046875,9067.900390625,675800,-0.0073575840768702605,-0.00738478460081561,0.020901679479348376,8982.8798828125,9101.3298828125,9223.2349609375,9067.4969921875,11019.418256835937,-38.349609375,-0.004211350377487989,692960.0,691170.0,0.9777623450091874
2020-05-26,9029.0498046875,9161.650390625,8996.650390625,9099.75,655000,-0.0011284338094974533,-0.00112907097030296,0.02056702232831143,9024.03984375,9080.31484375,9216.967431640625,9028.288984375,11008.30275390625,60.5,0.006693033160937024,669360.0,690950.0,0.9479701859758304
2020-05-27,9314.9501953125,9334.0,9004.25,9082.2001953125,763500,0.03166450477176164,0.0311735219299972,0.02157727716719517,9111.2099609375,9092.1548828125,9218.599951171875,9005.558984375,10998.456005859374,53.150390625,0.005886598454402873,669620.0,703485.0,1.0853109874410969
2020-05-28,9490.099609375,9511.25,9336.5,9364.9501953125,837900,0.018803043536468778,0.018628451492543274,0.021856990776987373,9195.919921875,9102.80986328125,9224.059912109375,8986.19296875,10989.960502929687,50.0,0.005367715226771815,712740.0,714655.0,1.1724538413640149
2020-05-29,9580.2998046875,9598.849609375,9376.900390625,9422.2001953125,967000,0.009504662651105722,0.009459777532853096,0.021569537573251443,9290.7298828125,9146.56484375,9225.407421875,8985.99595703125,10982.435,-67.8994140625,-0.007154763053848676,779840.0,730355.0,1.324013664587769
2020-06-01,9826.150390625,9931.599609375,9706.9501953125,9726.849609375,794200,0.025662097319460564,0.025338352659720637,0.021115174177880707,9448.1099609375,9215.494921875,9223.719921875,8983.4149609375,10975.975751953125,146.5498046875,0.01529699567604297,803520.0,723505.0,1.0977118333667355
2020-06-02,9979.099609375,9995.599609375,9824.0498046875,9880.849609375,770200,0.015565527970742954,0.015445627746472025,0.016448756693329254,9638.119921875,9331.0798828125,9257.99990234375,8999.0489453125,10970.97125,54.69921875,0.005566698714705995,826560.0,727640.0,1.05849046231653
2020-06-03,10061.5498046875,10176.2001953125,10035.5498046875,10108.2998046875,794700,0.008262288035990828,0.008228342186278518,0.016178052980391475,9787.43984375,9449.32490234375,9300.797412109376,9020.9389453125,10966.292250976563,129.2001953125,0.012947079433010282,832800.0,731115.0,1.0869699021357788
2020-06-04,10029.099609375,10123.849609375,9944.25,10054.25,775100,-0.003225168681009971,-0.003230380747065696,0.016258012856385753,9895.23984375,9545.5798828125,9338.707373046875,9052.14494140625,10962.124750976562,-7.2998046875,-0.0007255149384739068,820240.0,733760.0,1.056339947666812
2020-06-05,10142.150390625,10177.7998046875,10040.75,10093.7998046875,987100,0.011272276241460544,0.01120921756965851,0.016086000135287704,10007.6099609375,9649.169921875,9385.86240234375,9089.7189453125,10958.094252929688,64.7001953125,0.006451246655484363,824260.0,747680.0,1.3202172052214851
2020-06-08,10167.4501953125,10328.5,10120.25,10326.75,936500,0.002494520758722585,0.0024914146063167966,0.016094779405752723,10075.869921875,9761.98994140625,9431.659912109375,9118.1589453125,10954.65400390625,184.599609375,0.01820122974567963,852720.0,764050.0,1.2257051240102088
2020-06-09,10046.650390625,10291.150390625,10021.4501953125,10181.150390625,754200,-0.011881032349997822,-0.011952175882067815,0.01647657397943168,10089.380078125,9863.75,9472.032421875,9166.886953125,10949.725004882812,13.7001953125,0.0013474563483788888,849520.0,766530.0,0.9839145238933897
2020-06-10,10116.150390625,10148.75,10036.849609375,10072.599609375,632400,0.006917728526201428,0.006893910822071789,0.01634842007063401,10100.3001953125,9943.87001953125,9518.012451171875,9213.18896484375,10944.757504882813,25.94921875,0.0025828726730865873,817060.0,757875.0,0.8344383968332508
2020-06-11,9902.0,10112.0498046875,9885.0498046875,10094.099609375,715500,-0.021169158460066062,-0.021396438367806456,0.016911142664542942,10074.8802734375,9985.06005859375,9543.9349609375,9244.87197265625,10939.638256835937,-22.05078125,-0.0021797601259897492,805140.0,751330.0,0.9523112347437211
2020-06-12,9972.900390625,9996.0498046875,9544.349609375,9544.9501953125,796300,0.00716020911179549,0.007134696525776951,0.015537604547485387,10041.0302734375,10024.3201171875,9585.44248046875,9271.5009765625,10934.355756835937,-357.0498046875,-0.03605835232150071,766980.0,761015.0,1.0463657089544884
2020-06-15,9813.7001953125,9943.349609375,9726.349609375,9919.349609375,716100,-0.015963279394844432,-0.016092064938005003,0.01616777543245586,9970.2802734375,10023.07509765625,9619.285009765625,9294.56998046875,10928.185258789063,-53.55078125,-0.005369629611495998,722900.0,768025.0,0.9323915237134208
2020-06-16,9914.0,10046.150390625,9728.5,10014.7998046875,899900,0.010220386061458031,0.010168511071378764,0.013502023513845447,9943.7501953125,10016.56513671875,9673.822509765625,9327.22798828125,10922.485756835937,201.099609375,0.020491721305186696,752040.0,774370.0,1.1621059700143341
2020-06-17,9881.150390625,10003.599609375,9833.7998046875,9876.7001953125,685400,-0.0033134566648174157,-0.0033189583187083734,0.01365831516294465,9896.7501953125,9998.5251953125,9723.925048828125,9352.89599609375,10916.806508789063,-37.2998046875,-0.003762336563193464,762640.0,770530.0,0.889517604765551
2020-06-18,10091.650390625,10111.2001953125,9845.0498046875,9863.25,622900,0.021303187551898528,0.021079446670088396,0.013669952935424126,9934.6802734375,10004.7802734375,9775.180078125,9389.6530078125,10912.671259765624,-17.900390625,-0.0018115694951858505,744120.0,770560.0,0.8083731312292359
2020-06-19,10244.400390625,10272.400390625,10072.650390625,10119.0,892100,0.015136275444292302,0.015022865002949488,0.013835862575979303,9988.9802734375,10015.0052734375,9832.08759765625,9432.86501953125,10910.186513671875,27.349609375,0.0027101225583882095,763280.0,783590.0,1.1384780306027387
2020-06-22,10311.2001953125,10393.650390625,10277.599609375,10318.75,685400,0.006520616350433883,0.006499449097502718,0.01347415779183797,10088.4802734375,10029.3802734375,9895.685107421876,9463.24501953125,10907.595766601562,74.349609375,0.007257585270001733,757140.0,784070.0,0.8741566441771781
2020-06-23,10471.0,10484.7001953125,10301.75,10347.9501953125,669200,0.015497691991291696,0.015378829255110686,0.013479263735955002,10199.8802734375,10071.815234375,9967.7826171875,9497.69001953125,10904.661518554687,36.75,0.003564085586923882,711000.0,784780.0,0.8527230561431229
2020-06-24,10305.2998046875,10553.150390625,10281.9501953125,10529.25,854800,-0.015824677233549855,-0.015951224257763807,0.013181990362748927,10284.71015625,10090.73017578125,10017.30009765625,9521.5580078125,10900.66126953125,58.25,0.005562983478177824,744880.0,789345.0,1.0829231831455195
2020-06-25,10288.900390625,10361.7998046875,10194.5,10235.5498046875,994200,-0.001591357298992957,-0.0015926248529521327,0.012854778976762632,10324.16015625,10129.42021484375,10057.24013671875,9547.4590234375,10896.8752734375,-69.75,-0.006768362039139638,819140.0,797160.0,1.2471774800541924
2020-06-26,10383.0,10409.849609375,10311.25,10378.900390625,671900,0.00914574014738645,0.00910417112670767,0.012847125214484119,10351.880078125,10170.43017578125,10097.375146484375,9576.61302734375,10894.048774414063,90.0,0.008747290437567638,775100.0,782405.0,0.858762405659473
2020-06-29,10312.400390625,10337.9501953125,10223.599609375,10311.9501953125,574500,-0.006799538608783573,-0.006822760798075913,0.012003793325004525,10352.1201171875,10220.3001953125,10121.687646484375,9603.0050390625,10890.494526367187,-71.0498046875,-0.00684289749470288,752920.0,771420.0,0.7447304970055223
2020-06-30,10302.099609375,10401.0498046875,10267.349609375,10382.599609375,556200,-0.0009988732845714887,-0.0009993724909477652,0.011619167224301135,10318.3400390625,10259.11015625,10137.837646484375,9623.71203125,10888.015522460937,70.19921875,0.006807262721666441,730320.0,760720.0,0.7311494373751183
2020-07-01,10430.0498046875,10447.0498046875,10299.599609375,10323.7998046875,573600,0.012419817334717198,0.012343324106810436,0.011779620921121864,10343.2900390625,10314.00009765625,10156.262646484374,9647.07603515625,10885.94251953125,21.7001953125,0.0021063857014887175,674080.0,749665.0,0.7651417633209501
2020-07-02,10551.7001953125,10598.2001953125,10485.5498046875,10493.0498046875,597400,0.011663452514898642,0.011595958752537541,0.011910662178286862,10395.85,10360.005078125,10182.39267578125,9678.48103515625,10884.461518554688,63.0,0.006040239613399197,594720.0,740780.0,0.8064472582953104
2020-07-03,10607.349609375,10631.2998046875,10562.650390625,10614.9501953125,525200,0.005273976044848361,0.005260117338821228,0.01175558696032968,10440.719921875,10396.3,10205.65263671875,9706.88203125,10882.767265625,63.25,0.005994294647235927,565380.0,717685.0,0.7317973762862537
2020-07-06,10763.650390625,10811.400390625,10695.099609375,10723.849609375,571200,0.014735139974255018,0.014627632603289031,0.012079835568532832,10530.969921875,10441.54501953125,10235.462646484375,9735.87703125,10881.570268554688,116.5,0.010982950905760175,564720.0,699420.0,0.816676674959252
2020-07-07,10799.650390625,10813.7998046875,10689.7001953125,10802.849609375,636800,0.003344590235981215,0.003339009534036716,0.011566658970319419,10630.480078125,10474.41005859375,10273.112646484375,9768.78203125,10880.39001953125,39.19921875,0.0036418145635928505,580840.0,693550.0,0.9181746088962583
2020-07-08,10705.75,10847.849609375,10676.5498046875,10818.650390625,767900,-0.00869476207364206,-0.008732782060989626,0.011860041856590845,10685.6201171875,10514.455078125,10302.592626953125,9797.25103515625,10879.004770507812,19.0,0.001759316210503776,619700.0,700325.0,1.0964909149323527
2020-07-09,10813.4501953125,10836.849609375,10733.0,10755.5498046875,618700,0.010060032721901813,0.01000976742529668,0.010501939106827325,10737.9701171875,10566.91005859375,10348.16513671875,9825.90203125,10877.69251953125,49.7998046875,0.004651687615300189,623960.0,695485.0,0.8895950308058406
2020-07-10,10768.0498046875,10819.400390625,10713.0,10764.099609375,590700,-0.004198511095439339,-0.00420734959083762,0.010654525937152779,10770.11015625,10605.4150390625,10387.922607421875,9850.19603515625,10876.515268554687,-49.3505859375,-0.004563814975436137,637060.0,685205.0,0.8620777723455024
2020-07-13,10802.7001953125,10894.0498046875,10756.0498046875,10851.849609375,554100,0.003217889149241815,0.003212722824094239,0.009582058279246106,10777.9201171875,10654.44501953125,10437.372607421876,9869.05203125,10876.440771484375,83.7998046875,0.0077822638460513655,633640.0,677105.0,0.8183368901425924
2020-07-14,10607.349609375,10755.650390625,10562.900390625,10750.849609375,532400,-0.01808349601540049,-0.018249000734889463,0.010765154778394988,10739.4599609375,10684.97001953125,10472.040087890626,9895.3290234375,10875.274267578125,-51.8505859375,-0.004799780147559679,612760.0,658730.0,0.8082218814992486
2020-07-15,10618.2001953125,10827.4501953125,10577.75,10701.0,715900,0.0010229309240368245,0.001022408086719745,0.010665165793873346,10721.95,10703.78505859375,10508.892578125,9923.58103515625,10874.84126953125,93.650390625,0.008828820966005476,602360.0,660255.0,1.0842780440890263
2020-07-16,10739.9501953125,10755.2998046875,10595.2001953125,10706.2001953125,694400,0.011466161662100571,0.011400923444823241,0.010015609247576657,10707.25,10722.61005859375,10541.307568359374,9952.96203125,10872.17001953125,88.0,0.008287656889238949,617500.0,663830.0,1.0460509467785426
2020-07-17,10901.7001953125,10933.4501953125,10749.650390625,10752.0,676900,0.01506059125586967,0.014948306530616993,0.010010861500599063,10733.980078125,10752.0451171875,10574.17255859375,9987.0150390625,10868.67751953125,12.0498046875,0.0011219609465935132,634740.0,653070.0,1.036489197176413
2020-07-20,11022.2001953125,11037.900390625,10953.0,10999.4501953125,554300,0.011053321760931656,0.010992680250840313,0.010141359215373208,10777.880078125,10777.90009765625,10609.72255859375,10022.42904296875,10865.84751953125,97.75,0.008966491303992236,634780.0,646515.0,0.8573660317239352
2020-07-21,11162.25,11179.5498046875,11113.25,11126.099609375,772000,0.012706156865764484,0.012626110991777935,0.009983915398137285,10888.86015625,10814.16005859375,10644.28505859375,10060.8900390625,10864.457768554688,103.8994140625,0.00942637696842833,682700.0,651655.0,1.1846759404899831
2020-07-22,11132.599609375,11238.099609375,11056.5498046875,11231.2001953125,765100,-0.0026563094918139463,-0.002659843741967638,0.009050419739466024,10991.7400390625,10856.84501953125,10685.650048828125,10099.61103515625,10862.264765625,68.9501953125,0.006177087532755493,692540.0,647170.0,1.182224145124156
2020-07-23,11215.4501953125,11239.7998046875,11103.150390625,11135.0,621600,0.007442159858846331,0.007414603621325298,0.00898674688411381,11086.8400390625,10897.04501953125,10731.9775390625,10136.24904296875,10860.780014648437,2.400390625,0.00021561815831215017,677980.0,628540.0,0.9889585388360327
2020-07-24,11194.150390625,11225.400390625,11090.2998046875,11149.9501953125,678900,-0.0018991484351116306,-0.0019009541040186228,0.009016427560173379,11145.330078125,10939.655078125,10772.53505859375,10177.27705078125,10859.378515625,-65.5,-0.005840157894631438,678380.0,628890.0,1.0795210609168535
2020-07-27,11131.7998046875,11225.0,11087.849609375,11225.0,588100,-0.005569925698846956,-0.0055854955772852745,0.00894420239521586,11167.25,10972.5650390625,10813.505029296875,10217.1760546875,10858.238012695312,30.849609375,0.002755868761673621,685140.0,629570.0,0.9341296440427593
2020-07-28,11300.5498046875,11317.75,11151.400390625,11154.099609375,683900,0.0151592736988444,0.015045520083450243,0.00920732003080565,11194.9099609375,11041.88505859375,10863.4275390625,10266.72205078125,10858.17076171875,22.2998046875,0.0020032524011175403,667520.0,635955.0,1.0753905543631233
2020-07-29,11202.849609375,11341.400390625,11149.75,11276.900390625,600700,-0.008645614328603224,-0.008683204468886633,0.009475836916398531,11208.9599609375,11100.35,10902.067529296875,10313.19705078125,10858.311259765625,-23.6494140625,-0.0020927666769532008,634640.0,637310.0,0.9425554282845083
2020-07-30,11102.150390625,11299.9501953125,11084.9501953125,11254.2998046875,677800,-0.008988714680747911,-0.009029356907451743,0.009676653327608161,11186.3,11136.57001953125,10929.5900390625,10353.9090625,10858.190009765625,51.4501953125,0.004592598946382747,645880.0,641330.0,1.056866199928274
2020-07-31,11073.4501953125,11150.400390625,11026.650390625,11139.5,642600,-0.002585102372305803,-0.002588449519166038,0.00972140607994385,11162.1599609375,11153.74501953125,10952.895068359376,10393.25306640625,10856.99076171875,37.349609375,0.003364177934982683,638620.0,647200.0,0.9928924598269468
2020-08-03,10891.599609375,11058.0498046875,10882.25,11057.5498046875,680900,-0.016422215545293994,-0.016558554850121334,0.010095754562689655,11114.119921875,11140.6849609375,10959.292529296876,10430.30005859375,10855.276010742187,-15.900390625,-0.0014359021212495082,657180.0,652685.0,1.0432291227774502
2020-08-04,11095.25,11112.25,10908.099609375,10946.650390625,625700,0.018697932161379383,0.01852527473195631,0.010866571649795216,11073.0599609375,11133.9849609375,10974.072509765625,10471.6240625,10854.22701171875,55.05078125,0.0050544257248140816,645540.0,652130.0,0.959471271065585
2020-08-05,11101.650390625,11225.650390625,11064.0498046875,11155.75,667600,0.0005768586219327965,0.0005766923029565639,0.010607614300719485,11052.8201171875,11130.8900390625,10993.867529296875,10507.35806640625,10853.02951171875,60.5,0.005452783848944368,658920.0,647115.0,1.0316558880569915
2020-08-06,11200.150390625,11256.7998046875,11127.2998046875,11185.7001953125,600400,0.008872554668374333,0.00883342483924069,0.0105625915561204,11072.4201171875,11129.36005859375,11013.2025390625,10541.55908203125,10851.888764648438,84.0498046875,0.007570928801584083,643440.0,646200.0,0.929124110182606
2020-08-07,11214.0498046875,11231.900390625,11142.0498046875,11186.650390625,452600,0.0012410024488720417,0.0012402330418245548,0.01046931865884259,11100.5400390625,11131.35,11035.5025390625,10574.23408203125,10850.639013671875,-13.5,-0.0012053409578589294,605440.0,639295.0,0.707967370306353
2020-08-10,11270.150390625,11337.2998046875,11238.0,11270.25,492000,0.005002705259437024,0.004990233307851035,0.010487090640214053,11176.2501953125,11145.18505859375,11058.875048828126,10603.11408203125,10849.058017578125,56.2001953125,0.005011587810944819,567660.0,636190.0,0.7733538722708625
2020-08-11,11322.5,11373.599609375,11299.150390625,11322.25,586100,0.004644978776729314,0.004634224153283686,0.009345920524884744,11221.7001953125,11147.380078125,11094.632568359375,10629.98208984375,10847.36126953125,52.099609375,0.004622796286581829,559740.0,638875.0,0.9173938563881824
2020-08-12,11308.400390625,11322.0,11242.650390625,11289.0,609900,-0.0012452735151247118,-0.0012460495124746427,0.009388784869636032,11263.0501953125,11157.93515625,11129.142578125,10654.9191015625,10845.9615234375,-33.5,-0.0029587105321262973,548200.0,633575.0,0.9626326796354023
2020-08-13,11300.4501953125,11359.2998046875,11269.9501953125,11334.849609375,562400,-0.0007030344733010008,-0.0007032817179241128,0.009217341494656807,11283.11015625,11177.76513671875,11157.167578125,10680.34611328125,10844.443276367187,26.44921875,0.0023389000951829744,540600.0,626975.0,0.8970054627377487
2020-08-14,11178.400390625,11366.25,11111.4501953125,11353.2998046875,645100,-0.010800437378868932,-0.010859185489107238,0.009189316858662413,11275.9802734375,11188.26015625,11171.002587890625,10701.07111328125,10842.422280273437,52.849609375,0.004676770257960374,579100.0,625385.0,1.0315245808581914
2020-08-17,11247.099609375,11267.099609375,11144.5,11248.900390625,634000,0.0061457110453491115,0.006126903182347498,0.008978097390298622,11271.3701171875,11223.81015625,11182.24755859375,10722.6641015625,10840.738276367187,70.5,0.006306805762578187,607500.0,629370.0,1.0073565629121184
2020-08-18,11385.349609375,11401.7001953125,11253.150390625,11259.7998046875,579200,0.012292057935075373,0.012217124027310865,0.00895023265531895,11283.9400390625,11252.8201171875,11193.4025390625,10749.4380859375,10838.730776367187,12.7001953125,0.0011291973711972617,606120.0,619730.0,0.9346005518532264
2020-08-19,11408.400390625,11460.349609375,11394.099609375,11452.150390625,626200,0.002024600213507588,0.002022553472584474,0.008909930622680574,11303.9400390625,11283.4951171875,11207.192578125,10775.2830859375,10836.552280273438,66.80078125,0.005867257795491362,609380.0,612785.0,1.0218918544024413
2020-08-20,11312.2001953125,11361.4501953125,11289.7998046875,11317.4501953125,791600,-0.008432399987605033,-0.0084681538079335,0.009036586243063778,11306.2900390625,11294.70009765625,11212.030078125,10803.48708984375,10833.726030273438,-90.9501953125,-0.007972212772900177,655220.0,621285.0,1.2741334492221765
2020-08-21,11371.599609375,11418.5,11362.2001953125,11409.650390625,668700,0.005250916093857194,0.005237178104313519,0.00907933019235275,11344.9298828125,11310.455078125,11220.9025390625,10831.46107421875,10831.131030273438,97.4501953125,0.00861461021109589,659940.0,620775.0,1.0772018847408482
2020-08-24,11466.4501953125,11497.25,11410.650390625,11412.0,532900,0.008341006471886514,0.008306412509926262,0.00909640760280052,11388.8,11330.08505859375,11237.63505859375,10864.51607421875,10828.756782226563,40.400390625,0.003552744733616282,639720.0,618015.0,0.8622768055791526
2020-08-25,11472.25,11525.900390625,11423.349609375,11513.099609375,638200,0.0005058064691958464,0.000505678592222556,0.008511446996245219,11406.180078125,11345.06005859375,11246.220068359375,10895.68107421875,10826.53203125,46.6494140625,0.004068339657688509,651520.0,615730.0,1.036493268153249
2020-08-26,11549.599609375,11561.75,11461.849609375,11512.849609375,743400,0.0067423225064831005,0.006719694702452173,0.008306784774112242,11434.419921875,11369.17998046875,11263.557568359374,10929.05005859375,10824.449780273437,40.599609375,0.0035389404323476216,674960.0,622865.0,1.193517054257343
2020-08-27,11559.25,11617.349609375,11540.599609375,11609.2998046875,719800,0.0008355606212675504,0.0008352117348219679,0.007932320457286104,11483.8298828125,11395.0599609375,11286.412548828124,10958.40205078125,10822.18578125,59.7001953125,0.005169027267753972,660600.0,624965.0,1.1517444976918707
2020-08-28,11647.599609375,11686.0498046875,11589.400390625,11602.9501953125,807000,0.007643195654994939,0.007614134421611744,0.007947511985323568,11539.0298828125,11441.9798828125,11315.12001953125,10986.46603515625,10820.88302734375,43.7001953125,0.0037805389893375437,688260.0,633185.0,1.2745090297464405
2020-08-31,11387.5,11794.25,11325.849609375,11777.5498046875,1371800,-0.022330747801946216,-0.0225838540823065,0.00875870529967633,11523.23984375,11456.019921875,11339.9150390625,11007.99203125,10818.253276367188,129.9501953125,0.011156821977972594,856040.0,667730.0,2.054423195003969
2020-09-01,11470.25,11553.5498046875,11366.900390625,11464.2998046875,783800,0.007266739846322645,0.007240464307211334,0.007967143259964244,11522.83984375,11464.5099609375,11358.6650390625,11027.97703125,10816.402275390625,76.7998046875,0.006744219950603732,885160.0,675635.0,1.1600938376490264
2020-09-02,11535.0,11554.75,11430.400390625,11478.5498046875,593500,0.005645038251127943,0.005629164732428894,0.00801023495701257,11519.919921875,11477.169921875,11380.33251953125,11052.57103515625,10814.71677734375,8.2998046875,0.0007235940530938733,855180.0,671930.0,0.8832765317815844
2020-09-03,11527.4501953125,11584.9501953125,11507.650390625,11566.2001953125,607100,-0.0006545127600779965,-0.0006547270470620276,0.007858558599372097,11513.5599609375,11498.694921875,11396.697509765625,11077.34203125,10812.87677734375,31.2001953125,0.002704828375596012,832640.0,672265.0,0.9030664990740259
2020-09-04,11333.849609375,11452.0498046875,11303.650390625,11354.400390625,681300,-0.016794744948559814,-0.01693737589976223,0.00885762668571514,11450.8099609375,11494.919921875,11402.6875,11096.3590234375,10810.123525390625,-173.0498046875,-0.01501197591448876,807500.0,683700.0,0.9964896884598509
2020-09-07,11355.0498046875,11381.150390625,11251.7001953125,11359.599609375,560300,0.0018705202595032944,0.001868773014980915,0.008802628144632252,11444.319921875,11483.7798828125,11406.932470703125,11117.21201171875,10807.198276367188,25.75,0.0022719553274026523,645200.0,687115.0,0.8154384637215022
2020-09-08,11317.349609375,11437.25,11290.4501953125,11378.5498046875,572200,-0.0033201259317187093,-0.003325649779789579,0.008781209933221196,11413.73984375,11468.28984375,11406.674951171875,11137.51701171875,10803.789526367187,23.5,0.002069563797976379,602880.0,686420.0,0.8336004195681944
2020-09-09,11278.0,11298.150390625,11185.150390625,11218.599609375,728900,-0.003476927967516641,-0.003482986529093653,0.008812179355237659,11362.33984375,11441.1298828125,11405.154931640625,11154.476015625,10800.337524414062,-98.75,-0.00872554117425144,629960.0,692370.0,1.0527608070829182
2020-09-10,11449.25,11464.0498046875,11327.400390625,11363.2998046875,679400,0.015184429863450921,0.01507030028649042,0.00944787601450042,11346.6998046875,11430.1298828125,11412.594921875,11172.42701171875,10798.011772460937,85.2998046875,0.007563380447552758,644420.0,698220.0,0.9730457448941594
2020-09-11,11464.4501953125,11493.5,11419.900390625,11447.7998046875,554800,0.0013276149365679668,0.0013267344350831917,0.009052011710537048,11372.819921875,11411.81494140625,11426.897412109374,11189.5690234375,10794.9652734375,-1.4501953125,-0.00012666290914252026,619120.0,693705.0,0.7997635882687886
2020-09-14,11440.0498046875,11568.900390625,11383.5498046875,11540.150390625,642300,-0.0021283524468515003,-0.002130620607789219,0.009008019064550966,11389.819921875,11417.069921875,11436.544921875,11203.09701171875,10791.977021484376,75.7001953125,0.006603037565940296,635520.0,694120.0,0.9253443208667089
2020-09-15,11521.7998046875,11535.9501953125,11442.25,11487.2001953125,506700,0.007145947910690342,0.007120536611649034,0.00873452152841925,11430.7099609375,11422.22490234375,11443.367431640625,11217.54,10789.08251953125,47.150390625,0.0041215196987761694,622420.0,690495.0,0.733821389003541
2020-09-16,11604.5498046875,11618.099609375,11516.75,11538.4501953125,527800,0.0071820376506051,0.007156369643982706,0.008853117570982238,11496.019921875,11429.1798828125,11453.17490234375,11235.51599609375,10786.349516601562,16.650390625,0.0014451206328221391,582200.0,685575.0,0.7698647121029792
2020-09-17,11516.099609375,11587.2001953125,11498.5,11539.400390625,0,-0.007622027291120936,-0.007651223391398827,0.008809953958430523,11509.38984375,11428.04482421875,11463.369873046875,11249.568984375,10783.649765625,-65.1494140625,-0.005614126800178304,446320.0,645995.0,0.0
2020-09-18,11504.9501953125,11584.099609375,11446.099609375,11584.099609375,764200,-0.0009681588767627147,-0.0009686278452831663,0.008759049009028816,11517.48984375,11445.1548828125,11470.03740234375,11264.3069921875,10780.933515625,68.0,0.005904776991043279,488200.0,650770.0,1.1743012124099144
2020-09-21,11250.5498046875,11535.25,11218.5,11503.7998046875,602900,-0.02211225483867385,-0.022360395533691877,0.009916633787163273,11479.58984375,11434.7048828125,11459.2423828125,11273.263984375,10777.215263671875,-1.150390625,-9.999092612054135e-05,480320.0,654270.0,0.9214850138322099
2020-09-22,11153.650390625,11302.2001953125,11084.650390625,11301.75,672200,-0.00861286032635733,-0.008650165364363744,0.010057084005634598,11405.9599609375,11418.3349609375,11443.31240234375,11284.19,10772.767514648438,51.2001953125,0.004550906062490175,513420.0,655970.0,1.02474198515176
2020-09-23,11131.849609375,11259.5498046875,11024.400390625,11258.75,714900,-0.0019545871070447696,-0.0019564998051874198,0.009874735610735062,11311.419921875,11403.719921875,11422.42490234375,11294.46298828125,10768.334760742187,105.099609375,0.009422888982008938,550840.0,654545.0,1.0922090918118692
2020-09-24,10805.5498046875,11015.2998046875,10790.2001953125,11011.0,706100,-0.029312272096516434,-0.02975046086629724,0.011602203109992664,11169.3099609375,11339.34990234375,11384.739892578125,11295.77498046875,10762.755009765626,-120.849609375,-0.010856202124148633,692060.0,653860.0,1.079894778698804
2020-09-25,11050.25,11072.599609375,10854.849609375,10910.400390625,559600,0.022645788482354545,0.02239317919403798,0.0127729583188816,11078.369921875,11297.9298828125,11354.872412109375,11298.7459765625,10758.318759765625,104.8505859375,0.009703401292178147,651140.0,641490.0,0.8723440739528285
2020-09-28,11227.5498046875,11239.349609375,11099.849609375,11140.849609375,472800,0.016044868187371275,0.015917509782938703,0.012525242354573238,11073.769921875,11276.6798828125,11346.87490234375,11302.85296875,10755.172509765625,90.599609375,0.008198874177054817,625120.0,596540.0,0.7925704898246555
2020-09-29,11222.400390625,11305.400390625,11181.0,11288.599609375,498300,-0.0004586409458945395,-0.00045874615382283734,0.012387185963148748,11087.519921875,11246.73994140625,11334.482421875,11304.0559765625,10751.733759765624,61.0498046875,0.005437500233756409,590340.0,582265.0,0.855795900492044
2020-09-30,11247.5498046875,11295.400390625,11184.5498046875,11244.4501953125,499300,0.002241001317642377,0.0022384940193966077,0.012313979314469852,11110.6599609375,11211.03994140625,11320.109912109376,11306.35498046875,10748.112509765626,22.0498046875,0.001964802887082876,547220.0,577555.0,0.8645064106448737
2020-10-01,11416.9501953125,11428.599609375,11347.0498046875,11364.4501953125,447700,0.015061092732783665,0.014948800566928164,0.012840044006844156,11232.9400390625,11201.125,11314.584912109374,11310.38498046875,10744.763759765625,116.900390625,0.010393409467391814,495540.0,569585.0,0.7860108675614702
2020-10-05,11503.349609375,11578.0498046875,11452.2998046875,11487.7998046875,530600,0.0075676439490797165,0.007539152980994381,0.012349361187522242,11323.5599609375,11200.96494140625,11323.059912109375,11316.56896484375,10742.010756835938,70.849609375,0.0062056510857066705,489740.0,562050.0,0.9440441241882395
2020-10-06,11662.400390625,11680.2998046875,11564.2998046875,11603.4501953125,561400,0.013826475474619793,0.013731761801546099,0.012687870661887632,11410.530078125,11242.15,11338.42744140625,11327.1809765625,10739.497758789063,100.1005859375,0.008701864181883165,507460.0,562105.0,0.9987457859296751
2020-10-07,11738.849609375,11763.0498046875,11629.349609375,11679.25,513400,0.006555187284725372,0.006533795478530655,0.012686134185987187,11513.819921875,11300.669921875,11359.50244140625,11335.94697265625,10737.083754882813,16.849609375,0.0014447805606592635,510480.0,559165.0,0.9181547485983564
2020-10-08,11834.599609375,11905.7001953125,11791.150390625,11835.400390625,608800,0.008156676606839941,0.008123590712403974,0.01269299723481956,11631.2298828125,11370.944921875,11387.332421875,11348.58197265625,10734.958251953125,96.55078125,0.00822489293779619,532380.0,553160.0,1.1005857256489986
2020-10-09,11914.2001953125,11938.599609375,11805.2001953125,11852.0498046875,611100,0.0067260903253916204,0.00670357110102055,0.01238488983666648,11730.6798828125,11481.8099609375,11410.579931640625,11364.82296875,10733.17025390625,17.4501953125,0.001474506606769907,565060.0,549745.0,1.1116062901890877
2020-10-12,11930.9501953125,12022.0498046875,11867.2001953125,11973.5498046875,522600,0.0014058853909966196,0.0014048980594053501,0.01238465674229647,11816.2,11569.87998046875,11433.904931640625,11381.97296875,10731.511254882813,59.349609375,0.004981417837711876,563460.0,548135.0,0.9534147609621717
2020-10-13,11934.5,11988.2001953125,11888.900390625,11934.650390625,458300,0.0002975290843887368,0.0002974848313881938,0.012353219294496672,11870.619921875,11640.575,11458.62744140625,11402.8309765625,10730.111005859375,3.7001953125,0.000310134168019053,542840.0,538935.0,0.8503808437010029
2020-10-14,11971.0498046875,11997.2001953125,11822.150390625,11917.400390625,569200,0.0030625333853533387,0.0030578533826602027,0.012300643951354585,11917.0599609375,11715.43994140625,11481.08994140625,11420.34697265625,10729.333505859375,-17.099609375,-0.0014327880828689933,554000.0,542060.0,1.0500682581264067
2020-10-15,11680.349609375,12025.4501953125,11661.2998046875,12023.4501953125,608900,-0.02428360085835335,-0.024583309443990238,0.013549980729368685,11886.2099609375,11758.719921875,11484.879931640626,11431.92095703125,10726.506254882812,52.400390625,0.004377259428365388,554020.0,546115.0,1.1149666279080412
2020-10-16,11762.4501953125,11789.75,11667.849609375,11727.400390625,555800,0.007028949362235082,0.007004361448563385,0.013488601058147327,11855.8599609375,11793.269921875,11497.1974609375,11443.166953125,10724.0392578125,47.05078125,0.004028199739178665,542960.0,573905.0,0.9684529669544611
2020-10-19,11873.0498046875,11898.25,11820.400390625,11879.2001953125,541400,0.009402769621849272,0.009358838750109354,0.013601923881796579,11844.2798828125,11830.23994140625,11515.60244140625,11456.346953125,10722.562255859375,116.75,0.009925653079196586,546720.0,562765.0,0.9620356631986708
2020-10-20,11896.7998046875,11949.25,11837.25,11861.0,453600,0.002000328507897331,0.0019983305148122575,0.01239895234989673,11836.73984375,11853.6798828125,11547.91494140625,11468.87994140625,10721.133754882812,-12.0498046875,-0.0010148870665684158,545780.0,555300.0,0.8168557536466775
2020-10-21,11937.650390625,12018.650390625,11775.75,11958.5498046875,623700,0.0034337457642519276,0.003427863919924764,0.012100785155401113,11830.0599609375,11873.5599609375,11587.11494140625,11481.18294921875,10719.411005859374,61.75,0.005190471472476965,556680.0,552875.0,1.128103097445173
2020-10-22,11896.4501953125,11939.5498046875,11823.4501953125,11890.0,544900,-0.0034512817819539743,-0.0034572511936285335,0.01214067569788715,11873.280078125,11879.74501953125,11625.344970703125,11492.9439453125,10717.760004882812,-47.650390625,-0.003991605472247813,543880.0,544375.0,1.0009644087256027
2020-10-23,11930.349609375,11974.5498046875,11908.75,11957.900390625,502300,0.0028495402835257977,0.002845488039808009,0.009400933901788219,11906.8599609375,11881.3599609375,11681.5849609375,11505.54193359375,10717.44650390625,61.4501953125,0.0051654228197175085,533180.0,534185.0,0.9403109409661446
2020-10-26,11767.75,11942.849609375,11711.7001953125,11937.400390625,519800,-0.013629073304543216,-0.01372280171939824,0.00931737832370331,11885.8,11865.03994140625,11717.4599609375,11517.32892578125,10716.020502929687,7.05078125,0.0005909953589674705,528860.0,532195.0,0.976709664690574
2020-10-27,11889.400390625,11899.0498046875,11723.0,11807.099609375,616300,0.010337608346965288,0.010284540688903391,0.008984462593955744,11884.3201171875,11860.52998046875,11750.552490234375,11530.17494140625,10715.340756835938,39.349609375,0.0033438515752798963,561400.0,539370.0,1.1426293638874985
2020-10-28,11729.599609375,11929.400390625,11684.849609375,11922.599609375,704000,-0.013440608945763599,-0.013531751526031222,0.00968223716662506,11842.7099609375,11836.3849609375,11775.912451171875,11537.05994140625,10712.909252929687,33.19921875,0.0027923375157066933,577460.0,549655.0,1.2808034130500041
2020-10-29,11670.7998046875,11744.150390625,11606.4501953125,11633.2998046875,555000,-0.005012942184360991,-0.0050255491286022155,0.0098178022878438,11797.5798828125,11835.42998046875,11797.074951171875,11542.3079296875,10709.979252929688,-96.2998046875,-0.008209982258092717,579480.0,552440.0,1.0046339874013468
2020-10-30,11642.400390625,11748.9501953125,11535.4501953125,11678.4501953125,553700,-0.002433373422367602,-0.0024363388871728973,0.009351251136894065,11739.9900390625,11823.425,11808.3474609375,11548.91193359375,10706.543505859376,7.650390625,0.0006555155390402011,589760.0,557740.0,0.9927564815146842
2020-11-02,11669.150390625,11725.650390625,11557.400390625,11697.349609375,568400,0.002297636149117599,0.00229500061940095,0.00923051052388226,11720.2701171875,11803.03505859375,11816.6375,11554.86294921875,10703.077758789062,54.94921875,0.004719749957598749,599480.0,559630.0,1.0156710683844683
2020-11-03,11813.5,11836.2001953125,11723.2998046875,11734.4501953125,674300,0.01237019016319918,0.01229430453308261,0.009127147703959875,11705.0900390625,11794.705078125,11824.19248046875,11561.8039453125,10700.428759765626,65.2998046875,0.005595934794015671,611080.0,565275.0,1.1928707266374774
2020-11-04,11908.5,11929.650390625,11756.400390625,11783.349609375,667300,0.008041647267956087,0.008009485529747545,0.009183355243780071,11740.8701171875,11791.7900390625,11832.675,11570.5289453125,10698.193759765625,-30.150390625,-0.0025521979620772846,603740.0,572970.0,1.1646334013997242
2020-11-05,12120.2998046875,12131.099609375,12027.599609375,12062.400390625,632500,0.017785598915690537,0.017629285844443805,0.009821857790557685,11830.7701171875,11814.175,11846.960009765626,11581.94294921875,10697.033510742187,153.900390625,0.012923574810009657,619240.0,574155.0,1.1016189008194652
2020-11-06,12263.5498046875,12280.400390625,12131.849609375,12156.650390625,576800,0.011819014571289532,0.011749715515175936,0.010035295347855945,11955.0,11847.49501953125,11864.427490234375,11596.0289453125,10697.228510742187,36.3505859375,0.0029991490741377116,623860.0,572440.0,1.0076165187617916
2020-11-09,12461.0498046875,12474.0498046875,12367.349609375,12399.400390625,553400,0.016104635537461442,0.015976331587139476,0.010553355824873796,12113.3798828125,11916.825,11890.932470703125,11612.29794921875,10698.68451171875,135.8505859375,0.011077590754805251,620860.0,573980.0,0.96414509216349
2020-11-10,12631.099609375,12643.900390625,12475.25,12556.400390625,847500,0.01364650710436388,0.013554232066476922,0.010842924110585224,12276.8998046875,11990.994921875,11925.762451171875,11637.16994140625,10701.3055078125,95.3505859375,0.007651890284687873,655500.0,593440.0,1.4281140469129145
2020-11-11,12749.150390625,12769.75,12571.099609375,12680.599609375,880500,0.009346041508720315,0.009302637490367565,0.010938599129126633,12445.0298828125,12092.95,11964.66748046875,11662.74794921875,10704.14951171875,49.5,0.003918898712766094,698140.0,609005.0,1.4458009375949294
2020-11-12,12690.7998046875,12741.150390625,12624.849609375,12702.150390625,622000,-0.004576821525331454,-0.004587327240413277,0.009057414632562535,12559.1298828125,12194.95,12015.189990234376,11685.8639453125,10706.362260742188,-47.0,-0.003686520164870055,696040.0,609660.0,1.020240789948496
2020-11-13,12719.9501953125,12735.9501953125,12607.7001953125,12659.7001953125,513900,0.002296970330761372,0.0022943363271255195,0.009041307602172128,12650.4099609375,12302.70498046875,12063.064990234376,11709.7139453125,10709.36701171875,-31.099609375,-0.0024505633887245614,683460.0,607565.0,0.8458354250162534
2020-11-17,12874.2001953125,12934.0498046875,12797.099609375,12932.5,707700,0.012126619808373373,0.012053681426341886,0.009147509935406212,12733.0400390625,12423.2099609375,12113.122509765624,11740.52095703125,10713.459013671874,212.5498046875,0.01670995573283203,714320.0,615880.0,1.1490874845749173
2020-11-18,12938.25,12948.849609375,12819.349609375,12860.099609375,731300,0.004975051165572175,0.004962716492027381,0.009135824942902845,12794.4701171875,12535.6849609375,12165.19501953125,11772.1849609375,10717.502763671875,-14.1005859375,-0.0010952591791010076,691080.0,629765.0,1.161226806824768
2020-11-19,12771.7001953125,12963.0,12745.75,12839.5,768800,-0.01287266861341374,-0.012956239372488106,0.009907048155733992,12798.980078125,12622.00498046875,12206.897509765626,11801.27197265625,10721.182265625,-98.75,-0.007632407783123684,668740.0,637020.0,1.2068694860443943
2020-11-20,12859.0498046875,12892.4501953125,12730.25,12813.400390625,664000,0.00683930941371913,0.006816027431926412,0.009797527292070965,12832.630078125,12695.87998046875,12255.027490234375,11832.89296875,10725.667016601563,41.7001953125,0.0032650465227648316,677140.0,642975.0,1.0326995606361056
2020-11-23,12926.4501953125,12968.849609375,12825.7001953125,12960.2998046875,633100,0.005241475198302092,0.0052277864790618534,0.009798069070661783,12873.930078125,12762.17001953125,12304.83251953125,11862.43697265625,10731.759765625,101.25,0.007873832167839602,700980.0,649515.0,0.9747272965212505
2020-11-24,13055.150390625,13079.099609375,12978.0,13002.599609375,571900,0.0099563448098976,0.009907106958531581,0.008938217193752712,12910.1201171875,12821.580078125,12369.2025390625,11894.2509765625,10737.137265625,76.1494140625,0.005890976479382867,673820.0,652120.0,0.8769858308286819
2020-11-25,12858.400390625,13145.849609375,12833.650390625,13130.0,679000,-0.015070680468092346,-0.015185397205090293,0.009926902408287573,12894.1501953125,12844.31015625,12417.6525390625,11922.61798828125,10740.983515625,74.849609375,0.005733339497088448,663360.0,655255.0,1.0362378005509305
2020-11-26,12987.0,13018.0,12790.400390625,12906.4501953125,549800,0.010001213639976747,0.009951532476185488,0.00911332476249219,12937.21015625,12868.0951171875,12480.52255859375,11951.9219921875,10745.228764648438,48.0498046875,0.0037368415376560285,619560.0,647545.0,0.8490529615702384
2020-11-27,12968.9501953125,13035.2998046875,12914.2998046875,13012.0498046875,1162400,-0.001389836350773832,-0.0013908030691388337,0.008935062905479994,12959.190234375,12895.91015625,12545.430078125,11979.21,10749.581767578125,25.0498046875,0.0019288368897743898,719240.0,677915.0,1.7146692431942057
2020-12-01,13109.0498046875,13128.400390625,12962.7998046875,13062.2001953125,583600,0.010802694687318537,0.01074476242399418,0.008819590295101118,12995.71015625,12934.8201171875,12618.762548828125,12011.06900390625,10754.969516601563,93.25,0.0071902504517061296,709340.0,679410.0,0.8589805860967604
2020-12-02,13113.75,13128.5,12983.5498046875,13121.400390625,717700,0.0003585458429504751,0.0003584815807498976,0.008872780838715184,13007.430078125,12958.77509765625,12690.992529296875,12043.245,10759.998764648437,12.3505859375,0.0009421419646360417,738500.0,686875.0,1.044877161055505
2020-12-03,13133.900390625,13216.599609375,13107.900390625,13215.2998046875,713700,0.0015365849299400214,0.0015354055912646832,0.008786627315369363,13062.530078125,12978.34013671875,12757.012548828125,12080.91201171875,10764.662265625,101.5498046875,0.007743765489467163,745440.0,688845.0,1.0360821374910176
2020-12-04,13258.5498046875,13280.0498046875,13152.849609375,13177.400390625,640500,0.009490662358873525,0.009445908959648398,0.008815928498338382,13116.8400390625,13027.02509765625,12824.5150390625,12123.01,10770.081762695312,43.5,0.003312039737338831,763580.0,687505.0,0.9316295881484499
2020-12-07,13355.75,13366.650390625,13241.9501953125,13264.849609375,591700,0.007331133249439903,0.007304391112653887,0.00834136477223791,13194.2,13076.6951171875,12886.287548828124,12167.4880078125,10776.29326171875,6.2998046875,0.0004751503580936682,649440.0,685465.0,0.8632096460067253
2020-12-08,13392.9501953125,13435.4501953125,13311.0498046875,13393.849609375,543200,0.002785331809333158,0.002781459960611745,0.008190090414268375,13250.980078125,13123.3451171875,12942.757568359375,12219.236015625,10783.029013671876,38.099609375,0.0028526746438799766,641360.0,683785.0,0.794401749087798
2020-12-09,13529.099609375,13548.900390625,13449.599609375,13458.099609375,502600,0.010165752285866914,0.010114428562528128,0.00784557441037,13334.05,13170.7400390625,12996.16005859375,12268.8130078125,10790.71201171875,65.1494140625,0.004864455785499907,598340.0,681245.0,0.7377668826927171
2020-12-10,13478.2998046875,13503.5498046875,13399.2998046875,13488.5,553400,-0.0037548548058806697,-0.0037619219695161584,0.007700490183233784,13402.9298828125,13232.72998046875,13038.520068359376,12313.8280078125,10797.474008789062,-40.599609375,-0.0030009099309806597,566280.0,666540.0,0.8302577489723048
2020-12-11,13513.849609375,13579.349609375,13402.849609375,13512.2998046875,787700,0.002637558535026452,0.0026340862816878062,0.007567282935220667,13453.98984375,13285.41494140625,13076.755029296875,12359.6569921875,10804.639008789063,34.0,0.002522573358115646,595720.0,661900.0,1.1900589212872035
2020-12-14,13558.150390625,13597.5,13472.4501953125,13571.4501953125,558400,0.0032781762806703973,0.0032728147749187795,0.007357327939637317,13494.469921875,13344.3349609375,13120.12255859375,12405.86900390625,10813.282758789062,57.6005859375,0.004262337350383165,589060.0,658720.0,0.8477046393004615
2020-12-15,13567.849609375,13589.650390625,13447.0498046875,13547.2001953125,497600,0.0007153791977927426,0.0007151234360649028,0.0073775643041042,13529.4498046875,13390.21494140625,13162.517529296874,12448.8869921875,10822.132504882813,-10.9501953125,-0.0008076466919906485,579940.0,657905.0,0.7563402010928629
2020-12-16,13682.7001953125,13692.349609375,13606.4501953125,13663.099609375,462200,0.008464907059269056,0.008429280641864136,0.007188907501121381,13560.169921875,13447.1099609375,13202.942529296875,12492.47400390625,10832.153505859374,95.25,0.007020272389678092,571860.0,645630.0,0.7158899059833032
2020-12-17,13740.7001953125,13773.25,13673.5498046875,13713.5498046875,416000,0.004238929390550483,0.004229970438016461,0.007180544952831677,13612.65,13507.78994140625,13243.0650390625,12534.04,10842.6905078125,30.849609375,0.0022546433770118447,544380.0,629865.0,0.6604589872432982
2020-12-18,13760.5498046875,13772.849609375,13658.599609375,13764.400390625,519400,0.0014445849987885229,0.0014435425896574643,0.006150697371894807,13661.9900390625,13557.98994140625,13292.50751953125,12574.47400390625,10855.484506835937,23.7001953125,0.0017248171472793708,490720.0,617395.0,0.8412766543298861
2020-12-21,13328.400390625,13777.5,13131.4501953125,13741.900390625,687300,-0.0314049525779333,-0.03190866215630266,0.009926747913227306,13616.0400390625,13555.25498046875,13315.975048828124,12604.35001953125,10866.462758789063,-18.6494140625,-0.0013552811716975959,516500.0,618560.0,1.1111290739782722
2020-12-22,13466.2998046875,13492.0498046875,13192.900390625,13373.650390625,696200,0.010346283876607965,0.010293127415086657,0.01008316799201216,13595.730078125,13562.58994140625,13342.967529296875,12635.39201171875,10877.277758789063,45.25,0.0033950060527764593,556220.0,621715.0,1.119805698752644
2020-12-23,13601.099609375,13619.4501953125,13432.2001953125,13473.5,458700,0.010010159185716239,0.009960389402299756,0.0100853826861422,13579.4099609375,13569.78994140625,13370.264990234375,12668.795,10889.028256835938,7.2001953125,0.0005346825346925423,555520.0,616055.0,0.7445763771091867
2020-12-24,13749.25,13771.75,13626.900390625,13672.150390625,471400,0.01089253037474136,0.01083363406633502,0.009407130849406293,13581.119921875,13596.8849609375,13414.807470703125,12705.09,10901.429506835937,71.05078125,0.005223899779472679,566600.0,605675.0,0.7783051966813885
2020-12-28,13873.2001953125,13885.2998046875,13811.5498046875,13815.150390625,403600,0.009015051389166695,0.008974658395164679,0.009373218867499825,13603.65,13632.82001953125,13459.11748046875,12743.1330078125,10915.848256835938,65.900390625,0.004793017119115588,543440.0,598365.0,0.6745046919522365
2020-12-29,13932.599609375,13967.599609375,13859.900390625,13910.349609375,439600,0.004281594241144937,0.004272454296258275,0.009307894313064795,13724.48984375,13670.26494140625,13507.299951171875,12788.1780078125,10933.25400390625,37.1494140625,0.002677782598066458,493900.0,562225.0,0.781893370092045
2020-12-30,13981.9501953125,13997.0,13864.9501953125,13980.900390625,380700,0.003542094606974411,0.003535836164182277,0.009153807298389235,13827.619921875,13711.675,13550.944970703125,12832.5680078125,10950.871752929688,48.30078125,0.0034667458051044014,430800.0,552080.0,0.6895739747862628
2020-12-31,13981.75,14024.849609375,13936.4501953125,13970.0,452400,-1.4318125132972703e-05,-1.4318227638304822e-05,0.009160423704945578,13903.75,13741.57998046875,13594.344970703125,12874.74201171875,10972.829750976562,-11.9501953125,-0.0008546873036714397,429540.0,538815.0,0.839620277831909
2021-01-01,14018.5,14049.849609375,13991.349609375,13996.099609375,358100,0.0026284263414808606,0.002624978069994666,0.00915292464262727,13957.6,13769.3599609375,13638.574951171875,12917.176015625,10993.14625,14.349609375,0.001026309966563556,406880.0,521035.0,0.6872858829061388
2021-01-04,14132.900390625,14147.9501953125,13953.75,14104.349609375,495000,0.00816067272711063,0.008127554493474463,0.00911034841064838,14009.5400390625,13806.59501953125,13682.29248046875,12961.081015625,11017.82375,85.849609375,0.00612402249705746,425160.0,513760.0,0.9634848956711305
2021-01-05,14199.5,14215.599609375,14048.150390625,14075.150390625,492500,0.004712380865514287,0.00470131235786493,0.00906714381935911,14062.9201171875,13893.70498046875,13724.47998046875,13007.14201171875,11043.986000976562,-57.75,-0.004086210077466351,435740.0,508800.0,0.9679638364779874
2021-01-06,14146.25,14244.150390625,14039.900390625,14240.9501953125,632300,-0.0037501320469031096,-0.0037571814216639365,0.009196205556236138,14095.780078125,13961.7,13762.144970703124,13051.46001953125,11072.373251953126,41.4501953125,0.00291913062519807,486060.0,513255.0,1.2319412377862855
2021-01-07,14137.349609375,14256.25,14123.099609375,14253.75,559200,-0.0006291696120880319,-0.0006293676223474675,0.009055650623863,14126.9,14015.325,13792.557470703125,13098.85201171875,11101.742749023437,107.5,0.007599187063709463,507420.0,516085.0,1.0835424397143882
2021-01-08,14347.25,14367.2998046875,14221.650390625,14258.400390625,613500,0.014847223590326086,0.014738082534464191,0.009357701100862776,14192.65,14075.125,13836.00498046875,13148.00900390625,11129.751748046874,121.05078125,0.008562480563522793,558500.0,519090.0,1.181875975264405
2021-01-11,14484.75,14498.2001953125,14383.099609375,14474.0498046875,672900,0.009583718134137165,0.00953808562855032,0.009465150998510412,14263.019921875,14136.27998046875,13884.55,13203.11201171875,11164.124248046875,126.7998046875,0.008837917000644723,594080.0,513350.0,1.3108015973507354
2021-01-12,14563.4501953125,14590.650390625,14432.849609375,14473.7998046875,929600,0.005433314024232416,0.0054186068221036155,0.009474537910218177,14335.8099609375,14199.3650390625,13934.814990234376,13260.96501953125,11197.93625,-10.9501953125,-0.0007559809670515542,681500.0,531910.0,1.7476640785095223
2021-01-13,14564.849609375,14653.349609375,14435.7001953125,14639.7998046875,874000,9.609083312889233e-05,9.608621670051523e-05,0.009485556308373418,14419.5298828125,14257.65498046875,13984.664990234374,13319.41400390625,11229.17125,76.349609375,0.005242549557355197,729840.0,550730.0,1.5869845477820348
2021-01-14,14595.599609375,14617.7998046875,14471.5,14550.0498046875,620200,0.002111247340323086,0.002109021789565324,0.009420041570677034,14511.1798828125,14319.03994140625,14030.3099609375,13377.94298828125,11258.941997070313,-14.7998046875,-0.0010161316515052627,742040.0,558630.0,1.1102160643001628
2021-01-15,14433.7001953125,14617.4501953125,14357.849609375,14594.349609375,789600,-0.011092344158201595,-0.01115432296065278,0.00994674136210452,14528.469921875,14360.5599609375,14064.9599609375,13430.3469921875,11287.809248046875,-1.25,-8.564225064087836e-05,777260.0,577310.0,1.3677227139664998
2021-01-18,14281.2998046875,14459.150390625,14222.7998046875,14453.2998046875,762000,-0.010558650142566628,-0.010614788200058034,0.010367671380904678,14487.7798828125,14375.39990234375,14090.9974609375,13477.80298828125,11317.810249023438,19.599609375,0.0013579060885139617,795080.0,589440.0,1.2927524429967427
2021-01-19,14521.150390625,14546.0498046875,14350.849609375,14371.650390625,546100,0.016794730817062842,0.01665525875641371,0.007390385558691897,14479.319921875,14407.56494140625,14150.6349609375,13525.82,11347.427250976563,90.3505859375,0.006326495989380781,718380.0,582380.0,0.9377039046670559
2021-01-20,14644.7001953125,14666.4501953125,14517.5498046875,14538.2998046875,623100,0.008508265623863087,0.008472274336760961,0.007322627999849477,14495.2900390625,14457.4099609375,14209.55498046875,13573.4430078125,11379.381752929687,17.1494140625,0.0011809955548406023,668200.0,578725.0,1.0766771782798392
2021-01-21,14590.349609375,14753.5498046875,14517.25,14730.9501953125,704600,-0.0037112802046228577,-0.003718184091801354,0.00739487492329152,14494.2400390625,14502.7099609375,14259.01748046875,13616.02900390625,11411.914501953124,86.25,0.0058895026084321645,685080.0,591020.0,1.1921762376907719
2021-01-22,14371.900390625,14619.900390625,14357.75,14583.400390625,776800,-0.014972171647596122,-0.015085386074712022,0.008253624557233465,14481.880078125,14505.175,14290.15,13650.84501953125,11439.813002929688,-6.94921875,-0.0004762887069912837,682520.0,606290.0,1.2812350525326164
2021-01-25,14238.900390625,14491.099609375,14218.599609375,14477.7998046875,618600,-0.009254169343308138,-0.009297255190251277,0.00847346198554406,14473.4001953125,14480.5900390625,14308.435009765624,13680.64001953125,11467.263754882813,105.8994140625,0.007368504594672792,653840.0,617040.0,1.0025281991443018
2021-01-27,13967.5,14237.9501953125,13929.2998046875,14237.9501953125,660700,-0.019060488041877988,-0.019244480891583437,0.009581460665806117,14362.6701171875,14420.99501953125,14310.180029296875,13706.1740234375,11491.541752929688,-0.9501953125,-6.673235196768535e-05,676760.0,628095.0,1.051910937039779
2021-01-28,13817.5498046875,13898.25,13713.25,13810.400390625,637900,-0.010735650281904374,-0.010793693167934581,0.009845163930397804,14197.2400390625,14346.2650390625,14301.960009765626,13728.126015625,11515.66025390625,-157.099609375,-0.011247510962949705,679720.0,640955.0,0.9952336747509576
2021-01-29,13634.599609375,13966.849609375,13596.75,13946.599609375,753200,-0.013240422354072856,-0.013328858232496075,0.010243766759341685,14006.0900390625,14250.1650390625,14284.602490234374,13743.33400390625,11539.206752929687,129.0498046875,0.009339557773384745,689440.0,655995.0,1.1481794830753282
2021-02-01,14281.2001953125,14336.349609375,13661.75,13758.599609375,870500,0.047423511101338356,0.04633334971971787,0.014944801237007387,13987.95,14234.9150390625,14297.7375,13770.1930078125,11565.648754882812,124.0,0.009094509817122827,708180.0,681615.0,1.2771139132794906
2021-02-02,14647.849609375,14731.7001953125,14469.150390625,14481.099609375,915000,0.02567357148195737,0.025349539675742865,0.015868873647253885,14069.73984375,14271.57001953125,14323.4849609375,13807.71599609375,11592.554252929687,199.8994140625,0.013997381965705706,767460.0,702615.0,1.302277918917188
2021-02-03,14789.9501953125,14868.849609375,14574.150390625,14754.900390625,869500,0.009701122671723184,0.009654368913945022,0.01595423707385155,14234.2298828125,14298.45,14353.007470703125,13846.33400390625,11620.194755859375,107.05078125,0.007308293306171354,809220.0,721465.0,1.205186668791972
2021-02-04,14895.650390625,14913.7001953125,14714.75,14789.0498046875,884700,0.0071467580293813615,0.007121340982025425,0.015927882602020233,14449.85,14323.54501953125,14390.477490234374,13885.7180078125,11649.765756835937,-0.900390625,-6.087854341019811e-05,858580.0,734085.0,1.2051737877766198
2021-02-05,14924.25,15014.650390625,14864.75,14952.599609375,935600,0.0019199973566108586,0.0019181565175802602,0.015910001717099997,14707.780078125,14356.93505859375,14429.822509765625,13923.1,11678.4505078125,56.94921875,0.0038232112903134868,895060.0,752905.0,1.2426534556152502
2021-02-08,15115.7998046875,15159.900390625,15041.0498046875,15064.2998046875,671200,0.01283480273296811,0.012753134705385865,0.01583619730066382,14874.7,14431.325,14468.25,13968.24798828125,11707.460004882812,140.0498046875,0.009384043063303014,855200.0,755790.0,0.8880773759906853
2021-02-09,15109.2998046875,15257.099609375,15064.2998046875,15164.150390625,713300,-0.0004300136336804483,-0.00043010611605642915,0.015766250102051217,14966.9900390625,14518.36494140625,14499.477490234374,14010.693984375,11737.234501953126,48.3505859375,0.0031986786383943902,814860.0,757810.0,0.9412649608740977
2021-02-10,15106.5,15168.25,14977.2001953125,15119.0498046875,624800,-0.00018530340410816137,-0.00018532057490518592,0.015756211160483848,15030.3,14632.26494140625,14526.62998046875,14053.44498046875,11766.355502929688,9.75,0.0006452979374315655,765920.0,742570.0,0.8414021573723689
2021-02-11,15173.2998046875,15188.5,15065.400390625,15073.25,500100,0.004421924647502795,0.004412176664707947,0.015759135281120364,15085.8298828125,14767.83994140625,14557.052490234375,14094.72998046875,11795.3175,-33.25,-0.0022010392877238275,689000.0,723875.0,0.6908651355551718
2021-02-12,15163.2998046875,15243.5,15081.0,15186.2001953125,571800,-0.0006590524229219685,-0.0006592696934370658,0.01577180018830643,15133.63984375,14920.7099609375,14585.4375,14135.7209765625,11823.367250976562,12.900390625,0.0008502033698045479,616240.0,721455.0,0.7925650248456245
2021-02-15,15314.7001953125,15340.150390625,15243.400390625,15270.2998046875,456000,0.00998465984153385,0.009935142462115996,0.015551731024735164,15173.419921875,15024.0599609375,14629.4875,14179.33697265625,11850.64125,107.0,0.0070565115362899175,573200.0,704775.0,0.6470150047887624
2021-02-16,15313.4501953125,15431.75,15242.2001953125,15371.4501953125,648500,-8.162092525865194e-05,-8.162425642763527e-05,0.015241499505772449,15214.25,15090.62001953125,14681.09501953125,14220.43498046875,11880.741000976563,56.75,0.003705590006742016,560240.0,699100.0,0.9276212272922328
2021-02-17,15208.900390625,15314.2998046875,15170.75,15279.900390625,504800,-0.006827318687430917,-0.006850731452785171,0.015079923651969411,15234.730078125,15132.5150390625,14715.48251953125,14257.49798828125,11910.757504882813,-33.5498046875,-0.0021908717016475955,536240.0,697035.0,0.7242104055033105
2021-02-18,15118.9501953125,15250.75,15078.0498046875,15238.7001953125,770600,-0.005914312869584326,-0.005931871684390037,0.015118398497140662,15223.86015625,15154.84501953125,14739.19501953125,14292.01798828125,11939.99775390625,29.7998046875,0.0019593661554828156,590340.0,704410.0,1.093965162334436
2021-02-19,14981.75,15144.0498046875,14898.2001953125,15074.7998046875,712200,-0.009074717063029758,-0.009116143118184506,0.01526631356652623,15187.5501953125,15160.59501953125,14758.7650390625,14321.07099609375,11968.911254882812,-44.150390625,-0.0029202021340534907,618420.0,704790.0,1.0105137700591666
2021-02-22,14675.7001953125,15010.099609375,14635.0498046875,14999.0498046875,609900,-0.020428174591586412,-0.02063971564030592,0.01561956470135118,15059.7501953125,15116.58505859375,14773.955029296874,14345.01900390625,11996.032255859374,17.2998046875,0.001154725228194303,649200.0,696445.0,0.8757331878324922
2021-02-23,14707.7998046875,14854.5,14651.849609375,14782.25,744100,0.0021872625461001327,0.002184873969705697,0.015426366651663496,14938.6201171875,15076.43505859375,14797.4,14368.8980078125,12023.37525390625,106.5498046875,0.007260287636669806,668320.0,702720.0,1.0588854735883424
2021-02-24,14982.0,15008.7998046875,14504.5,14729.150390625,403800,0.01864318245786234,0.01847152850052029,0.015050796133444925,14893.2400390625,15063.98505859375,14848.125,14397.375,12052.302504882813,21.3505859375,0.0014516505677956936,648120.0,689875.0,0.5853234281572749
2021-02-25,15097.349609375,15176.5,15065.349609375,15079.849609375,803900,0.007699213013950157,0.007669725331353619,0.014685544725569292,14888.919921875,15056.3900390625,14912.114990234375,14427.965,12080.87150390625,97.849609375,0.006531144665264985,654780.0,698175.0,1.151430515271959
2021-02-26,14529.150390625,14919.4501953125,14467.75,14888.599609375,1103600,-0.03763569324758598,-0.03836220275630364,0.017061061308588588,14798.4,14992.97509765625,14956.842529296875,14444.89400390625,12107.803505859374,-208.75,-0.013826930249424212,733060.0,715695.0,1.541997638658926
2021-03-01,14761.5498046875,14806.7998046875,14638.5498046875,14702.5,507300,0.015995389118723446,0.01586881087701919,0.013948543161464457,14815.569921875,14937.66005859375,14980.860009765625,14465.31099609375,12135.927006835938,173.349609375,0.011931159408113403,712540.0,697535.0,0.7272753338542152
2021-03-02,14919.099609375,14959.099609375,14760.7998046875,14865.2998046875,621700,0.010672985341787733,0.010616431079728933,0.012962830059477695,14857.8298828125,14898.225,14994.422509765625,14488.4819921875,12166.406254882813,103.75,0.007028394807641024,688060.0,682870.0,0.91042218870356
2021-03-03,15245.599609375,15273.150390625,14995.7998046875,15064.400390625,544200,0.021884698711632122,0.02164866615239294,0.013660813433714537,14910.5498046875,14901.894921875,15017.20498046875,14526.8259765625,12198.238754882812,145.30078125,0.009739246003739701,716140.0,666605.0,0.816375514735113
2021-03-04,15080.75,15202.349609375,14980.2001953125,15026.75,534900,-0.010812930524138231,-0.010871815118793142,0.013866284793829696,14907.2298828125,14898.07490234375,15026.4599609375,14559.11498046875,12228.309755859374,-218.849609375,-0.014354936177152552,662340.0,649115.0,0.8240450459471742
2021-03-05,14938.099609375,15092.349609375,14862.099609375,14977.9501953125,640700,-0.009459104528952489,-0.009504125991607463,0.014046295460087406,14989.0197265625,14893.70986328125,15027.15244140625,14585.85498046875,12257.46900390625,-102.7998046875,-0.006816624152479154,569760.0,634370.0,1.00997840377067
2021-03-08,14956.2001953125,15111.150390625,14919.900390625,15002.4501953125,0,0.0012117060677612201,0.001210972544447202,0.013730343038182323,15027.9498046875,14921.75986328125,15019.1724609375,14609.993984375,12287.053754882812,64.3505859375,0.004307816095771261,468300.0,600810.0,0.0
2021-03-09,15098.400390625,15126.849609375,14925.4501953125,15049.900390625,675300,0.00950777560179139,0.009462861169810146,0.013909389882497278,15063.8099609375,14960.819921875,15018.627490234376,14634.49798828125,12317.4005078125,93.7001953125,0.006264973328042711,479020.0,598910.0,1.1275483795561938
2021-03-10,15174.7998046875,15218.4501953125,15100.849609375,15202.150390625,404600,0.005060099883821945,0.005047340602462587,0.013953971218907719,15049.65,14980.09990234375,15022.04248046875,14659.3419921875,12346.699755859376,103.75,0.006871588864766174,451100.0,587900.0,0.6882122810001701
2021-03-12,15030.9501953125,15336.2998046875,14953.599609375,15321.150390625,493200,-0.009479506235763657,-0.009524722735275023,0.014084447541738779,15039.6900390625,14973.4599609375,15014.925,14680.3219921875,12374.404008789063,146.3505859375,0.009644317409201818,442760.0,587555.0,0.8394107785654109
2021-03-15,14929.5,15048.400390625,14745.849609375,15048.400390625,467500,-0.006749419963093084,-0.006772300308835674,0.014156538378994528,15037.9701171875,15013.494921875,15003.235009765625,14699.2769921875,12401.150009765624,17.4501953125,0.0011609509103384533,408120.0,582340.0,0.8027956176803929
2021-03-16,14910.4501953125,15051.599609375,14890.650390625,14996.099609375,100,-0.001275984104457617,-0.0012767988653300596,0.013932178391469987,15028.8201171875,15028.3849609375,14983.022509765626,14717.11599609375,12426.571508789062,66.599609375,0.004460940378110453,408140.0,559545.0,0.000178716635838047
2021-03-17,14721.2998046875,14956.5498046875,14696.0498046875,14946.5498046875,100,-0.012685759862868795,-0.01276691115553913,0.014160044374178928,14953.4,15008.60498046875,14953.414990234374,14728.883984375,12450.282509765624,36.099609375,0.0024210945278063355,273100.0,527125.0,0.0001897083234526915
2021-03-18,14557.849609375,14875.2001953125,14478.599609375,14855.5,542200,-0.011102973071742905,-0.011165071153974405,0.014270607506441199,14830.0099609375,14939.82998046875,14920.862451171875,14736.0509765625,12472.764008789063,134.2001953125,0.009116056129076896,300620.0,528995.0,1.0249624287564154
2021-03-19,14744.0,14788.25,14350.099609375,14471.150390625,919200,0.012786942826028547,0.012705880170274957,0.014615211886151672,14772.619921875,14906.15498046875,14902.11494140625,14748.0059765625,12496.338510742187,-86.69921875,-0.005955496249539989,385820.0,536425.0,1.7135666682201613
2021-03-22,14736.400390625,14763.900390625,14597.849609375,14736.2998046875,459000,-0.000515437423697751,-0.0005155703072306843,0.014495860569514742,14734.0,14885.98505859375,14889.8474609375,14759.9869921875,12519.309760742188,-7.7001953125,-0.0005222595844072165,384120.0,523765.0,0.8763472167861541
2021-03-23,14814.75,14878.599609375,14707.0,14768.5498046875,474200,0.00531673999743143,0.005302656033791128,0.013779477499352483,14714.8599609375,14871.8400390625,14896.799951171875,14769.3369921875,12542.546259765624,32.1494140625,0.0021816327739678414,478940.0,516980.0,0.9172501837595265
2021-03-24,14549.400390625,14752.349609375,14535.0,14712.4501953125,456400,-0.017911176994211853,-0.018073523592070435,0.014374765705930841,14680.480078125,14816.9400390625,14888.87998046875,14770.63,12565.060009765624,-102.2998046875,-0.006905267026949493,570200.0,502595.0,0.9080870283230036
2021-03-25,14324.900390625,14575.599609375,14264.400390625,14570.900390625,606800,-0.015430189146808937,-0.015550473459416195,0.014008201088274375,14633.890234375,14731.95009765625,14856.025,14765.85900390625,12586.103759765625,21.5,0.001477724127645402,583120.0,512745.0,1.1834342606948873
2021-03-26,14507.2998046875,14572.900390625,14414.25,14506.2998046875,481000,0.012733031929623273,0.012652648509180619,0.01423774816471694,14586.5501953125,14679.58505859375,14826.522509765626,14764.7080078125,12609.130258789062,181.3994140625,0.012663223416284118,495480.0,496600.0,0.9685863874345549
2021-03-30,14845.099609375,14876.2998046875,14617.599609375,14628.5,594500,0.02328481586755049,0.023017860602701366,0.012612751146725583,14608.2900390625,14671.14501953125,14842.319970703125,14769.6980078125,12633.491254882812,121.2001953125,0.008354428249517433,522580.0,471145.0,1.2618196096743042
2021-03-31,14690.7001953125,14813.75,14670.25,14811.849609375,463900,-0.010400699094332388,-0.010455164345430578,0.012356177702591183,14583.480078125,14649.17001953125,14838.777490234375,14774.8380078125,12657.876254882813,-33.25,-0.0022397963553576904,520520.0,468975.0,0.9891785276400661
2021-04-01,14867.349609375,14883.2001953125,14692.4501953125,14798.400390625,445000,0.012024574166918489,0.011952853344086897,0.01242211223583462,14647.069921875,14663.775,14836.189990234376,14786.55900390625,12682.643002929688,107.7001953125,0.007331181896072245,518240.0,460140.0,0.967096970487243
2021-04-05,14637.7998046875,14849.849609375,14459.5,14837.7001953125,509700,-0.015439860548026041,-0.015560296479187625,0.011729739584010931,14709.6498046875,14671.77001953125,14805.8,14788.8919921875,12706.42625,-29.6494140625,-0.001994263593815254,498820.0,458415.0,1.111874611432872
2021-04-06,14683.5,14779.099609375,14573.900390625,14737.0,475300,0.003122067245233451,0.0031172037135109875,0.011589660201922857,14744.88984375,14665.72001953125,14785.9375,14789.66798828125,12729.385498046875,99.2001953125,0.006776988115436097,497680.0,455435.0,1.043617640277976
2021-04-07,14819.0498046875,14879.7998046875,14649.849609375,14716.4501953125,0,0.009231436965811968,0.0091890876818974,0.011647996400335923,14739.6798828125,14673.9849609375,14779.985009765625,14794.2419921875,12752.258745117188,32.9501953125,0.0022440286929206253,378780.0,423400.0,0.0
2021-04-08,14873.7998046875,14984.150390625,14821.099609375,14875.650390625,514800,0.0036945688638336804,0.003687760707936765,0.011678546258692017,14776.2998046875,14679.88994140625,14775.864990234375,14804.27998046875,12775.071743164062,56.6005859375,0.003819447716519337,388960.0,449140.0,1.1461904973950217
2021-04-09,14834.849609375,14918.4501953125,14785.650390625,14882.650390625,504100,-0.0026187118170183377,-0.0026221466406612408,0.011460135589328135,14769.7998046875,14708.43486328125,14762.687451171874,14816.19896484375,12796.890991210938,8.8505859375,0.0005950453854240209,400780.0,440580.0,1.1441735893594807
2021-04-12,14310.7998046875,14652.5,14248.7001953125,14644.650390625,650200,-0.03532558930400764,-0.03596463281723922,0.013707564809934045,14704.3998046875,14707.0248046875,14719.487451171875,14823.0649609375,12816.918491210938,-190.19921875,-0.012821108656861752,428880.0,452860.0,1.4357638122156957
2021-04-13,14504.7998046875,14528.900390625,14274.900390625,14364.900390625,605100,0.013556195506029933,0.013465132344700306,0.014082713781859497,14668.659765625,14706.7748046875,14693.179931640625,14836.8099609375,12837.99798828125,54.1005859375,0.0037804026802037553,454840.0,458455.0,1.3198678169067848
2021-04-15,14581.4501953125,14597.5498046875,14353.2001953125,14522.400390625,568000,0.005284484560774683,0.005270570669209097,0.01411200473711537,14621.13984375,14680.40986328125,14675.77744140625,14855.74697265625,12858.990239257813,17.6005859375,0.0012134318414937404,568440.0,463480.0,1.22551134892552
2021-04-16,14617.849609375,14697.7001953125,14559.0,14599.599609375,577200,0.002496282165007191,0.0024931716281266104,0.014134488879047382,14569.9498046875,14673.1248046875,14661.147412109374,14862.4799609375,12880.517485351562,18.1494140625,0.0012446919764081143,580920.0,492335.0,1.1723724699645566
2021-04-19,14359.4501953125,14382.2998046875,14191.400390625,14306.599609375,512300,-0.017676978554819645,-0.01783508230882999,0.01439528300886106,14474.869921875,14622.33486328125,14643.054931640625,14856.71197265625,12900.80423828125,-311.25,-0.021292461498603952,582560.0,517945.0,0.9891011593895105
2021-04-20,14296.400390625,14526.9501953125,14207.2998046875,14526.7001953125,467400,-0.004390823034999047,-0.0044004910090830246,0.014228167733546383,14471.9900390625,14588.194921875,14629.982470703126,14846.8409765625,12920.135991210938,167.25,0.011647381879189017,546000.0,514205.0,0.9089759920654213
2021-04-22,14406.150390625,14424.75,14151.400390625,14219.150390625,524600,0.007676757575422188,0.007647441212800463,0.014015457557161316,14452.26015625,14560.4599609375,14613.089990234375,14837.0509765625,12939.4082421875,-77.25,-0.005403458065616112,529900.0,494475.0,1.060923201375196
2021-04-23,14341.349609375,14461.150390625,14273.2998046875,14326.349609375,498100,-0.004498133053794207,-0.004508280094204329,0.01403552602693068,14404.2400390625,14512.68994140625,14593.337451171876,14825.39296875,12958.0782421875,-79.80078125,-0.005539355003674781,515920.0,496430.0,1.003364019096348
2021-04-26,14485.0,14557.5,14421.2998046875,14449.4501953125,452700,0.010016518287169873,0.009966685459202936,0.01418998767044656,14377.6701171875,14473.8099609375,14576.849951171875,14812.77697265625,12976.684990234375,108.1005859375,0.00753768570475642,491020.0,495355.0,0.913890038457268
2021-04-27,14653.0498046875,14667.5498046875,14484.849609375,14493.7998046875,451800,0.011601643402658013,0.011534860370141113,0.013872936316530079,14436.3900390625,14455.62998046875,14582.032421875,14803.65197265625,12995.951987304688,8.7998046875,0.0006075115421125302,478920.0,495125.0,0.9124968442312548
2021-04-28,14864.5498046875,14890.25,14694.9501953125,14710.5,457000,0.014433855260107098,0.014330678808834763,0.013679909681973908,14550.019921875,14511.00498046875,14609.014892578125,14798.81296875,13016.745986328126,57.4501953125,0.003920698835959851,476840.0,487635.0,0.9371763716714345
2021-04-29,14894.900390625,15044.349609375,14814.4501953125,14979.0,517500,0.0020418099664161193,0.002039728305535653,0.013442803155902834,14647.769921875,14550.0150390625,14628.394921875,14793.24498046875,13037.153237304687,114.4501953125,0.007699539966989677,475420.0,489460.0,1.0572876230948391
2021-04-30,14631.099609375,14855.4501953125,14601.7001953125,14747.349609375,613900,-0.017710812045177438,-0.017869525228607498,0.013050880797783307,14705.719921875,14554.97998046875,14617.694921875,14782.6009765625,13056.468486328125,-147.55078125,-0.00990612742485139,498580.0,490430.0,1.2517586607670819
2021-05-03,14634.150390625,14673.849609375,14416.25,14481.0498046875,448900,0.00020851346320172048,0.0002084917272909865,0.012847468795124509,14735.55,14556.61005859375,14614.867431640625,14768.98998046875,13075.625737304688,-150.0498046875,-0.010255538455315712,497820.0,489680.0,0.9167211239993465
2021-05-04,14496.5,14723.400390625,14461.5,14687.25,503400,-0.00940610742344028,-0.009450624224999165,0.012674348151460233,14704.2400390625,14570.3150390625,14596.324951171875,14752.6509765625,13095.071489257813,53.099609375,0.0036284723033198378,508140.0,492600.0,1.0219244823386116
2021-05-05,14617.849609375,14637.900390625,14506.599609375,14604.150390625,455900,0.0083709591539336,0.008336116981918119,0.012379774109629383,14654.9,14602.4599609375,14595.32744140625,14740.8299609375,13115.069736328125,107.650390625,0.0074259573431517956,507920.0,489910.0,0.9305790859545631
2021-05-06,14724.7998046875,14743.900390625,14611.5,14668.349609375,467800,0.0073164109749706,0.007289775876840782,0.01247054424221524,14620.8798828125,14634.32490234375,14597.392431640625,14732.946953125,13134.993984375,50.5,0.003454680500175099,497980.0,489535.0,0.9556007231352202
2021-05-07,14823.150390625,14863.0498046875,14765.5,14816.849609375,488000,0.006679247748155426,0.006657040403640492,0.012386198308637006,14659.2900390625,14682.50498046875,14597.5974609375,14729.7749609375,13154.601235351562,92.0498046875,0.00625134507147573,472800.0,513935.0,0.9495364199752887
2021-05-10,14942.349609375,14966.900390625,14892.5,14928.25,522000,0.008041422748121585,0.008009262800994111,0.012490521473203542,14720.9298828125,14728.23994140625,14601.024951171876,14735.10794921875,13174.201982421875,105.099609375,0.007090234302788357,487420.0,514295.0,1.0149816739419983
2021-05-11,14850.75,14900.0,14771.400390625,14789.7001953125,647400,-0.006130201191218876,-0.006149068019026527,0.012558275799192428,14791.7798828125,14748.0099609375,14601.819970703125,14737.966953125,13192.644482421874,-152.6494140625,-0.01021589094440181,516220.0,521460.0,1.2415142101024048
2021-05-12,14696.5,14824.0498046875,14649.7001953125,14823.5498046875,643800,-0.0103866808073666,-0.0104409988264523,0.009784348686122546,14807.5099609375,14731.20498046875,14621.10498046875,14732.256953125,13210.463984375,-27.2001953125,-0.0018315704804471155,553800.0,521140.0,1.2353686149595118
2021-05-14,14677.7998046875,14749.650390625,14591.900390625,14749.400390625,620700,-0.0012724250884564858,-0.001273235308628596,0.009365685325523964,14798.1099609375,14709.494921875,14629.75498046875,14723.86595703125,13227.775732421875,52.900390625,0.003599523058211139,584380.0,521920.0,1.1892627222562846
2021-05-17,14923.150390625,14938.0,14725.349609375,14756.25,546400,0.01671576048197254,0.016577589783995917,0.009992232465600529,14818.1099609375,14738.7,14646.839990234375,14731.74595703125,13246.420732421875,78.4501953125,0.005344819820164474,596060.0,520840.0,1.0490745718454804
2021-05-18,15108.099609375,15137.25,15043.7001953125,15067.2001953125,583900,0.012393443335275034,0.012317273309973075,0.010299818357631479,14851.2599609375,14786.094921875,14671.352490234374,14738.676953125,13266.302231445312,144.0498046875,0.009652774442184457,608440.0,521175.0,1.1203530484002495
2021-05-19,15030.150390625,15133.400390625,15008.849609375,15058.599609375,569100,-0.005159432408138875,-0.005172788238334181,0.009401452026286233,14887.1400390625,14839.4599609375,14704.8875,14740.89796875,13284.950234375,-49.5,-0.0032763882473533508,592780.0,524015.0,1.0860376134270966
2021-05-20,14906.0498046875,15069.7998046875,14884.900390625,15042.599609375,480300,-0.00825677606093067,-0.008291052039504188,0.009584799537673917,14929.05,14868.27998046875,14735.369970703125,14734.10697265625,13303.466235351563,12.44921875,0.0008282830461739859,560080.0,524660.0,0.9154500057179888
2021-05-21,15175.2998046875,15190.0,14985.849609375,14987.7998046875,572900,0.01806313567497475,0.01790193553229923,0.01016476113482566,15028.55,14913.32998046875,14773.82744140625,14735.99796875,13323.831982421874,81.75,0.005484350385995095,550520.0,527075.0,1.086942086040886
2021-05-24,15197.7001953125,15256.25,15145.4501953125,15211.349609375,579800,0.001476108604989923,0.0014750202275935762,0.01003044186191295,15083.4599609375,14950.7849609375,14816.644970703124,14741.18998046875,13344.453232421874,36.0498046875,0.0023755579890661913,557200.0,531160.0,1.0915731606295656
2021-05-25,15208.4501953125,15293.849609375,15163.400390625,15291.75,441500,0.0007073438653115716,0.0007070938155468382,0.009900505527377704,15103.530078125,14977.39501953125,14852.81748046875,14746.23498046875,13366.037485351562,94.0498046875,0.006188423477159277,528720.0,530600.0,0.8320768940821711
2021-05-26,15301.4501953125,15319.900390625,15194.9501953125,15257.0498046875,384000,0.006115021504864648,0.0060964006336564555,0.00970879643701604,15157.7900390625,15022.4650390625,14885.2375,14750.2959765625,13387.068486328126,48.599609375,0.003195566198453227,491700.0,527210.0,0.7283625120919558
2021-05-27,15337.849609375,15384.5498046875,15272.5,15323.9501953125,0,0.002378821196545866,0.0023759962804964516,0.009274590212115208,15244.15,15086.6,14908.902490234375,14753.55697265625,13408.249482421876,22.5,0.0014704488602585348,395640.0,504360.0,0.0
2021-05-28,15435.650390625,15469.650390625,15394.75,15421.2001953125,468100,0.006376433707514062,0.006356190262519319,0.009335674892690594,15296.2201171875,15162.38505859375,14935.939990234376,14761.6509765625,13429.426982421875,83.3505859375,0.005434307159104844,374680.0,501890.0,0.932674490426189
2021-05-31,15582.7998046875,15606.349609375,15374.0,15437.75,436000,0.009533088035724946,0.00948793489109113,0.008260692765051317,15373.2400390625,15228.35,14983.525,14774.71697265625,13451.270732421875,2.099609375,0.00013602338235616033,345920.0,492995.0,0.8843903082181361
2021-06-01,15574.849609375,15660.75,15528.2998046875,15629.650390625,409600,-0.0005101904286871628,-0.000510320620107419,0.008275886321253418,15446.519921875,15275.025,15030.5599609375,14788.0049609375,13472.794228515624,46.8505859375,0.0030065576484789827,339540.0,491030.0,0.834164918640409
2021-06-02,15576.2001953125,15597.4501953125,15459.849609375,15520.349609375,428600,8.67158252806366e-05,8.67120656808025e-05,0.0077747726432021574,15501.469921875,15329.62998046875,15084.544970703126,14805.10296875,13494.062729492187,-54.5,-0.003499231220004507,348460.0,487290.0,0.879558373863613
2021-06-03,15690.349609375,15705.099609375,15611.0,15655.5498046875,410200,0.0073284506253876724,0.007301728008600275,0.007744729153490407,15571.969921875,15408.0599609375,15138.169970703126,14827.75296875,13515.972475585937,79.349609375,0.0050942854085092885,430500.0,485005.0,0.8457644766548799
2021-06-04,15670.25,15733.599609375,15622.349609375,15712.5,414200,-0.001281017305247989,-0.0012818385093088212,0.00776469413290385,15618.88984375,15457.55498046875,15185.44248046875,14846.27796875,13537.821474609374,22.150390625,0.0014117206548262709,419720.0,482325.0,0.8587570621468926
2021-06-07,15751.650390625,15773.4501953125,15678.099609375,15725.099609375,394000,0.0051945814919991395,0.0051811361952536165,0.007736170796256285,15652.6599609375,15512.95,15231.86748046875,14866.58296875,13560.687724609375,54.849609375,0.0035002383098546607,411320.0,477625.0,0.8249149437320074
2021-06-08,15740.099609375,15778.7998046875,15680.0,15773.900390625,378200,-0.0007333060957773752,-0.0007335750962069031,0.007688099724023701,15685.7099609375,15566.11494140625,15271.75498046875,14885.0899609375,13583.152724609376,22.25,0.0014125503961948433,405040.0,470435.0,0.8039367819146109
2021-06-09,15635.349609375,15800.4501953125,15566.900390625,15766.2998046875,457900,-0.006654976944212576,-0.0066772200430738555,0.0077204056768661825,15697.53984375,15599.5048828125,15310.9849609375,14906.8089453125,13604.402724609376,26.2001953125,0.0016645507946401329,410900.0,460960.0,0.9933616799722319
2021-06-10,15737.75,15751.25,15648.5,15692.099609375,298300,0.0065492869160790335,0.006527933518834105,0.007126293098000043,15707.019921875,15639.494921875,15363.0474609375,14935.0659375,13626.04947265625,56.75,0.003629595846451207,388520.0,443685.0,0.6723238333502373
2021-06-11,15799.349609375,15835.5498046875,15749.7998046875,15796.4501953125,363000,0.003914130633349666,0.003906490354253145,0.007039139249394189,15732.83984375,15675.86484375,15419.124951171874,14960.90693359375,13648.485219726563,58.7001953125,0.003729897559212721,378280.0,430800.0,0.8426183844011143
2021-06-14,15811.849609375,15823.0498046875,15606.5,15791.400390625,392900,0.0007911718082738162,0.0007908589968395644,0.00635853588007432,15744.8796875,15698.76982421875,15463.559912109375,14980.24193359375,13670.686469726563,-7.94921875,-0.0005031358218241529,378060.0,423125.0,0.9285672082717873
2021-06-15,15869.25,15901.599609375,15842.400390625,15866.9501953125,323300,0.003630213545097627,0.003623640223476974,0.0059605283694547226,15770.709765625,15728.20986328125,15501.617431640625,15003.8129296875,13692.70046875,55.1005859375,0.003484765368931306,367080.0,410095.0,0.788353917994611
2021-06-16,15767.5498046875,15880.849609375,15742.599609375,15847.5,340200,-0.006408632752808119,-0.006429256198967984,0.006050630739879331,15797.1498046875,15747.34482421875,15538.48740234375,15021.81693359375,13714.176967773437,-21.75,-0.0013705751689588354,343540.0,398650.0,0.8533801580333626
2021-06-17,15691.400390625,15769.349609375,15616.75,15648.2998046875,357600,-0.0048295020472909345,-0.004841201776747716,0.005774724170626956,15787.8798828125,15747.44990234375,15577.754931640626,15042.8889453125,13734.885971679687,-119.25,-0.007563001320886802,355400.0,392515.0,0.9110479854273085
2021-06-18,15683.349609375,15761.5,15450.900390625,15756.5,640800,-0.000513069646403852,-0.0005132013116724437,0.004509772172508577,15764.6798828125,15748.75986328125,15603.157421875,15062.8859375,13755.506469726562,65.099609375,0.004148744392112668,410960.0,395910.0,1.6185496703796318
2021-06-21,15746.5,15765.150390625,15505.650390625,15525.849609375,351500,0.004026588209654625,0.0040185031994205474,0.0045403287220259336,15751.6099609375,15748.24482421875,15630.597412109375,15081.43494140625,13776.000971679687,-157.5,-0.010042497548218373,402680.0,384495.0,0.9141861402619019
2021-06-22,15772.75,15895.75,15752.099609375,15840.5,322200,0.0016670371193598932,0.0016656491552922152,0.004533405392173445,15732.3099609375,15751.50986328125,15658.81240234375,15099.4139453125,13797.927221679687,94.0,0.005969580541707681,402460.0,378530.0,0.8511874884421314
2021-06-23,15686.9501953125,15862.9501953125,15673.9501953125,15862.7998046875,287500,-0.005439749231269109,-0.005454598542621072,0.004692468984611908,15716.1900390625,15756.669921875,15678.08740234375,15116.45595703125,13819.01072265625,90.0498046875,0.005709201292577388,391920.0,373705.0,0.7693233967969387
2021-06-24,15790.4501953125,15821.400390625,15702.7001953125,15737.2998046875,316700,0.006597840798329813,0.006576170313444658,0.004838205641404149,15736.0,15761.93994140625,15700.717431640625,15146.04896484375,13840.287973632812,50.349609375,0.0032096493421675575,383740.0,389540.0,0.813010217179237
2021-06-25,15860.349609375,15870.7998046875,15772.2998046875,15839.349609375,314600,0.0044266891189239654,0.004416920149496724,0.00475295299708899,15771.4,15768.03994140625,15721.952392578125,15173.1599609375,13861.952470703125,48.8994140625,0.00309677136862229,318500.0,381865.0,0.8238513610831053
2021-06-28,15814.7001953125,15915.650390625,15792.150390625,15915.349609375,255100,-0.0028782098242977616,-0.0028823598351750412,0.004430155944209715,15785.0400390625,15768.325,15733.547412109376,15197.8249609375,13884.356723632813,55.0,0.0034677671901689787,299220.0,372820.0,0.6842444074888686
2021-06-29,15748.4501953125,15835.900390625,15724.0498046875,15807.5,360300,-0.0041891404314852165,-0.004197939462444536,0.004559642308121857,15780.180078125,15756.24501953125,15742.22744140625,15220.43697265625,13906.323725585937,-7.2001953125,-0.0004552849705386226,306840.0,370355.0,0.9728503732904915
2021-06-30,15721.5,15839.099609375,15708.75,15776.900390625,262400,-0.0017112919035373597,-0.0017127578361914226,0.0045871952809476094,15787.0900390625,15751.6400390625,15749.492431640625,15247.67796875,13928.344477539062,28.4501953125,0.0018065393711546394,301820.0,362045.0,0.7247717825132235
2021-07-01,15680.0,15755.5498046875,15667.0498046875,15755.0498046875,224900,-0.002639697229908089,-0.0026431873739428875,0.00433805280313988,15765.0,15750.5,15748.974951171875,15275.3499609375,13950.354477539062,33.5498046875,0.0021340078674108704,283460.0,352780.0,0.6375077952264868
2021-07-02,15722.2001953125,15738.349609375,15635.9501953125,15705.849609375,254800,0.002691338986766656,0.0026877238189711517,0.004368305413405972,15737.3701171875,15754.38505859375,15751.5724609375,15301.67095703125,13971.719228515625,25.849609375,0.0016485720264668368,271500.0,344810.0,0.7389576868420289
2021-07-05,15834.349609375,15845.9501953125,15762.0498046875,15793.400390625,207000,0.007133188273225066,0.007107867426692256,0.004504931295045168,15741.3,15763.17001953125,15755.707421875,15331.53095703125,13993.568725585938,71.2001953125,0.004528640675477978,261880.0,335460.0,0.6170631371847612
2021-07-06,15818.25,15914.2001953125,15801.0,15813.75,391400,-0.0010167521731027085,-0.0010172694162285671,0.004508703000602087,15755.2599609375,15767.72001953125,15759.61494140625,15358.19595703125,14015.4597265625,-20.599609375,-0.0013009444582936104,268100.0,336120.0,1.164465071998096
2021-07-07,15879.650390625,15893.5498046875,15779.7001953125,15819.599609375,329300,0.0038816171589777237,0.003874103121228537,0.00426765235398262,15786.8900390625,15786.9900390625,15771.82998046875,15382.72796875,14037.248979492188,1.349609375,8.531976514469047e-05,281480.0,329690.0,0.9988170705814553
2021-07-08,15727.900390625,15885.75,15682.900390625,15855.400390625,307900,-0.0095562557277451,-0.009602209739377547,0.004626935610696,15796.4701171875,15780.73505859375,15771.3375,15399.99498046875,14057.865732421875,-24.25,-0.0015271117060811788,298080.0,330170.0,0.9325498985371172
2021-07-09,15689.7998046875,15730.849609375,15632.75,15688.25,243200,-0.0024224839292732447,-0.0024254228908178565,0.004559748334880078,15789.9900390625,15763.680078125,15765.860009765625,15415.89296875,14078.734233398438,-39.650390625,-0.002521022491256022,295760.0,324180.0,0.7502005058917885
2021-07-12,15692.599609375,15789.2001953125,15644.75,15766.7998046875,216300,0.00017844744498685117,0.00017843152513541638,0.004553817168379864,15761.6400390625,15751.47001953125,15759.897509765626,15437.12296875,14099.67248046875,77.0,0.0049076470674275525,297620.0,315350.0,0.6859045504994451
2021-07-13,15812.349609375,15820.7998046875,15744.599609375,15794.0,246700,0.007630985495128417,0.0076020168050800795,0.00481887868839755,15760.4599609375,15757.8599609375,15757.052490234375,15460.686953125,14122.481479492188,101.400390625,0.0064616693950709,268680.0,311520.0,0.7919234720082178
2021-07-14,15853.9501953125,15877.349609375,15764.2001953125,15808.7001953125,0,0.0026308921169333477,0.00262743737830436,0.004622729227109396,15755.319921875,15771.10498046875,15761.372509765624,15487.83595703125,14145.982978515625,-3.6494140625,-0.00023079517925256947,202820.0,294510.0,0.0
2021-07-15,15924.2001953125,15952.349609375,15855.0,15872.150390625,284900,0.004431072328003882,0.0044212840314639245,0.004546808907060618,15794.5798828125,15795.525,15773.0125,15513.96296875,14169.944731445312,18.2001953125,0.0011479912001919376,198220.0,290875.0,0.9794585302965191
2021-07-16,15923.400390625,15962.25,15882.599609375,15958.349609375,276300,-5.0225736783704455e-05,-5.022699813825734e-05,0.004541235297985126,15841.3,15815.64501953125,15785.0150390625,15537.93498046875,14195.533984375,34.1494140625,0.002144497911584428,204840.0,272650.0,1.0133871263524665
2021-07-19,15752.400390625,15836.900390625,15707.5,15754.5,242100,-0.010738912280361723,-0.010796990571541962,0.0051440832845462805,15853.26015625,15807.45009765625,15785.31005859375,15556.51998046875,14219.044736328126,-168.900390625,-0.010607055432986609,210000.0,267180.0,0.9061306984055693
2021-07-20,15632.099609375,15728.4501953125,15578.5498046875,15703.9501953125,274300,-0.0076369809214345,-0.007666291987629491,0.005402578750313583,15817.21015625,15788.83505859375,15778.2775390625,15570.31498046875,14241.067485351563,-48.4501953125,-0.0030757341174069575,215520.0,264785.0,1.0359348150386163
2021-07-22,15824.0498046875,15834.7998046875,15726.400390625,15736.599609375,265300,0.012279233123449584,0.012204454864528006,0.005962319120870754,15811.230078125,15783.275,15785.13251953125,15589.7809765625,14264.075732421876,104.5,0.006684962520154904,268580.0,263675.0,1.0061628899213046
2021-07-23,15856.0498046875,15899.7998046875,15768.400390625,15856.7998046875,294100,0.002022238326785386,0.0020201963552988087,0.005799654431263236,15797.6,15796.08994140625,15788.4125,15612.97197265625,14287.118232421875,32.75,0.0020696345375694272,270420.0,262545.0,1.1201889199946675
2021-07-26,15824.4501953125,15893.349609375,15797.0,15849.2998046875,267100,-0.0019929055322251976,-0.001994894010794567,0.00573202548454188,15777.8099609375,15809.55498046875,15786.617529296875,15635.90498046875,14309.155732421876,-6.75,-0.00042570502004884644,268580.0,260170.0,1.0266364300265212
2021-07-27,15746.4501953125,15881.5498046875,15701.0,15860.5,311000,-0.004929081202650898,-0.004941269190283573,0.00580229965771045,15776.619921875,15814.9400390625,15783.205029296874,15652.3709765625,14330.371235351562,36.0498046875,0.0022781078800563088,282360.0,262965.0,1.1826668948339132
2021-07-28,15709.400390625,15767.5,15513.4501953125,15761.5498046875,318600,-0.002352898858342667,-0.0023556712745251398,0.005750153103527057,15792.080078125,15804.6451171875,15781.2525390625,15664.3969921875,14350.606235351563,15.099609375,0.0009589214831095674,291220.0,260880.0,1.2212511499540017
2021-07-29,15778.4501953125,15817.349609375,15737.7998046875,15762.7001953125,401600,0.004395444954646832,0.0043858132000563635,0.005822244037986738,15782.96015625,15797.0951171875,15784.100048828124,15679.36298828125,14370.80423828125,53.2998046875,0.0033928605396873115,318480.0,267840.0,1.4994026284348865
2021-07-30,15763.0498046875,15862.7998046875,15744.849609375,15800.599609375,400000,-0.000976039499086867,-0.000976516135808173,0.005791386791779103,15764.36015625,15780.980078125,15788.2525390625,15696.50298828125,14390.446489257813,22.1494140625,0.0014037762763975516,339660.0,276595.0,1.446157739655453
2021-08-02,15885.150390625,15892.900390625,15834.650390625,15874.900390625,244800,0.007746000136419795,0.007716153904229494,0.006008376648905659,15776.5001953125,15777.155078125,15796.400048828125,15710.7,14410.301240234376,111.8505859375,0.007095745260174125,335200.0,276095.0,0.8866513337800395
2021-08-03,16130.75,16146.900390625,15914.349609375,15951.5498046875,341300,0.015460955882416139,0.015342653128218075,0.006734545076062109,15853.36015625,15814.9900390625,15811.220068359375,15729.36099609375,14431.300239257813,66.3994140625,0.004179967606834065,341260.0,282810.0,1.206817297832467
2021-08-04,16258.7998046875,16290.2001953125,16176.150390625,16195.25,427300,0.007938242467802281,0.007906900379200192,0.006892786794337678,15963.2400390625,15877.66005859375,15833.24755859375,15750.36798828125,14452.92173828125,64.5,0.003998574151852828,363000.0,284605.0,1.5013791043727271
2021-08-05,16294.599609375,16349.4501953125,16210.2998046875,16288.9501953125,418200,0.0022018725316477195,0.002199451962862978,0.006871118029070348,16066.469921875,15924.7150390625,15853.99501953125,15770.2309765625,14474.539487304688,30.150390625,0.0018544044448045593,366320.0,289050.0,1.446808510638298
2021-08-06,16238.2001953125,16336.75,16223.2998046875,16304.400390625,320100,-0.003461233501561467,-0.0034672374282357825,0.006488160716552065,16161.5,15962.930078125,15879.510009765625,15788.23798828125,14497.328740234376,9.80078125,0.0006014741991181655,350340.0,289660.0,1.105088724711731
2021-08-09,16258.25,16320.75,16179.0498046875,16281.349609375,240500,0.0012347307242392969,0.0012339690711517842,0.006419472640063319,16236.119921875,16006.31005859375,15907.93251953125,15804.68998046875,14519.807739257812,43.1494140625,0.0026572781184799033,349480.0,289525.0,0.8306709265175719
2021-08-10,16280.099609375,16359.25,16202.25,16274.7998046875,288000,0.0013439090538649445,0.0013430068163520583,0.006409254173314524,16265.98984375,16059.675,15937.30751953125,15818.6359765625,14541.84298828125,16.5498046875,0.001017932722617748,338820.0,293110.0,0.9825662720480366
2021-08-11,16282.25,16338.75,16162.5498046875,16327.2998046875,277900,0.00013208706805212245,0.00013207834532344713,0.006271678004903239,16270.6798828125,16116.9599609375,15960.8025390625,15832.783984375,14563.770239257812,47.2001953125,0.0028992571572055655,308940.0,294670.0,0.9430888790850782
2021-08-12,16364.400390625,16375.5,16286.900390625,16303.650390625,280200,0.005045395484346349,0.005032710127087298,0.006317986129523686,16284.6400390625,16175.55498046875,15986.325048828125,15848.54798828125,14585.903989257813,21.400390625,0.00131433865866204,281340.0,308680.0,0.9077361669042374
2021-08-13,16529.099609375,16543.599609375,16376.2998046875,16385.69921875,321900,0.010064482340847336,0.010014172717061967,0.006571130697928555,16342.819921875,16252.1599609375,16016.57001953125,15865.32298828125,14609.067236328125,21.298828125,0.0013015342827471933,281700.0,310530.0,1.0366148198241716
2021-08-16,16563.05078125,16589.400390625,16480.75,16518.400390625,254000,0.002054024277023725,0.0020519176533692787,0.006555319070648074,16403.780078125,16319.95,16048.5525390625,15883.17900390625,14632.2307421875,-10.69921875,-0.0006472959207004598,284400.0,309415.0,0.8209039639319361
2021-08-17,16614.599609375,16628.55078125,16495.400390625,16545.25,297400,0.0031122785775283823,0.0031074454639570138,0.005831272974772801,16470.680078125,16368.3349609375,16091.6625,15900.43798828125,14656.464990234375,-17.80078125,-0.0010747284111542518,286280.0,312180.0,0.9526555192517138
2021-08-18,16568.849609375,16701.849609375,16535.849609375,16691.94921875,251800,-0.00275360231817956,-0.002757400455017452,0.005467236340410252,16528.0,16399.33994140625,16138.5,15917.01298828125,14679.862236328125,77.349609375,0.004655520517711092,281060.0,311055.0,0.8095031425310636
2021-08-20,16450.5,16509.55078125,16376.0498046875,16382.5,350800,-0.007142898400624986,-0.007168531033199722,0.0054437276134052534,16545.219921875,16414.92998046875,16169.822509765625,15933.31599609375,14703.46673828125,-186.349609375,-0.0112469853833159,295180.0,315330.0,1.1124853328259283
2021-08-23,16496.44921875,16592.5,16395.69921875,16592.25,275600,0.0027931806783987323,0.002789286998064274,0.005446941339947716,16538.68984375,16440.7548828125,16201.84248046875,15948.48998046875,14727.594985351563,141.75,0.008616759369016139,285920.0,314405.0,0.8765763903245813
2021-08-24,16624.599609375,16647.099609375,16495.30078125,16561.400390625,275400,0.007768362083601765,0.007738343720985011,0.0055077209884294535,16550.999609375,16477.38984375,16241.849951171875,15964.99498046875,14752.505981445312,64.951171875,0.00393728195769402,290200.0,314820.0,0.8747855917667239
2021-08-25,16634.650390625,16712.44921875,16617.5,16654.0,265900,0.0006045728309951315,0.0006043901504665573,0.005248633284295887,16555.009765625,16512.844921875,16286.2599609375,15981.45099609375,14777.333481445312,29.400390625,0.001768487140491518,283900.0,312565.0,0.8507030537648169
2021-08-26,16636.900390625,16683.69921875,16603.400390625,16627.94921875,253500,0.00013525983096518424,0.00013525068417903375,0.005149607287602794,16568.619921875,16548.3099609375,16332.6349609375,15996.80400390625,14801.450483398437,-6.701171875,-0.0004028441667025755,284240.0,309310.0,0.8195661310659209
2021-08-27,16705.19921875,16722.05078125,16565.599609375,16642.55078125,217400,0.004105261588480014,0.004096857993577663,0.005145534327808487,16619.559765625,16582.38984375,16378.972412109375,16015.5569921875,14825.433979492187,5.650390625,0.0003396300087355233,257560.0,300100.0,0.7244251916027991
2021-08-30,16931.05078125,16951.5,16764.849609375,16775.849609375,283500,0.013519836521704187,0.013429259014094868,0.005577985422232325,16706.480078125,16622.5849609375,16437.3724609375,16040.35,14849.487734375,70.650390625,0.004229245619872743,259140.0,294275.0,0.963384589244754
2021-08-31,17132.19921875,17153.5,16915.849609375,16947.5,464400,0.011880446175423387,0.011810427696351353,0.005811633144637749,16808.0,16679.4998046875,16499.72490234375,16069.3269921875,14873.830981445313,16.44921875,0.0009715415163845828,296940.0,305255.0,1.521351001621595
2021-09-01,17076.25,17225.75,17055.05078125,17185.599609375,301900,-0.00326573477436376,-0.0032710789243950112,0.005322288688009023,16896.319921875,16725.66484375,16546.99990234375,16095.9219921875,14896.906982421875,53.400390625,0.0031169606390379226,304140.0,303285.0,0.9954333382791763
2021-09-02,17234.150390625,17245.5,17059.69921875,17095.400390625,242400,0.009246783727399066,0.009204293951085803,0.005395469691371961,17015.769921875,16792.194921875,16595.767431640626,16125.15,14919.922236328124,19.150390625,0.0011214634726593954,301920.0,294040.0,0.8243776356958237
2021-09-03,17323.599609375,17340.099609375,17212.19921875,17262.44921875,261400,0.005190230833697296,0.005176808010644206,0.005415557744276552,17139.45,16879.5048828125,16647.217431640624,16157.88298828125,14942.794482421876,28.298828125,0.001642020493240789,310720.0,286200.0,0.9133473095737247
2021-09-06,17377.80078125,17429.55078125,17345.55078125,17399.349609375,228000,0.0031287476677577253,0.003123863322045117,0.005192481595691564,17228.8,16967.6400390625,16704.1974609375,16189.63,14966.229487304687,75.75,0.004372647816162088,299620.0,281595.0,0.8096734672135514
2021-09-07,17362.099609375,17436.5,17287.0,17401.55078125,243400,-0.0009035189246697772,-0.0009039273439216094,0.005261183152088885,17274.780078125,17041.3900390625,16759.38994140625,16219.665,14989.440234375,23.75,0.0013666861704172237,255420.0,281740.0,0.8639170866756584
2021-09-08,17353.5,17383.400390625,17254.19921875,17375.75,252700,-0.0004953092983268625,-0.0004954320044973781,0.005313046159096615,17330.230078125,17113.275,16813.0599609375,16250.44099609375,15011.836733398437,13.650390625,0.0007862177347277289,245580.0,279975.0,0.9025805875524601
2021-09-09,17369.25,17379.650390625,17302.69921875,17312.849609375,241500,0.0009075978909154347,0.0009071862729865194,0.005292182042807557,17357.25,17186.5099609375,16867.4099609375,16282.8569921875,15033.991733398438,-40.650390625,-0.0023424894473737285,245400.0,278155.0,0.868220955941831
2021-09-13,17355.30078125,17378.349609375,17269.150390625,17363.55078125,241100,-0.000803098507419775,-0.0008034211637875494,0.005349017868505521,17363.590234375,17251.5201171875,16916.95498046875,16315.5330078125,15056.909736328125,-5.69921875,-0.0003281211767923198,241340.0,276200.0,0.8729181752353367
2021-09-14,17380.0,17438.55078125,17367.05078125,17420.349609375,230400,0.001423151293159064,0.0014221395731308123,0.005087324663728683,17364.030078125,17296.4150390625,16959.5,16349.5330078125,15079.514487304688,65.048828125,0.003748066884284498,241820.0,271625.0,0.8482282558674643
2021-09-15,17519.44921875,17532.69921875,17386.900390625,17387.650390625,388200,0.00802354538262362,0.007991527890878581,0.0052313008871251905,17395.5,17335.1400390625,17007.319921875,16385.47798828125,15102.479482421875,7.650390625,0.00044018358026467206,270780.0,278335.0,1.3947221872922917
2021-09-16,17629.5,17644.599609375,17510.44921875,17539.19921875,503300,0.006281634763507293,0.006261987530756848,0.005288194988028174,17450.7,17390.4650390625,17058.06494140625,16421.38099609375,15125.35123046875,19.75,0.0011273185448582926,320900.0,288630.0,1.7437549804247652
2021-09-17,17585.150390625,17792.94921875,17537.650390625,17709.650390625,508300,-0.002515647600612625,-0.002518817158814708,0.005274861817074743,17493.880078125,17425.5650390625,17108.87998046875,16456.71900390625,15148.98498046875,80.150390625,0.00454637911597039,374260.0,301455.0,1.6861554792589275
2021-09-20,17396.900390625,17622.75,17361.80078125,17443.849609375,339100,-0.010705054879733056,-0.01076276621795277,0.005679756204587927,17502.2,17432.8951171875,17156.2,16487.06400390625,15171.034482421876,-141.30078125,-0.008035233029643598,393860.0,300870.0,1.1270648452820156
2021-09-21,17562.0,17578.349609375,17326.099609375,17450.5,363600,0.00949017386246398,0.009445425055689747,0.0058724799964326975,17538.6,17451.3150390625,17209.4775390625,16523.74599609375,15193.999731445312,53.599609375,0.0030809861625628577,420500.0,305270.0,1.1910767517279786
2021-09-22,17546.650390625,17610.44921875,17524.0,17580.900390625,295200,-0.0008740239935656202,-0.0008744061752431491,0.005832658794505969,17544.040234375,17469.7701171875,17255.580078125,16560.8830078125,15216.187734375,18.900390625,0.0010762094650381506,401900.0,306260.0,0.9638868934891922
2021-09-23,17822.94921875,17843.900390625,17646.55078125,17670.849609375,320500,0.015746528367181822,0.01562383807742847,0.006489537358176963,17582.730078125,17516.7150390625,17314.99501953125,16603.49,15239.73373046875,124.19921875,0.00707822951874384,365340.0,308990.0,1.0372503964529596
2021-09-24,17853.19921875,17947.650390625,17819.400390625,17897.44921875,360100,0.0016972499684944076,0.0016958112674268218,0.006456533703257609,17636.33984375,17565.1099609375,17375.8099609375,16644.3069921875,15263.330224609375,74.5,0.004180004054639,335700.0,314320.0,1.1456477475184526
2021-09-27,17855.099609375,17943.5,17802.900390625,17932.19921875,295700,0.00010644538279747096,0.00010643971788971012,0.006500329784669391,17727.9796875,17615.08984375,17433.30498046875,16684.32998046875,15286.312973632812,79.0,0.004424977228564821,327020.0,318235.0,0.929187550080915
2021-09-28,17748.599609375,17912.849609375,17576.099609375,17906.44921875,398000,-0.0059646824901542495,-0.005982542262753364,0.0063550341194942815,17765.299609375,17651.9498046875,17474.182421875,16720.81796875,15308.277221679688,51.349609375,0.0028759071916931995,333900.0,323960.0,1.2285467341647116
2021-09-29,17711.30078125,17781.75,17608.150390625,17657.94921875,562200,-0.0021015082285871234,-0.002103719495544819,0.006014837179101525,17798.2296875,17671.1349609375,17503.1375,16756.5759765625,15329.868974609375,-90.650390625,-0.005107467215448226,387300.0,328850.0,1.7095940398357914
2021-09-30,17618.150390625,17742.150390625,17585.349609375,17718.900390625,378600,-0.005259376020738893,-0.005273255224157625,0.00611678308063963,17757.269921875,17670.0,17530.23251953125,16793.8909765625,15350.314228515625,7.599609375,0.0004290825088942816,398920.0,332685.0,1.1380134361332792
2021-10-01,17532.05078125,17557.150390625,17452.900390625,17531.900390625,305800,-0.004886983449795879,-0.004898963801205104,0.005999859147478047,17693.040234375,17664.6900390625,17545.1275390625,16831.89,15370.582983398437,-86.25,-0.004895519568608944,388060.0,335855.0,0.9105119768947909
2021-10-04,17691.25,17750.900390625,17581.349609375,17615.55078125,295800,0.009080467581137563,0.009039488024266832,0.006206639384880463,17660.2703125,17694.125,17563.51005859375,16869.23400390625,15391.469985351563,83.5,0.004762705803322264,388080.0,337575.0,0.8762497222839369
2021-10-05,17822.30078125,17833.44921875,17640.900390625,17661.349609375,427000,0.007407660919946268,0.007380358946066971,0.006353396315553772,17675.010546875,17720.155078125,17585.73505859375,16908.5590234375,15412.790737304687,-29.900390625,-0.001690123118773405,393880.0,347525.0,1.22868858355514
2021-10-06,17646.0,17884.599609375,17613.150390625,17861.5,395800,-0.009892144870289554,-0.009941397212065623,0.006817184981504654,17661.950390625,17730.0900390625,17599.930078125,16944.99001953125,15433.181489257813,39.19921875,0.0021994477161579296,360600.0,355145.0,1.1144743696236747
2021-10-07,17790.349609375,17857.55078125,17763.80078125,17810.55078125,419900,0.008180302016037588,0.00814702470131476,0.007001712540832459,17696.390234375,17726.830078125,17621.77255859375,16985.8680078125,15453.719736328125,164.55078125,0.009325103777059958,368860.0,363505.0,1.1551422951541244
2021-10-08,17895.19921875,17941.849609375,17840.349609375,17886.849609375,324100,0.005893622760496431,0.005876323303578524,0.007076603118020529,17769.019921875,17731.030078125,17648.07001953125,17029.583984375,15474.492231445312,96.5,0.005424289129717119,372520.0,367635.0,0.88158091585404
2021-10-11,17945.94921875,18041.94921875,17839.099609375,17867.55078125,375800,0.0028359561343596074,0.0028319423974920437,0.007060590573943565,17819.959765625,17740.1150390625,17677.60244140625,17072.93396484375,15495.419228515624,-27.6484375,-0.0015450198213513532,388520.0,374370.0,1.0038197505141973
2021-10-12,17991.94921875,18008.650390625,17864.94921875,17915.80078125,355600,0.0025632525445875576,0.002559973015762186,0.0070628536808130015,17853.889453125,17764.45,17708.19990234375,17117.511953125,15518.73697265625,-30.1484375,-0.001679957807330737,374240.0,380630.0,0.9342406011086882
2021-10-13,18161.75,18197.80078125,18050.75,18097.849609375,506700,0.00943759784921161,0.00939334195098345,0.007135606648238539,17957.039453125,17809.494921875,17740.31494140625,17163.0439453125,15542.214223632813,105.900390625,0.005885987634660381,396420.0,386555.0,1.3108095872514907
2021-10-14,18338.55078125,18350.75,18248.69921875,18272.849609375,538700,0.009734787740718787,0.009687709975996201,0.007289214396376997,18066.6796875,17881.5349609375,17775.76748046875,17207.1999609375,15565.901479492188,111.099609375,0.00611723040868859,420180.0,388325.0,1.387240069529389
2021-10-18,18477.05078125,18543.150390625,18445.30078125,18500.099609375,469900,0.007552396132719963,0.007524019573498294,0.007308666763068777,18183.05,17976.0349609375,17820.3625,17251.56498046875,15589.540483398438,161.548828125,0.008809247254705284,449340.0,386405.0,1.2160815724434209
2021-10-19,18418.75,18604.44921875,18377.69921875,18602.349609375,368200,-0.003155307734996393,-0.0031602962146704853,0.0067654014218171184,18277.61015625,18048.7849609375,17871.45498046875,17294.04798828125,15612.268232421875,125.298828125,0.006781321846674242,447820.0,387860.0,0.9493116072809776
2021-10-20,18266.599609375,18458.30078125,18209.349609375,18439.900390625,371300,-0.008260625212080042,-0.008294933244362599,0.00701237100410362,18332.540234375,18093.21484375,17906.6849609375,17334.6159765625,15633.938232421875,21.150390625,0.0011483076009501188,450960.0,388245.0,0.9563548790068127
2021-10-21,18178.099609375,18384.19921875,18048.0,18382.69921875,365900,-0.004844908296702255,-0.004856682911584848,0.007152603728193188,18335.81015625,18146.4248046875,17938.257421875,17373.01296875,15654.918979492188,116.099609375,0.0063558413638964304,422800.0,391780.0,0.9339425187605289
2021-10-22,18114.900390625,18314.25,18034.349609375,18230.69921875,324700,-0.003476668084567369,-0.0034827257394313984,0.006434477748769574,18291.080078125,18178.8798828125,17952.85498046875,17409.708984375,15675.584731445313,52.599609375,0.0028935703129205417,380000.0,391990.0,0.8283374575882038
2021-10-25,18125.400390625,18241.400390625,17968.5,18229.5,418700,0.000579633328010587,0.0005794654054989729,0.006431423654519704,18220.75,18201.9,17966.4650390625,17446.5719921875,15696.119233398438,114.599609375,0.006326262187691008,369760.0,394920.0,1.0602147270333233
2021-10-26,18268.400390625,18310.44921875,18099.30078125,18154.5,341400,0.007889480889700096,0.00785852166355233,0.006621407864033318,18190.680078125,18234.1451171875,17987.130078125,17484.6519921875,15716.796733398438,29.099609375,0.0016054602242084092,364400.0,397205.0,0.8595057967548243
2021-10-27,18210.94921875,18342.05078125,18167.900390625,18295.849609375,335200,-0.0031448386638428527,-0.0031497940609639214,0.006490312246913306,18179.55,18256.0451171875,18010.24755859375,17518.288984375,15736.853979492187,27.44921875,0.0015025518470728517,357180.0,394065.0,0.8506210904292439
2021-10-28,17857.25,18190.69921875,17799.44921875,18187.650390625,374200,-0.0194223384240636,-0.019613430387588483,0.007958555204092051,18115.380078125,18225.5951171875,18017.54501953125,17544.17296875,15755.408979492187,-23.298828125,-0.0012793857061010041,358840.0,384665.0,0.9727945095082734
2021-10-29,17671.650390625,17915.849609375,17613.099609375,17833.05078125,336500,-0.010393515763905459,-0.010447905544470225,0.008230251544175818,18026.730078125,18158.905078125,18020.22001953125,17565.313984375,15773.080483398437,-24.19921875,-0.0013551481191112853,361200.0,382560.0,0.8796005855290673
2021-11-01,17929.650390625,17954.099609375,17697.099609375,17783.150390625,281200,0.014599655057507821,0.014494106171593095,0.008736245690029247,17987.580078125,18104.1650390625,18040.1,17592.53,15790.992485351562,111.5,0.006309540848496637,333700.0,381330.0,0.737419033383159
2021-11-02,17888.94921875,18012.25,17847.599609375,17970.900390625,296400,-0.002270048271341696,-0.002272628736845954,0.008561440997981777,17911.68984375,18051.1849609375,18049.9849609375,17621.298984375,15808.013481445312,41.25,0.002300658356482437,324700.0,381360.0,0.777218376337319
2021-11-03,17829.19921875,17988.75,17757.94921875,17947.94921875,331000,-0.0033400508475575075,-0.003345641269055336,0.008447582320662343,17835.33984375,18007.444921875,18050.3298828125,17647.953984375,15824.3422265625,59.0,0.003298125523111226,323860.0,376560.0,0.879009985128532
2021-11-04,17916.80078125,17947.55078125,17900.599609375,17935.05078125,48500,0.004913376165984751,0.0049013449265533065,0.008174476437264688,17847.25,17981.3150390625,18063.869921875,17673.7980078125,15841.101982421875,105.8515625,0.005936977942827722,258720.0,359195.0,0.13502415122704936
2021-11-08,18068.55078125,18087.80078125,17836.099609375,18040.19921875,338900,0.008469704042186388,0.008434037348294714,0.008188484408722493,17926.630078125,17976.680078125,18077.77998046875,17702.476015625,15858.46673828125,123.3984375,0.006887303096495717,259200.0,355145.0,0.9542581199228484
2021-11-09,18044.25,18112.599609375,17983.05078125,18084.349609375,270200,-0.001344921435271762,-0.0013458266538282125,0.008111482399765318,17949.55,17968.5650390625,18085.23251953125,17730.6230078125,15876.519487304688,15.798828125,0.0008743826948974057,257000.0,352450.0,0.7666335650446872
2021-11-10,18017.19921875,18061.25,17915.0,17973.44921875,261400,-0.0014991358050348014,-0.0015002606334366785,0.008102176231829827,17975.2,17943.444921875,18088.79501953125,17756.8630078125,15895.198984375,-70.80078125,-0.003923730897654377,250000.0,346730.0,0.7539007296743864
2021-11-11,17873.599609375,17971.349609375,17798.19921875,17967.44921875,232100,-0.007970140510272006,-0.00800207185820445,0.008282821196353849,17984.080078125,17909.7099609375,18082.8775390625,17775.713984375,15911.96123046875,-49.75,-0.0027612504804979095,230220.0,340555.0,0.6815345538899737
2021-11-12,18102.75,18123.0,17905.900390625,17977.599609375,249100,0.012820606684330382,0.012739118453093435,0.008523146101680585,18021.269921875,17934.2599609375,18079.9275390625,17795.125,15929.251479492188,104.0,0.005818637670805285,270340.0,327675.0,0.7602044708934157
2021-11-15,18109.44921875,18210.150390625,18071.30078125,18140.94921875,280400,0.0003700663573213969,0.00036999789965571825,0.008204049963626352,18029.449609375,17978.03984375,18068.4724609375,17815.788984375,15946.846977539062,38.19921875,0.0021101334741959092,258640.0,314760.0,0.8908374634642268
2021-11-16,17999.19921875,18132.650390625,17958.80078125,18127.05078125,267400,-0.006087981951756416,-0.006106589273008452,0.008056623463027414,18020.439453125,17984.9947265625,18044.5798828125,17831.0899609375,15964.983471679687,17.6015625,0.0009719546015665596,258080.0,304635.0,0.8777717596467904
2021-11-17,17898.650390625,18022.650390625,17879.25,17939.349609375,295700,-0.005586294529162039,-0.005601956226916921,0.008104625543343305,17996.7296875,17985.96484375,18018.57490234375,17842.5909765625,15983.282221679687,-59.849609375,-0.003325126226318662,264940.0,301010.0,0.9823593900534866
2021-11-18,17764.80078125,17945.599609375,17688.5,17890.55078125,278400,-0.007478195643460861,-0.007506297537132803,0.008071586749408643,17974.969921875,17979.525,17993.4849609375,17850.3309765625,16002.268725585938,-8.099609375,-0.00045252626305514263,274200.0,296365.0,0.939382180756837
2021-11-22,17416.55078125,17805.25,17280.44921875,17796.25,356400,-0.019603372100156835,-0.01979806684873854,0.009025171795504279,17837.730078125,17929.5,17955.40751953125,17851.42,16020.26373046875,31.44921875,0.001770310803777396,295660.0,295890.0,1.2045016729189901
2021-11-23,17503.349609375,17553.69921875,17216.099609375,17281.75,308800,0.004983697932798847,0.004971320417088634,0.009154533810043521,17716.51015625,17872.9798828125,17924.82998046875,17854.4169921875,16039.60748046875,-134.80078125,-0.007739809273551536,301340.0,295095.0,1.046442671004253
2021-11-24,17415.05078125,17600.599609375,17354.0,17550.05078125,298100,-0.0050446817378146935,-0.005057449101021469,0.009167981511163579,17599.68046875,17810.0599609375,17889.3125,17855.3330078125,16055.276733398438,46.701171875,0.002668127696540227,307480.0,289065.0,1.031255945894522
2021-11-25,17536.25,17564.349609375,17351.69921875,17417.30078125,255900,0.006959452503032093,0.006935347288237329,0.009117630711766602,17527.200390625,17761.9650390625,17852.70498046875,17858.9519921875,16069.718735351562,2.25,0.000129198589671784,299520.0,284790.0,0.8985568313494153
2021-11-26,17026.44921875,17355.400390625,16985.69921875,17338.75,356300,-0.029071254187753914,-0.029502195657113865,0.01094783569606691,17379.530078125,17677.25,17793.47998046875,17851.8809765625,16080.90123046875,-197.5,-0.011262385059519566,315100.0,285845.0,1.246479735520999
2021-11-29,17053.94921875,17160.69921875,16782.400390625,17055.80078125,348900,0.0016151341742889347,0.0016138312478338214,0.010309263264281467,17307.009765625,17572.369921875,17753.31494140625,17842.5709765625,16091.692724609375,29.3515625,0.0017238804240920205,313600.0,284580.0,1.2260172886358844
2021-11-30,16983.19921875,17324.650390625,16931.400390625,17051.150390625,498000,-0.004148599194972014,-0.0041572285072535705,0.01014279329731503,17202.9796875,17459.744921875,17718.8923828125,17829.6449609375,16101.987470703125,-2.798828125,-0.0001641161287101068,351440.0,292655.0,1.7016623669508466
2021-12-01,17166.900390625,17213.05078125,17064.25,17104.400390625,295500,0.01081664117042136,0.010758559762450211,0.00984922632530546,17153.349609375,17376.5150390625,17680.7548828125,17821.2799609375,16112.242973632812,121.201171875,0.007136533600877154,350920.0,293370.0,1.0072604560793537
2021-12-02,17401.650390625,17420.349609375,17149.30078125,17183.19921875,279900,0.013674571102433752,0.013581917861660867,0.010463031175646278,17126.4296875,17326.8150390625,17656.38994140625,17821.3749609375,16123.7047265625,16.298828125,0.0009494333720198515,355720.0,292545.0,0.9567758806337486
2021-12-03,17196.69921875,17489.80078125,17180.80078125,17424.900390625,292500,-0.01177768586739425,-0.011847592241934006,0.010715509132081984,17160.4796875,17270.0048828125,17624.76494140625,17814.0689453125,16134.15572265625,23.25,0.0013360801692996747,342960.0,290620.0,1.0064689284976946
2021-12-06,16912.25,17216.75,16891.69921875,17209.05078125,231700,-0.01654091957599968,-0.016679248094838027,0.011081042453143213,17132.13984375,17219.5748046875,17574.53740234375,17801.3809375,16142.850473632812,12.3515625,0.000718251935611735,319520.0,299780.0,0.7729001267596237
2021-12-07,17176.69921875,17251.650390625,16987.75,17044.099609375,254100,0.015636548581649423,0.015515557382479443,0.011570493686536204,17170.83984375,17186.909765625,17529.94482421875,17788.4559375,16152.917470703125,131.849609375,0.007796101014057858,270740.0,295540.0,0.8597820937944103
2021-12-08,17469.75,17484.599609375,17308.94921875,17315.25,257800,0.017060948527881648,0.016917044993306308,0.012368627814641577,17231.409765625,17192.3796875,17501.21982421875,17780.786953125,16163.692719726563,138.55078125,0.00806620524033853,263200.0,294920.0,0.8741353587413536
2021-12-09,17516.849609375,17543.25,17379.599609375,17524.400390625,237200,0.002696066593683266,0.002692438725331353,0.012404940327635554,17254.449609375,17190.4396484375,17476.20234375,17774.021953125,16174.709716796875,54.650390625,0.0031282869316962177,254660.0,293710.0,0.8075993326750877
2021-12-10,17511.30078125,17534.349609375,17405.25,17476.05078125,204500,-0.00031677089480919296,-0.00031682107730694167,0.012307106440982997,17317.369921875,17238.9248046875,17458.08740234375,17769.2759765625,16186.22171875,-40.798828125,-0.0023291190502180547,237060.0,292330.0,0.6995518763041768
2021-12-13,17368.25,17639.5,17355.94921875,17619.099609375,256600,-0.008169055116863166,-0.0082026046847206,0.011960996129291933,17408.569921875,17270.3548828125,17421.36240234375,17762.4149609375,16197.468217773438,107.798828125,0.006155957771019741,242040.0,292705.0,0.8766505526041578
2021-12-14,17324.900390625,17376.19921875,17225.80078125,17283.19921875,271000,-0.002495911181322197,-0.0024990311601760175,0.011948260858088755,17438.21015625,17304.525,17382.1349609375,17756.5499609375,16209.183969726562,-85.05078125,-0.004896911390036417,245420.0,292235.0,0.9273358769483464
2021-12-15,17221.400390625,17351.19921875,17192.19921875,17323.650390625,215000,-0.005974060321640162,-0.005991976410169169,0.01194630862609593,17388.540234375,17309.975,17343.24501953125,17750.336953125,16221.912470703124,-1.25,-7.215048697632979e-05,236860.0,289615.0,0.7423648636983582
2021-12-16,17248.400390625,17379.349609375,17184.94921875,17373.0,219500,0.0015678167505297491,0.0015665890089298405,0.011944735591567886,17334.850390625,17294.65,17310.73251953125,17741.4799609375,16234.615473632812,151.599609375,0.008802978035254783,233320.0,285805.0,0.7680061580448208
2021-12-17,16985.19921875,17298.150390625,16966.44921875,17276.0,354600,-0.01525945397337003,-0.015377077556357827,0.012262584971094271,17229.630078125,17273.5,17271.75244140625,17724.7379296875,16244.631469726562,27.599609375,0.001600125736297331,263340.0,289615.0,1.2243840961276178
2021-12-20,16614.19921875,16840.099609375,16410.19921875,16824.25,330600,-0.021842546279377872,-0.022084626281366433,0.012439086895696538,17078.819921875,17243.694921875,17231.63486328125,17704.1019140625,16252.215717773437,-160.94921875,-0.00947585110290186,278140.0,288325.0,1.1466227347611202
2021-12-21,16770.849609375,16936.400390625,16688.25,16773.150390625,241000,0.00942870544420904,0.009384532645495392,0.012614203995248782,16968.009765625,17203.1099609375,17195.00986328125,17683.7119140625,16263.424213867187,158.951171875,0.00956718826963476,272140.0,284935.0,0.845806938424553
2021-12-22,16955.44921875,16971.0,16819.5,16865.55078125,207900,0.011007170994593363,0.010947032985081793,0.012921178551899599,16914.81953125,17151.6798828125,17172.02978515625,17664.9169140625,16274.3937109375,94.701171875,0.005646772470135414,270720.0,280425.0,0.741374699117411
2021-12-23,17072.599609375,17118.650390625,17015.55078125,17066.80078125,197000,0.006909306212627531,0.006885546336514033,0.012919505086696467,16879.659375,17107.2548828125,17148.847265625,17647.449921875,16285.1612109375,111.3515625,0.006567302409001531,266220.0,277480.0,0.7099610782759118
2021-12-24,17003.75,17155.599609375,16909.599609375,17149.5,182600,-0.004032754879180422,-0.0040409083631890875,0.011178440040993033,16883.36953125,17056.4998046875,17147.7123046875,17627.6859375,16293.951962890626,76.900390625,0.004504316412526422,231820.0,268795.0,0.6793281125020927
2021-12-27,17086.25,17112.05078125,16833.19921875,16937.75,144800,0.004851870910828504,0.004840138519222991,0.011226491147817548,16977.7796875,17028.2998046875,17149.32734375,17606.1759375,16303.979462890626,-66.0,-0.003881496728662795,194660.0,258590.0,0.5599597818941181
2021-12-28,17233.25,17250.25,17161.150390625,17177.599609375,176000,0.008603409174043453,0.008566610759914585,0.011330866727582283,17070.259765625,17019.134765625,17161.8298828125,17584.069921875,16315.45521484375,91.349609375,0.005346381410490892,181660.0,242490.0,0.7258031259020991
2021-12-29,17213.599609375,17285.94921875,17176.650390625,17220.099609375,161700,-0.0011402602889762914,-0.00114091088034896,0.011086926297552775,17121.88984375,17018.3546875,17164.16484375,17558.8008984375,16326.742211914063,-13.150390625,-0.0007630824496249981,172420.0,235800.0,0.6857506361323156
2021-12-30,17203.94921875,17264.05078125,17146.349609375,17201.44921875,320800,-0.0005606259494814747,-0.0005607831589689821,0.010623212765997229,17148.159765625,17013.9095703125,17154.27978515625,17534.5048828125,16337.269956054688,-12.150390625,-0.0007058599537997016,197180.0,237845.0,1.3487775652210474
2021-12-31,17354.05078125,17400.80078125,17238.5,17244.5,167000,0.008724831757606522,0.008686990360265219,0.010467513405377203,17218.219921875,17050.7947265625,17162.14736328125,17516.25390625,16348.1662109375,40.55078125,0.0023570623659947263,194060.0,231570.0,0.7211642267996718
2022-01-03,17625.69921875,17646.650390625,17383.30078125,17387.150390625,200500,0.015653315812207858,0.015532066331647875,0.010179229862583806,17326.109765625,17151.9447265625,17197.81982421875,17505.2058984375,16361.139956054687,33.099609375,0.0019073131565779512,205200.0,230010.0,0.8717012303812878
2022-01-04,17805.25,17827.599609375,17593.55078125,17681.400390625,247400,0.01018687423526421,0.01013533773365083,0.00986642920690276,17440.509765625,17255.384765625,17229.24736328125,17499.012890625,16375.518706054687,55.701171875,0.00316022480491133,219480.0,229675.0,1.0771742679873735
2022-01-05,17925.25,17944.69921875,17748.849609375,17820.099609375,251500,0.0067395852346920915,0.006716975758933995,0.009281238205912801,17582.83984375,17352.36484375,17252.02236328125,17495.0098828125,16390.592705078125,14.849609375,0.0008340017340391177,237440.0,229360.0,1.096529473317056
2022-01-06,17745.900390625,17797.94921875,17655.55078125,17768.5,236500,-0.010005417462796928,-0.01005580805311726,0.009611442950053253,17691.230078125,17419.694921875,17263.47490234375,17484.5598828125,16405.715708007814,-156.75,-0.008744647912860351,220580.0,229325.0,1.0312874741087976
2022-01-07,17812.69921875,17905.0,17704.55078125,17797.599609375,239300,0.003764183651131514,0.0037571168401497185,0.009632156004146278,17782.959765625,17500.58984375,17278.54482421875,17476.5948828125,16421.989956054687,51.69921875,0.0029133049105421684,235040.0,231065.0,1.0356393222686258
2022-01-10,18003.30078125,18017.44921875,17879.150390625,17913.30078125,232400,0.010700318921871732,0.010643475643964555,0.009621432079737069,17858.480078125,17592.294921875,17310.29736328125,17479.5158984375,16438.28645996094,100.6015625,0.00564774385198762,241420.0,229855.0,1.011072197689848
2022-01-11,18055.75,18081.25,17964.400390625,17997.75,220200,0.002913311252602302,0.0029090757855369247,0.00956897887886487,17908.580078125,17674.544921875,17346.83984375,17487.197890625,16454.883208007814,-5.55078125,-0.00030832019735964214,235980.0,227315.0,0.9686998218331391
2022-01-12,18212.349609375,18227.94921875,18128.80078125,18170.400390625,245000,0.008673115731830494,0.008635720331115329,0.009477633312731238,17966.0,17774.419921875,17396.3873046875,17492.851875,16471.871206054686,114.650390625,0.006349799406006397,234680.0,228815.0,1.070733999082228
2022-01-13,18257.80078125,18272.25,18163.80078125,18257.0,303700,0.0024956237305924223,0.002492514833041471,0.009473326976946911,18068.380078125,17879.805078125,17446.85732421875,17500.22890625,16490.413208007812,44.650390625,0.0024516545960668215,248120.0,233025.0,1.3032936380216715
2022-01-14,18255.75,18286.94921875,18119.650390625,18185.0,229500,-0.00011232356375068253,-0.00011232987251458901,0.008501572745272945,18156.990234375,17969.975,17510.38486328125,17508.759921875,16510.067456054687,-72.80078125,-0.003987379538326619,246160.0,226770.0,1.0120386294483397
2022-01-17,18308.099609375,18321.55078125,18228.75,18235.650390625,266700,0.0028675682661627455,0.0028634646353713476,0.006041851303581563,18217.95,18038.2150390625,17595.0798828125,17516.5858984375,16529.071455078127,-20.099609375,-0.0011010015679991235,253020.0,223575.0,1.1928882925192887
2022-01-18,18113.05078125,18350.94921875,18085.900390625,18337.19921875,227500,-0.010653690567923424,-0.010710847446216868,0.006860072285074248,18229.41015625,18068.9951171875,17662.18994140625,17517.4758984375,16545.4112109375,29.099609375,0.001589439100500579,254480.0,222900.0,1.0206370569762224
2022-01-19,17938.400390625,18129.19921875,17884.900390625,18129.19921875,276700,-0.00964224043394124,-0.009689027834056424,0.007272354403330126,18174.6203125,18070.31015625,17711.3375,17515.35890625,16561.649711914062,16.1484375,0.0008915360363653538,260820.0,226340.0,1.222497128214191
2022-01-20,17757.0,17943.69921875,17648.44921875,17921.0,258100,-0.010112406160797005,-0.010163883876396832,0.00775209910024469,18074.46015625,18071.4201171875,17745.55751953125,17510.154921875,16576.09796386719,-17.400390625,-0.0009700079296977798,251700.0,229395.0,1.1251335033457572
2022-01-21,17617.150390625,17707.599609375,17485.849609375,17613.69921875,277600,-0.007875745304668613,-0.00790692279190989,0.007954378520656948,17946.740234375,18051.865234375,17776.2275390625,17505.0259375,16590.994716796875,-143.30078125,-0.008070100875710987,261320.0,234145.0,1.1855901257767623
2022-01-24,17149.099609375,17599.400390625,16997.849609375,17575.150390625,323800,-0.02656790518738339,-0.02692721026213864,0.010126719859654012,17714.940234375,17966.4451171875,17779.37001953125,17485.9529296875,16603.32271484375,-42.0,-0.002384040498533201,272740.0,243095.0,1.3319895514099427
2022-01-25,17277.94921875,17309.150390625,16836.80078125,17001.55078125,326500,0.007513491221694313,0.0074854055398087425,0.010082136704127123,17547.919921875,17888.6650390625,17781.60498046875,17469.3229296875,16615.61721191406,-147.548828125,-0.008603881923010034,292540.0,250620.0,1.302769132551273
2022-01-27,17110.150390625,17182.5,16866.75,17062.0,395600,-0.00971173291462768,-0.009759199363728934,0.01032048806809507,17382.269921875,17778.4451171875,17776.43251953125,17451.541953125,16626.79896484375,-215.94921875,-0.012498544590908526,316320.0,262315.0,1.5081104778605874
2022-01-28,17101.94921875,17373.5,17077.099609375,17208.30078125,355300,-0.0004793161771092791,-0.0004794310858279706,0.010320375483808427,17251.259765625,17662.8599609375,17771.33251953125,17435.6079296875,16638.134462890626,98.150390625,0.005736383864795169,335760.0,264040.0,1.3456294500833208
2022-01-31,17339.849609375,17410.0,17264.150390625,17301.05078125,321700,0.0139107178709299,0.01381485185545943,0.010618478080519791,17195.799609375,17571.269921875,17770.6224609375,17427.10890625,16653.279711914063,199.1015625,0.011642039159004856,344580.0,271775.0,1.1836997516327845
2022-02-01,17576.849609375,17622.400390625,17244.55078125,17529.44921875,386400,0.013667938611870323,0.013575374822651254,0.010472846371697202,17281.349609375,17498.144921875,17768.17998046875,17430.3148828125,16668.6399609375,189.599609375,0.010934328361907514,357100.0,281070.0,1.3747465044295015
2022-02-02,17780.0,17794.599609375,17674.80078125,17706.19921875,271200,0.011557838585399605,0.01149155699474709,0.010547845551182374,17381.759765625,17464.83984375,17766.91748046875,17435.847890625,16684.632709960937,129.349609375,0.007359089498382493,346040.0,282260.0,0.9608162686884433
2022-02-03,17560.19921875,17781.150390625,17511.150390625,17767.75,226600,-0.012362248664229525,-0.01243929691182117,0.010766324086545676,17471.76953125,17427.0197265625,17748.66494140625,17438.750859375,16699.344458007814,-12.25,-0.0006889763779527559,312240.0,281015.0,0.806362649680622
2022-02-04,17516.30078125,17617.80078125,17462.55078125,17590.19921875,261400,-0.0024998826581151823,-0.002503012582150695,0.010563816827998687,17554.63984375,17402.9498046875,17737.1849609375,17438.351875,16715.1287109375,30.0,0.0017084088640615953,293460.0,282260.0,0.9260965067668108
2022-02-07,17213.599609375,17536.75,17119.400390625,17456.30078125,265000,-0.017281112927623465,-0.017432174227495423,0.011138970478018803,17529.38984375,17362.5947265625,17707.22998046875,17442.0948828125,16729.71470703125,-60.0,-0.0034253807781278733,282120.0,283545.0,0.9345959195189476
2022-02-08,17266.75,17306.44921875,17043.650390625,17279.849609375,268500,0.0030876976246183574,0.003082940476216172,0.01082024274618103,17467.369921875,17374.359765625,17670.40244140625,17446.3508984375,16744.017705078124,66.25,0.0038487011144327085,258540.0,285350.0,0.9409497108813738
2022-02-09,17463.80078125,17477.150390625,17339.0,17370.099609375,236400,0.01141215233034587,0.0113475249468573,0.011185349044957932,17404.130078125,17392.944921875,17640.80498046875,17455.9629296875,16759.6299609375,103.349609375,0.005985469725049589,251580.0,286160.0,0.8261112664243779
2022-02-10,17605.849609375,17639.44921875,17427.150390625,17554.099609375,273600,0.008133901085124018,0.00810099920504003,0.01115989047703135,17413.26015625,17442.51484375,17610.47998046875,17464.7419140625,16775.234208984373,90.298828125,0.0051706286195127285,260980.0,287590.0,0.9513543586355576
2022-02-11,17374.75,17454.75,17303.0,17451.0,253100,-0.01312629691281364,-0.013213208134273142,0.01139986398441359,17384.95,17469.794921875,17566.32744140625,17464.20390625,16788.842709960936,-154.849609375,-0.00879535000074882,259320.0,285060.0,0.8878832526485653
2022-02-14,16842.80078125,17099.5,16809.650390625,17076.150390625,305500,-0.03061622289529342,-0.031094690696753635,0.013003529645465452,17310.790234375,17420.0900390625,17495.67998046875,17457.1259375,16798.73396484375,-298.599609375,-0.017185836306997222,267420.0,288860.0,1.0576057605760576
2022-02-15,17352.44921875,17375.0,16839.25,16933.25,298700,0.03025912638397754,0.02981034961442144,0.015041004698317623,17327.930078125,17397.65,17447.8974609375,17465.929921875,16811.021708984375,90.44921875,0.005370200593400788,273460.0,290460.0,1.0283687943262412
2022-02-16,17322.19921875,17490.599609375,17257.69921875,17408.44921875,244500,-0.0017432697608654735,-0.001744791023833279,0.014920420029821692,17299.609765625,17351.869921875,17408.3548828125,17468.839921875,16824.47720703125,56.0,0.0032272101358170125,275080.0,291310.0,0.8393120730493289
2022-02-17,17304.599609375,17442.900390625,17235.849609375,17396.55078125,232100,-0.001016014719190439,-0.001016531212017758,0.014815956866199473,17239.359765625,17326.3099609375,17376.66484375,17465.5369140625,16837.829453125,74.3515625,0.004292270372893526,266780.0,289080.0,0.8028919330289194
2022-02-18,17276.30078125,17380.80078125,17219.19921875,17236.05078125,189600,-0.0016353356196504576,-0.0016366742405402451,0.01468306183065244,17219.669921875,17302.3099609375,17352.6298828125,17460.7259375,16851.72845703125,-68.548828125,-0.003961306801219645,254080.0,285655.0,0.6637377255780574
2022-02-21,17206.650390625,17351.05078125,17070.69921875,17192.25,215200,-0.004031556958107085,-0.004039705592356217,0.01461703142730281,17292.43984375,17301.6150390625,17332.1048828125,17454.6329296875,16864.6724609375,-84.05078125,-0.004865091336058496,236020.0,282535.0,0.7616755446227901
2022-02-22,17092.19921875,17148.55078125,16843.80078125,16847.94921875,300100,-0.006651566067580439,-0.00667378632095619,0.013418226453618995,17240.38984375,17284.1599609375,17329.25986328125,17449.1119140625,16876.50945800781,-358.701171875,-0.020846658921508478,236300.0,281350.0,1.066642971387951
2022-02-23,17063.25,17220.69921875,17027.849609375,17194.5,200200,-0.0016937094155936583,-0.0016951453630000418,0.013301406293758129,17188.6,17244.1048828125,17318.52490234375,17443.87890625,16887.70995605469,102.30078125,0.005985232206852404,227440.0,275035.0,0.7279073572454415
2022-02-24,16247.9501953125,16705.25,16203.25,16548.900390625,458000,-0.04778103847083648,-0.04896026903082192,0.016915704760300385,16977.2701171875,17108.31494140625,17275.414892578126,17424.40990234375,16894.237958984377,-514.349609375,-0.030143707053169825,272620.0,278155.0,1.6465639661339901
2022-02-25,16658.400390625,16748.80078125,16478.30078125,16515.650390625,329800,0.025261660109649586,0.024947858168202962,0.018016534970012817,16853.6900390625,17036.67998046875,17253.237451171874,17412.60990234375,16903.2762109375,267.7001953125,0.0164759364778045,300660.0,276880.0,1.1911297312915343
2022-02-28,16793.900390625,16815.900390625,16356.2998046875,16481.599609375,404200,0.008134034290366632,0.008101131335537446,0.017807345667454955,16771.1400390625,17031.78994140625,17225.939990234376,17408.78392578125,16913.763212890626,-176.80078125,-0.010613310828421424,338460.0,281005.0,1.4384085692425401
2022-03-02,16605.94921875,16678.5,16478.650390625,16593.099609375,517700,-0.011191633122935585,-0.011254730666993663,0.017562768984531605,16673.8900390625,16957.13994140625,17177.394970703124,17408.61892578125,16923.40395996094,-200.80078125,-0.011956768623094532,381980.0,287570.0,1.8002573286504155
2022-03-03,16498.05078125,16768.94921875,16442.94921875,16723.19921875,442100,-0.00649757722841704,-0.006518778370608893,0.01725321160524205,16560.8501953125,16874.72509765625,17113.297509765624,17403.16294921875,16931.278461914062,117.25,0.007060722543196233,430360.0,296115.0,1.4930010300052345
2022-03-04,16245.349609375,16456.0,16133.7998046875,16339.4501953125,456100,-0.015317032007332254,-0.015435549523985674,0.017344672785732252,16560.330078125,16768.80009765625,17047.555029296876,17388.96095703125,16936.96471191406,-158.6005859375,-0.009613292384682755,429980.0,307590.0,1.4828180369973016
2022-03-07,15863.150390625,15944.599609375,15711.4501953125,15867.9501953125,585400,-0.02352668473994779,-0.023807855961420165,0.01789412985766687,16401.280078125,16627.48505859375,16964.897509765626,17364.77197265625,16941.12971191406,-377.3994140625,-0.023231227590491944,481100.0,323790.0,1.8079619506470244
2022-03-08,16013.4501953125,16028.75,15671.4501953125,15747.75,543600,0.009474776509483585,0.009430172336242727,0.017911352828890857,16245.1900390625,16508.1650390625,16904.8900390625,17344.9659765625,16946.666713867187,-115.400390625,-0.00727474604875465,508980.0,337720.0,1.609617434561175
2022-03-09,16345.349609375,16418.05078125,15990.0,16078.0,462200,0.020726290088294297,0.020514423015661167,0.01866861154732508,16193.0701171875,16433.480078125,16858.82001953125,17330.14796875,16952.516962890626,64.5498046875,0.004030974206070544,497880.0,347405.0,1.3304356586692765
2022-03-10,16594.900390625,16757.30078125,16447.900390625,16757.099609375,486400,0.01526738719047449,0.015152013456311012,0.01883971555782718,16212.4400390625,16386.6451171875,16815.375,17317.3809765625,16959.502963867188,411.75,0.02519065115400393,506740.0,359905.0,1.3514677484336144
2022-03-11,16630.44921875,16694.400390625,16470.900390625,16528.80078125,343700,0.0021421537513466316,0.0021398626113986923,0.01871094949478103,16289.4599609375,16424.89501953125,16766.60498046875,17305.71796875,16966.612958984377,-66.099609375,-0.003983127817527716,484260.0,363410.0,0.9457637379268594
2022-03-14,16871.30078125,16887.94921875,16606.5,16633.69921875,314700,0.014482565042708062,0.014378694372337426,0.018916861788970937,16491.0900390625,16446.18505859375,16741.43251953125,17299.065,16974.462211914062,3.25,0.00019542466696183933,430120.0,366490.0,0.8586864580206827
2022-03-15,16663.0,16927.75,16555.0,16900.650390625,381600,-0.012346456503312231,-0.012423307208470636,0.017836855564975,16621.0,16433.09501953125,16732.44248046875,17285.243984375,16981.087963867187,29.349609375,0.0017396174578084595,397720.0,370295.0,1.030529712796554
2022-03-16,16975.349609375,16987.900390625,16837.849609375,16876.650390625,260000,0.018745100484606647,0.018571576221107083,0.016960019697631022,16747.0,16470.03505859375,16713.5875,17272.2369921875,16988.78645996094,213.650390625,0.012821844243233512,357280.0,368360.0,0.7058312520360517
2022-03-17,17287.05078125,17344.599609375,17175.75,17202.900390625,448300,0.018361988356508263,0.01819544269851146,0.017498441343120216,16885.430078125,16548.93505859375,16711.830078125,17261.8730078125,16997.30771484375,227.55078125,0.013404777308641126,349660.0,378550.0,1.184255712587505
2022-03-21,17117.599609375,17353.349609375,17096.400390625,17329.5,285500,-0.009802202470463706,-0.009850560325581039,0.01763623928693479,16982.86015625,16636.16005859375,16702.480078125,17245.72,17005.02146484375,42.44921875,0.002455550069653383,338020.0,381220.0,0.7489113897487015
2022-03-22,17315.5,17334.400390625,17006.30078125,17120.400390625,338300,0.011561223252155806,0.011494902983443505,0.017833114146486462,17071.7,16781.39501953125,16704.4400390625,17237.1119921875,17013.717963867188,2.80078125,0.00016361997674405602,342740.0,388655.0,0.8704377918719687
2022-03-23,17245.650390625,17442.400390625,17199.599609375,17405.05078125,292100,-0.0040339354552280104,-0.004042093720190609,0.01783314432138118,17188.230078125,16904.6150390625,16706.3900390625,17225.771015625,17021.49446777344,89.55078125,0.005171712122087147,324840.0,392500.0,0.7442038216560509
2022-03-24,17222.75,17291.75,17091.150390625,17094.94921875,290300,-0.0013278937068936791,-0.0013287761390126268,0.01776405725460728,17237.71015625,16992.355078125,16712.917578125,17210.16,17029.25696777344,-150.701171875,-0.008738503243514868,330900.0,392010.0,0.7405423331037474
2022-03-25,17153.0,17294.900390625,17076.55078125,17289.0,237100,-0.004049875890900112,-0.004058098847076208,0.017787391852170924,17210.9,17048.1650390625,16717.405078125,17192.105,17036.263715820314,66.25,0.003846656312145273,288660.0,393855.0,0.6019981973061151
2022-03-28,17222.0,17235.099609375,17003.900390625,17181.849609375,253200,0.004022619949862971,0.004014550846285441,0.013702668893425562,17231.780078125,17107.3201171875,16766.107568359374,17172.2980078125,17043.673217773438,28.849609375,0.00168189875677724,282200.0,383615.0,0.660036755601319
2022-03-29,17325.30078125,17343.650390625,17235.69921875,17297.19921875,235100,0.005998187274997013,0.00598026976240216,0.012695875319273523,17233.740234375,17152.7201171875,16799.452587890624,17153.6480078125,17052.122973632813,75.19921875,0.004366462591452793,261560.0,378880.0,0.6205130912162162
2022-03-30,17498.25,17522.5,17387.19921875,17468.150390625,505000,0.009982465582194733,0.009932969892759297,0.012749179881022732,17284.26015625,17236.2451171875,16834.670068359374,17138.4980078125,17060.92547363281,142.849609375,0.008245144553541977,304140.0,383920.0,1.3153782037924568
2022-03-31,17464.75,17559.80078125,17435.19921875,17519.19921875,281100,-0.001914477162001882,-0.001916312115762529,0.012402912370204227,17332.66015625,17285.18515625,16877.610107421875,17121.631015625,17069.252475585938,20.94921875,0.0011972179360793221,302300.0,372090.0,0.7554623881319036
2022-04-01,17670.44921875,17703.69921875,17422.69921875,17436.900390625,291800,0.011777965258592316,0.01170914487476482,0.012370754407702883,17436.15,17323.525,16936.230029296876,17112.778984375,17078.545473632814,-27.849609375,-0.0015946182667945434,313240.0,364575.0,0.8003840087773435
2022-04-04,18053.400390625,18114.650390625,17791.400390625,17809.099609375,345500,0.021671841339984343,0.0214403456403388,0.012171089243053474,17602.430078125,17417.105078125,17026.632568359375,17115.078984375,17089.466225585937,138.650390625,0.007846455339566521,331700.0,359045.0,0.9622749237560752
2022-04-05,17957.400390625,18095.44921875,17921.55078125,18080.599609375,283500,-0.005317557796472028,-0.005331746328175393,0.01045677866915304,17728.85,17481.2951171875,17131.345068359376,17119.0869921875,17100.415478515624,27.19921875,0.0015065981012709583,341380.0,343950.0,0.8242477104230266
2022-04-06,17807.650390625,17901.0,17779.849609375,17842.75,328800,-0.008339180323571727,-0.008374145812508964,0.010918044869635362,17790.730078125,17537.4951171875,17221.055078125,17122.8969921875,17110.996728515624,-114.650390625,-0.006384576170883587,306140.0,333210.0,0.9867651030881426
2022-04-07,17639.55078125,17787.5,17623.69921875,17723.30078125,308800,-0.00943974110495216,-0.009484577848941177,0.010769136621430309,17825.690234375,17579.1751953125,17285.76513671875,17132.706015625,17120.777734375,-84.349609375,-0.004736706276500499,311680.0,325540.0,0.9485777477422129
2022-04-08,17784.349609375,17842.75,17600.55078125,17698.150390625,274400,0.008208759390795572,0.008175250776633796,0.010488025066296789,17848.4703125,17642.31015625,17345.23759765625,17142.8340234375,17130.966982421876,58.599609375,0.003322057919824613,308200.0,314940.0,0.8712770686479965
2022-04-11,17674.94921875,17779.05078125,17650.94921875,17740.900390625,251700,-0.006151497975913078,-0.006170496392137639,0.01070701015379538,17772.780078125,17687.605078125,17397.46259765625,17154.13,17140.477978515624,-43.44921875,-0.002443115419137723,289440.0,310340.0,0.8110459496036605
2022-04-12,17530.30078125,17595.30078125,17442.349609375,17584.849609375,266000,-0.008183810641252287,-0.008217481851263662,0.010638654430369253,17687.36015625,17708.105078125,17430.41259765625,17162.69703125,17149.694731445314,-90.099609375,-0.005097588019060345,285940.0,307905.0,0.8639028271707182
2022-04-13,17475.650390625,17663.650390625,17457.400390625,17599.900390625,245100,-0.0031174816283502382,-0.0031223510971550208,0.010174993932672698,17620.96015625,17705.8451171875,17471.0451171875,17165.413046875,17158.120732421874,69.599609375,0.003970246160832683,269200.0,301080.0,0.8140693503387804
2022-04-18,17173.650390625,17237.75,17067.849609375,17183.44921875,376100,-0.017281188010147552,-0.017432250630348714,0.010323000408207352,17527.780078125,17676.73515625,17480.96015625,17157.3490625,17164.687236328125,-292.201171875,-0.01672047479456069,282660.0,306885.0,1.2255405119181453
2022-04-19,16958.650390625,17275.650390625,16824.69921875,17258.94921875,401400,-0.012519178806467801,-0.012598203971631295,0.009829061402884112,17362.640234375,17605.5552734375,17464.54013671875,17140.9220703125,17170.406987304686,85.298828125,0.0049668431687397195,308060.0,304540.0,1.3180534576738687
2022-04-20,17136.55078125,17186.900390625,16978.94921875,17045.25,286100,0.010490244596548015,0.010435603778864927,0.009910162726276607,17254.960546875,17513.8703125,17465.4876953125,17132.4491015625,17177.347490234373,86.599609375,0.005106515399531651,314940.0,304570.0,0.9393571264405556
2022-04-21,17392.599609375,17414.69921875,17215.5,17234.599609375,285200,0.014941678252146096,0.014831150992767859,0.010142009840186733,17227.4203125,17457.390234375,17469.34267578125,17129.975078125,17185.70298828125,98.048828125,0.005721619792489418,318780.0,301915.0,0.9446367355050262
2022-04-22,17171.94921875,17315.30078125,17149.19921875,17242.75,262700,-0.012686452605167986,-0.012767612798961313,0.010513061887509194,17166.680078125,17393.8201171875,17465.6576171875,17129.1420703125,17193.162734375,-149.849609375,-0.008615710862120216,322300.0,300445.0,0.8743696849672985
2022-04-25,16953.94921875,17054.30078125,16888.69921875,17009.05078125,275700,-0.012695122564301942,-0.012776394201003337,0.010880282168102438,17122.73984375,17325.2599609375,17452.217578125,17122.8860546875,17199.321479492188,-162.8984375,-0.009486310227503566,302220.0,299715.0,0.9198738801861769
2022-04-26,17200.80078125,17223.849609375,17064.44921875,17121.30078125,261100,0.014560121616207233,0.014455140840464372,0.011366347510755478,17171.169921875,17266.905078125,17454.6076171875,17117.6260546875,17206.153735351563,167.3515625,0.009870948670467864,274160.0,300915.0,0.8676868883239452
2022-04-27,17038.400390625,17110.69921875,16958.44921875,17073.349609375,265100,-0.009441443610115341,-0.00948629657994312,0.011525658454800409,17151.53984375,17203.2501953125,17445.42763671875,17106.2770703125,17212.254487304686,-127.451171875,-0.007409606883763815,269960.0,301510.0,0.8792411528639182
2022-04-28,17245.05078125,17322.5,17071.05078125,17189.5,312900,0.012128508890934642,0.012055547873445796,0.011785395602085396,17122.030078125,17174.7251953125,17441.41513671875,17103.6830859375,17219.081489257813,151.099609375,0.008868180457722967,275500.0,305400.0,1.024557956777996
2022-04-29,17102.55078125,17377.650390625,17053.25,17329.25,336200,-0.008263240381694681,-0.008297570200330234,0.011664011176607527,17108.150390625,17137.415234375,17421.63017578125,17108.8780859375,17225.95474121094,84.19921875,0.004882514978822049,290200.0,296960.0,1.1321390086206897
2022-05-02,17069.099609375,17092.25,16917.25,16924.44921875,278200,-0.0019559171203674675,-0.0019578324241160947,0.011664171163649128,17131.18046875,17126.96015625,17401.84765625,17103.21109375,17232.851240234377,-178.1015625,-0.010413742650321944,290700.0,296815.0,0.9372841669053114
2022-05-04,16677.599609375,17132.849609375,16623.94921875,17096.599609375,310600,-0.022936183451936376,-0.023203310190181764,0.012219640585585374,17026.540234375,17098.855078125,17352.20517578125,17090.3191015625,17237.776240234376,27.5,0.0016110984544782873,300600.0,297755.0,1.043139493879196
2022-05-05,16682.650390625,16945.69921875,16651.849609375,16854.75,265800,0.00030284821366977077,0.00030280236440618743,0.010819814259468588,16955.390234375,17053.4650390625,17283.66767578125,17077.8801171875,17242.127744140624,177.150390625,0.01062205561796904,300740.0,293770.0,0.9047894611430711
2022-05-06,16411.25,16484.19921875,16340.900390625,16415.55078125,300500,-0.0162684216398562,-0.016402205362178027,0.011167633286637921,16788.630078125,16955.330078125,17206.36015625,17060.5791015625,17244.91424316406,-267.099609375,-0.016010622000752324,298260.0,294620.0,1.0199579118864979
2022-05-09,16301.849609375,16403.69921875,16142.099609375,16227.7001953125,288400,-0.006666182687180999,-0.0066885009232451696,0.011143067989469574,16628.48984375,16868.3201171875,17131.0701171875,17042.4830859375,17246.802490234375,-183.5498046875,-0.011184389043339172,288700.0,292600.0,0.9856459330143541
2022-05-10,16240.0498046875,16404.55078125,16197.2998046875,16248.900390625,283100,-0.003790968888092272,-0.003798172823006312,0.011078637776028879,16462.6798828125,16796.93017578125,17061.095068359376,17025.44009765625,17248.38573730469,-52.94921875,-0.003248049762374788,289680.0,291315.0,0.9718002849149546
2022-05-11,16167.099609375,16318.75,15992.599609375,16270.0498046875,284300,-0.0044919933245182175,-0.004502112641840228,0.0106953706671459,16360.5798828125,16693.56005859375,16980.232568359374,17007.51708984375,17250.459233398436,30.0,0.0018472849751569637,284420.0,291810.0,0.9742640759398239
2022-05-12,15808.0,16041.9501953125,15735.75,16021.099609375,314900,-0.022211752141785834,-0.022462147872579268,0.011390311911500618,16185.6498046875,16570.52001953125,16886.885107421876,16998.7180859375,17251.33873535156,-146.0,-0.009030685993629762,294240.0,294970.0,1.067566193172187
2022-05-13,15782.150390625,16083.599609375,15740.849609375,15977.0,369100,-0.0016352232651188903,-0.0016365617019766783,0.011403348167375158,16059.8298828125,16424.22998046875,16799.477587890626,16981.1930859375,17251.12923828125,169.0,0.01069078947368421,307960.0,300125.0,1.2298209079550186
2022-05-16,15842.2998046875,15977.9501953125,15739.650390625,15845.099609375,217600,0.0038112305721171857,0.003803986233609079,0.011573188439001687,15967.919921875,16298.2048828125,16717.81005859375,16962.16107421875,17251.06048828125,62.94921875,0.0039886338168082245,293800.0,298750.0,0.7283682008368201
2022-05-17,16259.2998046875,16284.25,15900.7998046875,15912.599609375,295700,0.026321935902047233,0.025981475212963467,0.013109302013396908,15971.769921875,16217.22490234375,16672.092529296875,16955.2280859375,17253.234736328126,70.2998046875,0.004437474707220181,296320.0,294730.0,1.0032911478302176
2022-05-18,16240.2998046875,16399.80078125,16211.2001953125,16318.150390625,290400,-0.0011685620062508173,-0.0011692453072036017,0.012903652249983036,15986.4099609375,16173.494921875,16636.175,16950.07306640625,17255.703984375,58.8505859375,0.0036195030932718013,297540.0,289180.0,1.004218825644927
2022-05-19,15809.400390625,15984.75,15775.2001953125,15917.400390625,313900,-0.026532725334179386,-0.026891070897403772,0.013639661707364541,15986.6900390625,16086.169921875,16569.81748046875,16941.35408203125,17256.203984375,-322.8994140625,-0.01988260179589174,297340.0,290570.0,1.0802904635716006
2022-05-20,16266.150390625,16283.0498046875,16003.849609375,16043.7998046875,252400,0.028891038794289337,0.02848156086057151,0.014949435459044057,16083.4900390625,16071.6599609375,16513.49501953125,16949.41408203125,17258.642485351564,234.3994140625,0.01482658470725425,274000.0,288930.0,0.8735679922472571
2022-05-23,16214.7001953125,16414.69921875,16185.75,16290.9501953125,293800,-0.0031630222318707046,-0.0031680351601504043,0.014783337660057221,16157.9701171875,16062.94501953125,16465.632568359375,16953.43908203125,17260.900737304688,24.7998046875,0.0015246265460445623,289240.0,290485.0,1.0114119489818751
2022-05-24,16125.150390625,16262.7998046875,16078.599609375,16225.5498046875,249800,-0.005522754266735541,-0.005538061057189644,0.014615694560456402,16131.140234375,16051.455078125,16424.192626953125,16949.03509765625,17262.10073730469,10.849609375,0.000669121799620847,280060.0,289190.0,0.8637919706767178
2022-05-25,16025.7998046875,16223.349609375,16006.9501953125,16196.349609375,243300,-0.006161219184365629,-0.006180277818558741,0.014074457260789604,16088.240234375,16037.32509765625,16365.442578125,16937.6530859375,17261.575986328124,71.19921875,0.0044154142457731435,270640.0,288300.0,0.8439125910509886
2022-05-26,16170.150390625,16204.4501953125,15903.7001953125,16105.0,314300,0.009007387318995308,0.008967062770830264,0.01426356044804473,16160.390234375,16073.54013671875,16322.030078125,16928.447109375,17261.132739257813,79.2001953125,0.004942043222662383,270720.0,290760.0,1.0809602421240887
2022-05-27,16352.4501953125,16370.599609375,16221.9501953125,16296.599609375,274100,0.011273847198922216,0.011210771015034579,0.014218588579632183,16177.6501953125,16130.5701171875,16277.400048828125,16918.07009765625,17261.4219921875,126.44921875,0.007819916061096853,275060.0,288820.0,0.9490340004154837
2022-05-30,16661.400390625,16695.5,16506.150390625,16527.900390625,251400,0.018893205092962884,0.018716945110386057,0.014924242794529698,16266.990234375,16212.48017578125,16255.342529296875,16918.03810546875,17263.537993164064,175.4501953125,0.010729290914629635,266580.0,284580.0,0.8834071262913767
2022-05-31,16584.55078125,16690.75,16521.900390625,16578.44921875,651600,-0.004612433983534836,-0.004623104079880039,0.01494313249391335,16358.8703125,16245.0052734375,16231.115087890625,16910.22212890625,17265.169497070314,-82.951171875,-0.004978643447142341,346940.0,303250.0,2.148722176422094
2022-06-01,16522.75,16649.19921875,16438.849609375,16594.400390625,249600,-0.0037264067061659745,-0.003733367056413342,0.014073541717078468,16458.2603515625,16273.25029296875,16223.372607421876,16894.93611328125,17266.382749023436,9.849609375,0.0005939026932303572,348200.0,300200.0,0.8314457028647568
2022-06-02,16628.0,16646.400390625,16443.05078125,16481.650390625,236000,0.006370004993115463,0.006349802260260305,0.014154024564889971,16549.8302734375,16355.11025390625,16220.640087890624,16885.14412109375,17268.11149902344,-41.099609375,-0.0024874557428394184,332540.0,298710.0,0.7900639416156138
2022-06-03,16584.30078125,16793.849609375,16567.900390625,16761.650390625,245500,-0.002628050201467391,-0.0026315095876877827,0.013652106873745783,16596.200390625,16386.92529296875,16229.292626953125,16870.52013671875,17269.211000976564,133.650390625,0.008037670833834496,326820.0,295960.0,0.8295039870252737
2022-06-06,16569.55078125,16610.94921875,16444.55078125,16530.69921875,233600,-0.0008893953501298846,-0.0008897910968418909,0.01355073133573725,16577.83046875,16422.4103515625,16242.677685546874,16856.99814453125,17269.41325683594,-53.6015625,-0.003232066470996549,323260.0,293220.0,0.7966714412386604
2022-06-07,16416.349609375,16487.25,16347.099609375,16469.599609375,233800,-0.009245946006475991,-0.009288955076891798,0.013704186629494741,16544.190234375,16451.5302734375,16251.49267578125,16840.87013671875,17268.679750976564,-99.951171875,-0.006032219774364922,239700.0,290755.0,0.8041134288318343
2022-06-08,16356.25,16514.30078125,16293.349609375,16474.94921875,243500,-0.0036609606157923524,-0.003667678332650513,0.013689094046280844,16510.890234375,16484.57529296875,16260.9501953125,16824.93513671875,17267.38800292969,58.599609375,0.0035695882927307488,238480.0,288715.0,0.8433922726564259
2022-06-09,16478.099609375,16492.80078125,16243.849609375,16263.849609375,205000,0.00744972774168895,0.007422115570615706,0.012646622864345206,16480.91015625,16515.37021484375,16294.45517578125,16810.05712890625,17266.93425292969,-92.400390625,-0.005649240542606037,232280.0,283220.0,0.7238189393404421
2022-06-10,16201.7998046875,16324.7001953125,16172.599609375,16283.9501953125,189700,-0.016767698414100085,-0.01690986774485526,0.013319978273165644,16404.4099609375,16500.30517578125,16315.437646484375,16787.587109375,17265.690751953123,-194.1494140625,-0.011782269719503408,221120.0,274250.0,0.6917046490428441
2022-06-13,15774.400390625,15886.150390625,15684.0,15877.5498046875,225500,-0.026379749115209128,-0.026733937520215956,0.014673923733345017,16245.3798828125,16411.60517578125,16312.04267578125,16753.1101171875,17262.0805078125,-324.25,-0.0200132086502012,219500.0,274645.0,0.8210599137067851
2022-06-14,15732.099609375,15858.0,15659.4501953125,15674.25,225400,-0.00268160945598539,-0.0026852114114221596,0.013292087485188089,16108.5298828125,16326.36005859375,16285.682666015626,16718.457109375,17257.6180078125,-100.150390625,-0.006348919017202145,217820.0,271130.0,0.831335521705455
2022-06-15,15692.150390625,15783.650390625,15678.900390625,15729.25,183000,-0.0025393443813560568,-0.0025425739848417965,0.01329348190231583,15975.7099609375,16243.30009765625,16258.2751953125,16678.8911328125,17252.9055078125,-2.849609375,-0.00018113344345352823,205720.0,265760.0,0.688591210114389
2022-06-16,15360.599609375,15863.150390625,15335.099609375,15832.25,264700,-0.021128447854290244,-0.021354848179315097,0.01280668841895486,15752.2099609375,16116.56005859375,16235.83515625,16625.0351171875,17246.52400390625,140.099609375,0.008928005779163323,217660.0,263300.0,1.0053171287504747
2022-06-17,15293.5,15400.400390625,15183.400390625,15272.650390625,342600,-0.00436829362663993,-0.004377862497838008,0.010649331152196878,15570.55,15987.47998046875,16187.20263671875,16571.757109375,17239.4655078125,-87.94921875,-0.005725637083615027,248240.0,267810.0,1.2792651506665174
2022-06-20,15350.150390625,15382.5,15191.099609375,15334.5,260000,0.0037042135956451006,0.0036973698916184226,0.010754801146591752,15485.7,15865.53994140625,16143.975146484376,16522.607109375,17231.561005859374,41.0,0.0026808774969758393,255140.0,266120.0,0.9770028558545018
2022-06-21,15638.7998046875,15707.25,15419.849609375,15455.9501953125,262800,0.018804337854487096,0.018629721921802747,0.011746417658097131,15467.0400390625,15787.7849609375,16119.6576171875,16482.59208984375,17224.094008789063,105.7998046875,0.006892427891267861,262620.0,266770.0,0.9851182666716647
2022-06-22,15413.2998046875,15565.400390625,15385.9501953125,15545.650390625,220900,-0.014419265085317434,-0.01452423294963793,0.01206113341596609,15411.269921875,15693.48994140625,16089.0326171875,16435.17109375,17215.7792578125,-93.1494140625,-0.0059563019685551465,270200.0,265650.0,0.8315452663278751
2022-06-23,15556.650390625,15628.4501953125,15367.5,15451.5498046875,259200,0.009300447519609234,0.009257464658604653,0.012075222871937038,15450.480078125,15601.34501953125,16058.3576171875,16392.8051171875,17207.3917578125,38.25,0.002481623045336949,269100.0,262895.0,0.985944959014055
2022-06-24,15699.25,15749.25,15619.4501953125,15657.400390625,219600,0.009166472588529428,0.009124715461734611,0.01196323606348947,15531.630078125,15551.0900390625,16025.697607421875,16356.1841015625,17199.270009765623,100.75,0.0064763298955870085,244500.0,260170.0,0.8440634969443056
2022-06-27,15832.0498046875,15927.4501953125,15815.5,15926.2001953125,210900,0.008458990377725017,0.008423413606869335,0.011209372904603616,15628.0099609375,15556.85498046875,15984.230078125,16323.31208984375,17191.541254882814,226.9501953125,0.01445611703186458,234680.0,258145.0,0.8169827035193399
2022-06-28,15850.2001953125,15892.099609375,15710.150390625,15757.4501953125,251900,0.0011464333961117568,0.0011457767431705531,0.011225927869762425,15670.2900390625,15568.6650390625,15947.512548828125,16296.8430859375,17183.9817578125,-74.599609375,-0.004711936249272839,232500.0,238160.0,1.0576923076923077
2022-06-29,15799.099609375,15861.599609375,15687.7998046875,15701.7001953125,444900,-0.0032239710103227903,-0.003229179201912245,0.01122289808399465,15747.45,15579.3599609375,15911.330029296874,16273.6520703125,17176.209755859374,-148.5,-0.00936896683765023,277300.0,247925.0,1.7944943027125138
2022-06-30,15780.25,15890.0,15728.849609375,15774.5,306000,-0.001193081241402827,-0.0011937935294284723,0.011045785448481383,15792.169921875,15621.325,15868.942529296875,16246.5260546875,17168.264755859374,-24.599609375,-0.001557026032065959,286660.0,251425.0,1.2170627423684997
2022-07-01,15752.0498046875,15793.9501953125,15511.0498046875,15703.7001953125,364100,-0.0017870563085186086,-0.0017886549985601772,0.011047092449981939,15802.7298828125,15667.17998046875,15827.32998046875,16213.71505859375,17160.248500976562,-76.5498046875,-0.004850988082413143,315560.0,257355.0,1.4147772532105458
2022-07-04,15835.349609375,15852.349609375,15661.7998046875,15710.5,304300,0.005288188249805481,0.005274254882250374,0.011180428185045763,15803.38984375,15715.69990234375,15790.619921875,16186.98306640625,17152.525249023438,-41.5498046875,-0.002637739545181961,334240.0,260890.0,1.1663919659626663
2022-07-05,15810.849609375,16025.75,15785.4501953125,15909.150390625,254200,-0.0015471713984448465,-0.0015483695040555473,0.011057061970199155,15795.5197265625,15732.9048828125,15760.344921875,16164.12107421875,17143.98225097656,73.80078125,0.004660508487056562,334700.0,261910.0,0.9705624069336795
2022-07-06,15989.7998046875,16011.349609375,15800.900390625,15818.2001953125,288400,0.011318189707300252,0.01125461822453212,0.011426849076221428,15833.659765625,15790.5548828125,15742.022412109374,16139.9010546875,17135.78375,7.3505859375,0.0004649077133174102,303400.0,264155.0,1.0917832333289168
2022-07-07,16132.900390625,16150.5,16045.9501953125,16113.75,264600,0.00894949203151052,0.00890968266712923,0.011490445721268444,15904.18984375,15848.1798828125,15724.762451171875,16121.7910546875,17128.5225,123.9501953125,0.0077518290927046695,295120.0,267135.0,0.9905104160817564
2022-07-08,16220.599609375,16275.5,16157.900390625,16273.650390625,281100,0.005436047866567373,0.005421325887187373,0.01094604991538934,15997.8998046875,15900.31484375,15725.70244140625,16101.30203125,17122.64099609375,140.75,0.008724407675745107,278520.0,271705.0,1.0345779429896396
2022-07-11,16216.0,16248.5498046875,16115.5,16136.150390625,255900,-0.00028356592763323363,-0.00028360614005298526,0.009004759453478083,16074.0298828125,15938.70986328125,15747.782421875,16083.571015625,17115.91099609375,-84.44921875,-0.0052062945133785924,268840.0,273225.0,0.9365907219324733
2022-07-12,16058.2998046875,16158.75,16031.150390625,16126.2001953125,208600,-0.0097249750439381,-0.009772571447684876,0.00930629580711214,16123.519921875,15959.51982421875,15764.092431640625,16063.35501953125,17108.46924316406,-89.7998046875,-0.005537728458775284,259720.0,272385.0,0.7658277805312333
2022-07-13,15966.650390625,16140.0,15950.150390625,16128.2001953125,233300,-0.005707292501522909,-0.0057236413300785416,0.009397437512848463,16118.8900390625,15976.27490234375,15777.817431640626,16049.13603515625,17099.187749023436,69.900390625,0.0043529135384927685,248700.0,274900.0,0.8486722444525282
2022-07-14,15938.650390625,16070.849609375,15858.2001953125,16018.849609375,228600,-0.0017536552323109689,-0.0017551946856914542,0.007882617517093907,16080.0400390625,15992.11494140625,15806.719970703125,16034.25603515625,17089.615004882813,52.19921875,0.003269265467267284,241500.0,273095.0,0.8370713487980374
2022-07-15,16049.2001953125,16066.9501953125,15927.2998046875,16010.7998046875,205800,0.0069359576863876615,0.006912014580365188,0.0078161435356273,16045.76015625,16021.82998046875,15844.50498046875,16027.0150390625,17080.5855078125,72.1494140625,0.004526695315742528,226440.0,266255.0,0.7729432311130308
2022-07-18,16278.5,16287.9501953125,16142.2001953125,16151.400390625,227700,0.014287304158276504,0.014186202470718856,0.008252072913454393,16058.26015625,16066.14501953125,15890.9224609375,16026.548046875,17073.235009765624,102.2001953125,0.006367930742265254,220800.0,264640.0,0.8604141475211609
2022-07-19,16340.5498046875,16359.5,16187.0498046875,16187.0498046875,222600,0.003811764271124396,0.003804517906147779,0.007372275916948669,16114.71015625,16119.1150390625,15926.0099609375,16028.558046875,17066.381254882814,-91.4501953125,-0.005617851479712504,223600.0,262630.0,0.8475802459734227
2022-07-20,16520.849609375,16588.0,16490.94921875,16562.80078125,284400,0.01103388850696918,0.010973459265845803,0.006492644048140258,16225.55,16172.22001953125,15981.387451171875,16035.633046875,17060.894750976564,222.2509765625,0.013601193302488782,233820.0,265805.0,1.0699572995240871
2022-07-21,16605.25,16626.94921875,16483.900390625,16523.55078125,243600,0.005108719746296009,0.005095714512164849,0.006361734496932917,16358.869921875,16219.45498046875,16033.817431640626,16051.578046875,17056.26074707031,2.701171875,0.00016350078469736692,236820.0,265025.0,0.9191585699462315
2022-07-22,16719.44921875,16752.25,16610.900390625,16661.25,190900,0.006877295960614926,0.006853755230166662,0.0062703027642704075,16492.9197265625,16269.33994140625,16084.827392578125,16070.3240234375,17051.401743164064,56.0,0.003372427394950392,233840.0,263590.0,0.7242308130050458
2022-07-25,16631.0,16706.05078125,16564.25,16662.55078125,211400,-0.005290199311757782,-0.005304241963650273,0.0064122009324214255,16563.4197265625,16310.83994140625,16124.77490234375,16086.09802734375,17045.445239257813,-56.8984375,-0.0034031287009258257,230580.0,263615.0,0.8019270527094436
2022-07-26,16483.849609375,16636.099609375,16463.30078125,16632.900390625,208200,-0.00884795806776506,-0.008887333683346772,0.006893330887084321,16592.0796875,16353.394921875,16156.457373046875,16090.5890234375,17039.634487304687,1.900390625,0.0001142679709578498,227700.0,261430.0,0.7963890907699958
2022-07-27,16641.80078125,16653.44921875,16438.75,16475.349609375,185200,0.0095821774414373,0.00953655956008488,0.006978318018295521,16616.269921875,16420.9099609375,16198.592431640625,16098.61904296875,17033.891743164062,-8.5,-0.0005156562454419459,207860.0,248445.0,0.7454366157499648
2022-07-28,16929.599609375,16947.650390625,16746.25,16774.849609375,376300,0.017293731123692924,0.017145896529526243,0.007639090271514136,16681.13984375,16520.0048828125,16256.059912109375,16121.02302734375,17029.063745117186,133.048828125,0.007994857640340436,234400.0,251960.0,1.4934910303222735
2022-07-29,17158.25,17172.80078125,17018.150390625,17079.5,436100,0.013505953826479233,0.013415561413115864,0.007839611220446605,16768.9,16630.90986328125,16326.369921875,16138.86501953125,17025.125249023436,149.900390625,0.00885433761481226,283440.0,255560.0,1.7064485835028955
2022-08-01,17340.05078125,17356.25,17154.80078125,17243.19921875,381500,0.010595531668439406,0.010539792401854702,0.007963185098874817,16910.71015625,16737.06494140625,16401.60498046875,16161.37203125,17021.865756835938,84.94921875,0.004950925575160637,317460.0,259420.0,1.4705882352941178
2022-08-02,17345.44921875,17390.150390625,17215.849609375,17310.150390625,333600,0.000311327663805816,0.0003112792114048116,0.00789851465677361,17083.030078125,16837.5548828125,16478.3349609375,16185.7780078125,17017.784252929687,-29.900390625,-0.001724354271057363,342540.0,263390.0,1.2665628915296707
2022-08-03,17388.150390625,17407.5,17225.849609375,17349.25,285400,0.002461808358865669,0.002458783072766921,0.007753217473485244,17232.3,16924.2849609375,16548.252490234376,16213.02501953125,17013.03225097656,3.80078125,0.0002191226760441263,362580.0,263240.0,1.0841817352985867
2022-08-04,17382.0,17490.69921875,17161.25,17463.099609375,325000,-0.0003537116074355806,-0.00035377417814128954,0.007734165773053221,17322.780078125,17001.9599609375,16610.707470703124,16237.26201171875,17007.55699707031,74.94921875,0.004310361773176843,352320.0,266260.0,1.2206114324344626
2022-08-05,17397.5,17474.400390625,17348.75,17423.650390625,355300,0.0008917270739845495,0.0008913297215996853,0.007749196282426235,17370.630078125,17069.7650390625,16669.552490234375,16258.1630078125,17002.450747070314,41.650390625,0.0023961794169255553,336160.0,269970.0,1.3160721561654998
2022-08-08,17525.099609375,17548.80078125,17359.75,17401.5,257000,0.007334364671648164,0.007307599012140524,0.007738746006785055,17407.63984375,17159.175,16735.007470703124,16275.4369921875,16998.743247070313,4.0,0.00022991809167983906,311260.0,270025.0,0.9517637255809647
2022-08-10,17534.75,17566.099609375,17442.80078125,17566.099609375,312700,0.0005506610997998429,0.0005505095416120064,0.00710007703923097,17445.5,17264.2650390625,16808.82998046875,16294.4409765625,16995.52649902344,41.0,0.002339501681238215,307080.0,275230.0,1.136140682338408
2022-08-11,17659.0,17719.30078125,17631.94921875,17711.650390625,311200,0.007085929368824795,0.007060942140366637,0.006703805333009298,17499.669921875,17365.9849609375,16893.4474609375,16317.1659765625,16993.246997070313,176.900390625,0.01008856075079485,312240.0,279125.0,1.1149126735333632
2022-08-12,17698.150390625,17724.650390625,17597.849609375,17659.650390625,303900,0.0022170219505635025,0.0022145679837284517,0.00654803719498799,17562.9,17442.8400390625,16981.4224609375,16338.568984375,16991.110747070314,0.650390625,3.68305467467014e-05,308020.0,282890.0,1.0742691505532185
2022-08-16,17825.25,17839.099609375,17764.05078125,17797.19921875,0,0.007181519343531395,0.007155855032733008,0.006551555346987067,17648.45,17509.5400390625,17070.224951171876,16363.38796875,16988.89499511719,99.048828125,0.005596563818186774,236960.0,272600.0,0.0
2022-08-17,17944.25,17965.94921875,17833.349609375,17868.150390625,262800,0.006675923198833145,0.006653737907021656,0.006213248429687224,17732.280078125,17569.9599609375,17153.512451171875,16390.881953125,16987.56149902344,42.900390625,0.002406720277415464,238120.0,274355.0,0.9578830347542417
2022-08-18,17956.5,17968.44921875,17852.05078125,17898.650390625,263900,0.0006826699360520383,0.0006824370229270742,0.006281155260902463,17816.630078125,17631.0650390625,17234.3099609375,16421.6849609375,16988.05774902344,-45.599609375,-0.002541182238042827,228360.0,276420.0,0.9547066058895883
2022-08-19,17758.44921875,17992.19921875,17710.75,17966.55078125,295600,-0.011029475746944017,-0.011090751389954998,0.007013318574762946,17836.519921875,17668.094921875,17296.18994140625,16449.7289453125,16988.491743164064,10.05078125,0.00055972941553198,225240.0,276980.0,1.067225070402195
2022-08-22,17490.69921875,17690.05078125,17467.349609375,17682.900390625,287600,-0.0150773300473388,-0.015192148554208883,0.008151281055879886,17795.0296875,17678.96484375,17340.46240234375,16469.9809375,16986.296987304686,-75.548828125,-0.004254246933073011,221980.0,279180.0,1.0301597535640088
2022-08-23,17577.5,17625.55078125,17345.19921875,17357.349609375,285600,0.00496268217550444,0.004950408657946044,0.008109942713494835,17745.4796875,17696.96484375,17383.36494140625,16497.49494140625,16984.73974121094,-133.349609375,-0.0076240296461132576,279100.0,283915.0,1.0059348748745223
2022-08-24,17604.94921875,17623.650390625,17499.25,17525.44921875,262000,0.001561611079505143,0.001560393032835227,0.007904013248295271,17677.61953125,17704.9498046875,17432.06240234375,16534.10591796875,16983.61849121094,-52.05078125,-0.002961216398805291,278940.0,286445.0,0.9146607551187838
2022-08-25,17522.44921875,17726.5,17487.44921875,17679.0,230200,-0.004686182219266755,-0.004697196795508722,0.007629019855652107,17590.809375,17703.7197265625,17483.9923828125,16569.91291015625,16981.646733398436,74.05078125,0.004206247932321943,272200.0,287545.0,0.8005703455111374
2022-08-26,17558.900390625,17685.849609375,17519.349609375,17619.30078125,266600,0.002080255529346653,0.002078094793881999,0.007475768416098148,17550.899609375,17693.709765625,17529.84736328125,16607.24791015625,16979.09848144531,96.8515625,0.005527284530313458,266400.0,291615.0,0.9142190902388423
2022-08-29,17312.900390625,17380.150390625,17166.19921875,17188.650390625,244900,-0.014009988924553851,-0.014109055185943692,0.007538937107055226,17515.33984375,17655.184765625,17549.01240234375,16646.29392578125,16975.44173339844,-370.25,-0.0210861723549433,257860.0,285045.0,0.8591625883632409
2022-08-30,17759.30078125,17777.650390625,17401.5,17414.94921875,324700,0.02578426378902554,0.025457455427431688,0.008963628969870083,17551.7,17648.58984375,17579.06494140625,16695.60994140625,16974.152241210937,102.048828125,0.005894380827158216,265680.0,279475.0,1.1618212720279095
2022-09-01,17542.80078125,17695.599609375,17468.44921875,17485.69921875,308500,-0.012190795272107646,-0.012265712506503565,0.009225908698238547,17539.2703125,17608.444921875,17589.20244140625,16739.46294921875,16972.49824707031,-273.6015625,-0.01540609992871253,274980.0,275825.0,1.1184627934378681
2022-09-02,17539.44921875,17643.849609375,17476.44921875,17598.400390625,256300,-0.0001910505934481499,-0.00019106884593758132,0.009227482014809031,17542.6703125,17566.73984375,17598.90244140625,16777.4759375,16969.681743164063,55.599609375,0.0031693690231280325,280200.0,271960.0,0.9424180026474481
2022-09-05,17665.80078125,17683.150390625,17540.349609375,17546.44921875,230300,0.007203850071011875,0.00717802628935595,0.009338191280851437,17564.050390625,17557.475,17612.7849609375,16822.52595703125,16967.463500976562,7.0,0.0003991003316407946,272940.0,269205.0,0.8554818818372616
2022-09-06,17655.599609375,17764.650390625,17587.650390625,17695.69921875,251200,-0.0005774531254664206,-0.000577619915734608,0.009339822533333111,17632.590234375,17573.9650390625,17626.46494140625,16864.50494140625,16965.745502929687,29.8984375,0.0016924473376680091,274200.0,265515.0,0.9460859085174096
2022-09-07,17624.400390625,17650.75,17484.30078125,17519.400390625,354100,-0.0017671004916441913,-0.0017686636555011566,0.009357691006011736,17605.61015625,17578.655078125,17637.8099609375,16903.00794921875,16964.374252929687,-136.19921875,-0.007714222216371466,280080.0,265455.0,1.333936072027274
2022-09-08,17798.75,17807.650390625,17691.94921875,17748.150390625,279800,0.009892512965589573,0.009843902383512463,0.00947010504408269,17656.8,17598.03515625,17651.49248046875,16942.341953125,16964.543999023437,123.75,0.007021515470439874,274340.0,266595.0,1.049532061741593
2022-09-09,17833.349609375,17925.94921875,17786.0,17923.349609375,270300,0.0019439347917691308,0.0019420477956010656,0.009473163089384305,17715.580078125,17629.1251953125,17666.4224609375,16982.00494140625,16966.627993164064,124.599609375,0.007000469660790786,277140.0,264475.0,1.02202476604594
2022-09-12,17936.349609375,17980.55078125,17889.150390625,17890.849609375,228200,0.005775695663245095,0.005759080279283832,0.009432482260693875,17769.68984375,17666.8701171875,17680.28994140625,17024.74994140625,16968.79299316406,57.5,0.003224296122685344,276720.0,260325.0,0.8765965619898204
2022-09-13,18070.05078125,18088.30078125,18015.44921875,18044.44921875,259900,0.007454201929980142,0.007426556664034913,0.009545280504237957,17852.580078125,17742.58515625,17698.8849609375,17070.54595703125,16972.067993164062,108.099609375,0.006026845580580026,278460.0,258125.0,1.0068765133171913
2022-09-14,18003.75,18091.55078125,17771.150390625,17771.150390625,365900,-0.0036690976717561608,-0.003675845320864187,0.009488634449762851,17928.45,17767.030078125,17707.8099609375,17115.5799609375,16974.405493164064,-298.900390625,-0.016541203687991158,280820.0,276420.0,1.3237102959264886
2022-09-15,17877.400390625,18096.150390625,17861.5,18046.349609375,289600,-0.007017960667916379,-0.0070427023794097186,0.00951666896675759,17944.180078125,17800.4900390625,17704.46748046875,17156.4209765625,16978.660249023436,42.599609375,0.002366152016940915,282780.0,277760.0,1.042626728110599
2022-09-16,17530.849609375,17820.05078125,17497.25,17796.80078125,468500,-0.019384853148544656,-0.019575203370476822,0.01043822698833959,17883.680078125,17799.630078125,17683.1849609375,17190.8209765625,16981.04475097656,-80.599609375,-0.004508463625240885,322420.0,287990.0,1.6267925969651724
2022-09-19,17622.25,17667.19921875,17429.69921875,17540.650390625,258300,0.0052136885924867205,0.005200144374609497,0.010259223800888126,17820.86015625,17795.275,17676.375,17223.46998046875,16984.240004882813,9.80078125,0.0005590591139837752,328440.0,286125.0,0.9027522935779817
2022-09-20,17816.25,17919.30078125,17744.400390625,17770.400390625,263100,0.011008809885230342,0.010948654031257964,0.009939556467048985,17770.1,17811.3400390625,17692.6525390625,17257.13697265625,16987.486752929686,148.150390625,0.00840700765367646,329080.0,284900.0,0.9234819234819235
2022-09-21,17718.349609375,17838.69921875,17663.599609375,17766.349609375,245500,-0.005495005437451739,-0.005510158516157929,0.009993350225318415,17713.019921875,17820.7349609375,17699.69501953125,17287.09197265625,16989.070249023436,-49.900390625,-0.002800835788956711,305000.0,282895.0,0.8678131462203291
2022-09-22,17629.80078125,17722.75,17532.44921875,17609.650390625,284100,-0.004997577656902563,-0.005010107310831895,0.010062219206205458,17663.5,17803.8400390625,17700.93759765625,17315.36798828125,16991.235756835937,-108.69921875,-0.006134838805330147,303900.0,284000.0,1.0003521126760564
2022-09-23,17327.349609375,17642.150390625,17291.650390625,17593.849609375,390800,-0.017155677232420508,-0.01730454089090743,0.010739143474654168,17622.8,17753.2400390625,17691.1826171875,17340.748984375,16993.311254882814,-35.951171875,-0.002039227346983723,288360.0,292030.0,1.3382186761634078
2022-09-26,17016.30078125,17196.400390625,16978.30078125,17156.30078125,492000,-0.017951321762256445,-0.018114401349380974,0.011399177138604893,17501.61015625,17661.23515625,17664.05263671875,17361.7419921875,16992.509262695312,-171.048828125,-0.00987160944870955,335100.0,303300.0,1.62215628090999
2022-09-27,17007.400390625,17176.44921875,16942.349609375,17110.900390625,359900,-0.0005230508522044985,-0.0005231876910193474,0.011012958534363324,17339.840234375,17554.9701171875,17648.77763671875,17383.1169921875,16990.197514648436,94.599609375,0.005559352211218425,354460.0,309050.0,1.1645364827697784
2022-09-28,16858.599609375,17037.599609375,16820.400390625,16870.55078125,323900,-0.00874917846539458,-0.008787677246935572,0.009173859823543785,17167.890234375,17440.455078125,17603.742578125,17399.30498046875,16986.906264648438,-136.849609375,-0.008046474254256735,370140.0,309010.0,1.0481861428432737
2022-09-29,16818.099609375,17026.05078125,16788.599609375,16993.599609375,340000,-0.0024023347691036756,-0.0024052250050792126,0.008889657580092018,17005.55,17334.525,17567.50751953125,17410.09697265625,16983.44025878906,135.0,0.008007782563679075,381320.0,310585.0,1.0947083729091875
2022-09-30,17094.349609375,17187.099609375,16747.69921875,16798.05078125,376100,0.01642575596626905,0.016292312526781774,0.009803953335561532,16958.95,17290.875,17545.2525390625,17425.17296875,16982.070756835936,-20.048828125,-0.001192098310193387,378380.0,316575.0,1.1880281134012478
2022-10-03,16887.349609375,17114.650390625,16855.55078125,17102.099609375,278400,-0.012109264448790458,-0.012183178897324074,0.00987948104886254,16933.159765625,17217.3849609375,17506.32998046875,17432.50296875,16979.883002929688,7.75,0.0004533661810537496,335660.0,318980.0,0.872781992601417
2022-10-04,17274.30078125,17287.30078125,17117.30078125,17147.44921875,226000,0.02291367093271912,0.022655095268550494,0.01136743098491736,16986.53984375,17163.1900390625,17487.2650390625,17445.883984375,16980.147504882814,260.099609375,0.015402038531292435,308880.0,317720.0,0.7113181417600403
2022-10-06,17331.80078125,17428.80078125,17315.650390625,17379.25,265500,0.0033286441360573793,0.0033231164632058175,0.011407071693034863,17081.180078125,17124.53515625,17472.63505859375,17458.131015625,16980.564506835937,104.94921875,0.006075453940452094,297200.0,313290.0,0.847457627118644
2022-10-07,17314.650390625,17337.349609375,17216.94921875,17287.19921875,216300,-0.0009895331040011834,-0.0009900230150986376,0.011127574536112175,17180.490234375,17093.0201171875,17448.430078125,17471.8040234375,16982.21176269531,-44.6015625,-0.002573394597764541,272460.0,310115.0,0.6974831917192009
2022-10-10,17241.0,17280.150390625,17064.69921875,17094.349609375,234000,-0.00425364584114718,-0.004262718329192525,0.011118216459586924,17209.8203125,17084.38515625,17418.81259765625,17486.94703125,16985.345766601564,-220.30078125,-0.01272337449962499,244040.0,308300.0,0.7590009730781706
2022-10-11,16983.55078125,17261.80078125,16950.30078125,17256.05078125,282600,-0.014932383199930399,-0.015044993668578569,0.011354093486489686,17229.060546875,17081.11015625,17371.17265625,17493.78203125,16986.409272460936,15.05078125,0.0008729645177193899,244880.0,311020.0,0.9086232396630441
2022-10-12,17123.599609375,17142.349609375,16960.05078125,17025.55078125,256000,0.008246145339619648,0.008212331644389038,0.011392554645161743,17198.9203125,17092.730078125,17323.85009765625,17497.66203125,16987.25002441406,42.0,0.0024729810945287364,250880.0,310825.0,0.8236145741172686
2022-10-13,17014.349609375,17112.349609375,16956.94921875,17087.349609375,266400,-0.006380083772817624,-0.0064005234917517235,0.01142172525472427,17135.430078125,17108.305078125,17274.380078125,17494.7840234375,16986.958774414063,-36.25,-0.0021169614349166098,251060.0,305850.0,0.8710152035311427
2022-10-14,17185.69921875,17348.55078125,17169.75,17322.30078125,227000,0.010070888003887335,0.010020514532698735,0.0117217054146596,17109.63984375,17145.0650390625,17239.79501953125,17491.6969921875,16987.86852050781,307.951171875,0.018099497127137744,253200.0,302720.0,0.7498678646934461
2022-10-17,17311.80078125,17328.55078125,17098.55078125,17144.80078125,212200,0.007337586960815656,0.007310797834822186,0.011132665217226695,17123.8,17166.81015625,17228.842578125,17491.0240234375,16988.99627441406,-40.8984375,-0.0023797947921361763,248840.0,289905.0,0.7319639192149152
2022-10-18,17486.94921875,17527.80078125,17434.05078125,17438.75,239500,0.010117285874136073,0.010066448739082915,0.011319173804545923,17224.4796875,17226.7701171875,17222.0775390625,17493.0,16990.264770507812,126.94921875,0.0073331030292062786,240220.0,288965.0,0.8288200993199869
2022-10-19,17512.25,17607.599609375,17472.849609375,17568.150390625,210500,0.0014468379208691928,0.0014457922593648584,0.011013083412527417,17302.209765625,17250.5650390625,17206.8775390625,17495.605,16991.758022460937,81.201171875,0.0046435299181822876,231120.0,286335.0,0.7351528803674018
2022-10-20,17563.94921875,17584.150390625,17421.0,17423.099609375,249600,0.0029521745492440132,0.0029478254394111857,0.010985598810634357,17412.1296875,17273.7798828125,17199.15751953125,17498.933984375,16993.558022460937,-89.150390625,-0.005090744514554098,227760.0,286540.0,0.8710825713687443
2022-10-21,17576.30078125,17670.150390625,17520.75,17622.849609375,277700,0.0007032337856462956,0.0007029866326317706,0.010933323128997953,17490.25,17299.944921875,17196.48251953125,17499.9580078125,16994.66927246094,58.900390625,0.0033534821748472266,237900.0,286220.0,0.9702326881419887
2022-10-24,17730.75,17777.55078125,17707.400390625,17736.349609375,45000,0.008787356376761757,0.008748972260095097,0.010324732853649743,17574.03984375,17348.919921875,17216.6525390625,17503.8780078125,16995.194526367188,160.048828125,0.009105944994736121,204460.0,268930.0,0.16732978842077864
2022-10-25,17656.349609375,17811.5,17637.0,17808.30078125,251400,-0.004196122026705051,-0.004204950452158822,0.009398301765757549,17607.919921875,17416.1998046875,17248.65498046875,17503.825,16994.45002441406,77.55078125,0.004373801517138305,206840.0,256900.0,0.9785908913974309
2022-10-27,17736.94921875,17783.900390625,17654.5,17771.400390625,324600,0.004564907874966551,0.0045545202832827395,0.009398416603166765,17652.859765625,17477.534765625,17285.132421875,17504.6009765625,16993.508520507814,115.05078125,0.006516113681217064,229660.0,255135.0,1.2722676230231054
2022-10-28,17786.80078125,17838.900390625,17723.69921875,17756.400390625,250000,0.002810605244745412,0.0028066628790527496,0.009041931002342825,17697.430078125,17554.7798828125,17331.54248046875,17503.8319921875,16993.71302246094,19.451171875,0.001096646984501589,229740.0,251440.0,0.9942729875914731
2022-10-31,18012.19921875,18022.80078125,17899.900390625,17910.19921875,227200,0.012672230395564199,0.012592609626880552,0.009218851850968122,17784.609765625,17637.4298828125,17391.2474609375,17505.1909765625,16994.710522460937,123.3984375,0.006937640951715205,219640.0,245800.0,0.9243287225386493
2022-11-01,18145.400390625,18175.80078125,18060.150390625,18130.69921875,349900,0.007395053222392978,0.007367843877008389,0.008760975459408666,17867.53984375,17720.78984375,17443.8,17508.968984375,16995.421020507812,118.5,0.0065788746038654795,280620.0,244490.0,1.4311423780113706
2022-11-02,18082.849609375,18178.75,18048.650390625,18177.900390625,270900,-0.003447197631545107,-0.0034531529072475455,0.008167468925341717,17952.83984375,17780.3798828125,17503.575,17515.4569921875,16995.556518554688,32.5,0.001791087509801737,284520.0,244115.0,1.1097228765131188
2022-11-03,18052.69921875,18106.30078125,17959.19921875,17968.349609375,213000,-0.0016673473084335422,-0.001668738878993079,0.006824675854333378,18015.98984375,17834.4248046875,17542.494921875,17526.6969921875,16994.758266601562,-114.5,-0.006331966613306224,262200.0,243465.0,0.8748690776908385
2022-11-04,18117.150390625,18135.099609375,18017.150390625,18053.400390625,267900,0.003570168155688336,0.0035638102334325083,0.0068269386322218455,18082.059765625,17889.744921875,17581.76240234375,17537.49,16994.05501464844,0.701171875,3.884027903548876e-05,265780.0,243585.0,1.0998214175749739
2022-11-07,18202.80078125,18255.5,18064.75,18211.75,314800,0.004727586225111935,0.0047164462855731094,0.006804232403912721,18120.180078125,17952.394921875,17626.169921875,17549.44703125,16993.790268554687,94.599609375,0.005221550151946193,283300.0,248510.0,1.266749828980725
2022-11-09,18157.0,18296.400390625,18117.5,18288.25,307200,-0.002516139235956394,-0.0025193100341803654,0.006723727427928729,18122.5,17995.019921875,17671.969921875,17562.138046875,16993.034770507813,85.44921875,0.004694289619321546,274760.0,252170.0,1.2182258000555182
2022-11-10,18028.19921875,18103.099609375,17969.400390625,18044.349609375,256500,-0.007093725904609771,-0.007119006002546902,0.005814081564256341,18111.569921875,18032.2048828125,17724.20234375,17571.5240234375,16992.61051269531,-112.650390625,-0.006204240272346753,271880.0,250865.0,1.0224622805094374
2022-11-11,18349.69921875,18362.30078125,18259.349609375,18272.349609375,378500,0.017833173247033374,0.01767602773148285,0.006609703879164707,18170.969921875,18093.4798828125,17785.50732421875,17592.26,16994.667006835938,244.150390625,0.013542694290346786,304980.0,256990.0,1.4728199540838165
2022-11-14,18329.150390625,18399.44921875,18311.400390625,18376.400390625,301400,-0.0011198455015547504,-0.0011204729970374992,0.006293617506210125,18213.369921875,18147.71484375,17851.24736328125,17603.6569921875,16997.527758789063,26.701171875,0.0014551285858525865,311680.0,258740.0,1.1648759372342892
2022-11-15,18403.400390625,18427.94921875,18282.0,18362.75,250900,0.004050924260950772,0.00404274135870096,0.006116745181953594,18253.48984375,18186.8349609375,17912.132421875,17620.868984375,17001.45900878906,33.599609375,0.0018331242124668004,298900.0,259935.0,0.9652413103275819
2022-11-16,18409.650390625,18442.150390625,18344.150390625,18398.25,219300,0.0003396111515991951,0.000339553496785159,0.006082501220714123,18304.019921875,18213.2599609375,17967.02490234375,17638.2730078125,17007.761762695314,-5.150390625,-0.0002798608146146565,281320.0,260290.0,0.8425218026047869
2022-11-17,18343.900390625,18417.599609375,18312.94921875,18358.69921875,200500,-0.00357149639481924,-0.0035778894143715548,0.006020763456973685,18367.16015625,18239.3650390625,18009.8724609375,17651.835,17013.091518554687,-50.951171875,-0.0027676338656027148,270120.0,258340.0,0.7761090036386158
2022-11-18,18307.650390625,18394.599609375,18209.80078125,18382.94921875,198800,-0.00197613371355454,-0.001978088841936149,0.006097804967563335,18358.750390625,18264.86015625,18049.64248046875,17664.876015625,17019.079018554687,39.048828125,0.0021287091236581643,234180.0,257755.0,0.7712750480107079
2022-11-21,18159.94921875,18262.30078125,18133.349609375,18246.400390625,213800,-0.008067729540576885,-0.008100449774708418,0.006513841217434179,18324.91015625,18269.1400390625,18079.44248046875,17675.5869921875,17024.369018554688,-61.25,-0.0033455958953293626,216660.0,255965.0,0.8352704471314437
2022-11-22,18244.19921875,18261.849609375,18137.69921875,18179.150390625,177700,0.00463933015368867,0.004628601630860599,0.006541861026184501,18293.069921875,18273.2798828125,18112.83740234375,17684.4959765625,17028.890766601562,19.201171875,0.0010573362096836121,202020.0,250965.0,0.7080668619130157
2022-11-23,18267.25,18325.400390625,18246.0,18325.19921875,178800,0.0012634580983039712,0.0012626606067816233,0.006337286475101007,18264.58984375,18284.3048828125,18139.66240234375,17693.173984375,17032.34276855469,81.0,0.004439767348996845,193920.0,257655.0,0.6939512138324504
2022-11-24,18484.099609375,18529.69921875,18294.25,18326.099609375,204000,0.011870949889830174,0.011801042862214367,0.0065891718927848465,18292.6296875,18329.894921875,18181.04990234375,17704.128984375,17035.863266601562,58.849609375,0.003221591064610163,194620.0,255285.0,0.7991068805452729
2022-11-25,18512.75,18534.900390625,18445.099609375,18528.44921875,205900,0.0015500019600884762,0.0015488019469054911,0.006569421486490797,18333.649609375,18346.2,18219.83994140625,17712.98296875,17040.626020507814,44.349609375,0.002399338367150229,196040.0,249350.0,0.8257469420493283
2022-11-28,18562.75,18614.25,18365.599609375,18430.55078125,206500,0.0027008413120686026,0.0026972005940332764,0.006568897973570967,18414.209765625,18369.5599609375,18258.63740234375,17724.16296875,17045.85826660156,-82.19921875,-0.004440140916395457,194580.0,247175.0,0.8354404773945585
2022-11-29,18618.05078125,18678.099609375,18552.150390625,18552.44921875,195300,0.00297912654375021,0.0029746977400658824,0.006092615425872464,18488.980078125,18391.025,18288.92998046875,17738.9759765625,17052.88052246094,-10.30078125,-0.0005549167687977267,198100.0,245580.0,0.7952602003420474
2022-11-30,18758.349609375,18816.05078125,18616.55078125,18625.69921875,345600,0.007535634625419174,0.007507383568474861,0.006099641433712857,18587.2,18425.894921875,18319.57744140625,17763.5259765625,17060.338520507812,7.6484375,0.00041080763984716615,231460.0,245365.0,1.4085138467181546
2022-12-01,18812.5,18887.599609375,18778.19921875,18871.94921875,325000,0.002886735334004964,0.0028825767148602448,0.005982730638937979,18652.880078125,18472.7548828125,18356.0599609375,17787.3309765625,17067.082016601562,113.599609375,0.006055949043524888,255660.0,248070.0,1.3101140807030274
2022-12-02,18696.099609375,18781.94921875,18639.19921875,18752.400390625,254400,-0.006187396179402005,-0.006206617442539312,0.006209506317068017,18689.55,18511.5998046875,18388.22998046875,17804.92796875,17072.533266601564,-60.099609375,-0.0031946636212624585,265360.0,250140.0,1.0170304629407532
2022-12-05,18701.05078125,18728.599609375,18591.349609375,18719.55078125,288400,0.00026482378562620035,0.0002647887259970962,0.0062030767957559265,18717.21015625,18565.7099609375,18417.425,17824.5819921875,17079.164770507814,23.451171875,0.0012543349877768414,281740.0,251165.0,1.1482491589194355
2022-12-06,18642.75,18654.900390625,18577.900390625,18600.650390625,217800,-0.0031175136590962937,-0.0031223832280691255,0.006243173186256604,18722.15,18605.5650390625,18439.4224609375,17844.8409765625,17088.164516601562,-100.400390625,-0.005368703170715048,286240.0,246315.0,0.8842336033128312
2022-12-07,18560.5,18668.30078125,18528.400390625,18638.849609375,200500,-0.004411902750398933,-0.004421663914122268,0.006316733210358509,18682.580078125,18634.8900390625,18459.5974609375,17869.503984375,17094.20477050781,-3.900390625,-0.00020921755776374194,257220.0,240980.0,0.8320192547099344
2022-12-08,18609.349609375,18625.0,18536.94921875,18570.849609375,202800,0.002631912360927746,0.0026284549446723396,0.006018579625394551,18641.95,18647.4150390625,18488.65498046875,17901.3649609375,17100.640522460937,10.349609375,0.0005576147935131058,232780.0,238295.0,0.8510459724291319
2022-12-09,18496.599609375,18664.69921875,18410.099609375,18662.400390625,215800,-0.006058782405979346,-0.006077211303593385,0.004893971916945334,18602.05,18645.8,18496.0,17931.1489453125,17106.600522460936,53.05078125,0.0028507595570816794,225060.0,230160.0,0.9376086200903719
2022-12-12,18497.150390625,18521.55078125,18345.69921875,18402.150390625,193900,2.977743269738653e-05,2.977698935843848e-05,0.0048817923184751085,18561.269921875,18639.2400390625,18504.4,17963.9199609375,17112.70477050781,-94.44921875,-0.005106301738949273,206160.0,224785.0,0.8626020419511978
2022-12-13,18608.0,18617.25,18490.19921875,18524.400390625,187600,0.0059927938646799905,0.005974908495510217,0.004975228144609482,18554.319921875,18638.2349609375,18514.62998046875,17999.71796875,17119.711518554686,27.25,0.0014731998942827025,200120.0,221620.0,0.8464939987365762
2022-12-14,18660.30078125,18696.099609375,18632.900390625,18671.25,208000,0.002810661073194387,0.002806718551028224,0.004999965095395259,18574.280078125,18628.430078125,18527.1625,18031.0369921875,17127.552026367186,63.25,0.0033990756663800515,201620.0,221055.0,0.9409422994277442
2022-12-15,18414.900390625,18652.900390625,18387.69921875,18614.400390625,183100,-0.013150934355333654,-0.01323817358829901,0.0058209366164828765,18535.390234375,18588.6701171875,18530.7125,18061.5880078125,17134.310278320314,-45.900390625,-0.0024597883583484907,197680.0,220185.0,0.8315734495992007
2022-12-16,18269.0,18440.94921875,18255.150390625,18319.099609375,277700,-0.00792295301794177,-0.007954506384605002,0.0060843705661895505,18489.8703125,18545.96015625,18528.77998046875,18081.4819921875,17144.41552734375,-95.80078125,-0.0052023513143069754,210060.0,224130.0,1.2390130727702673
2022-12-19,18420.44921875,18431.650390625,18244.55078125,18288.099609375,154800,0.008289956688926514,0.008255783729645224,0.006054615572114448,18474.530078125,18517.9,18541.80498046875,18103.2549609375,17153.225771484376,19.099609375,0.0010454655085116865,202240.0,221180.0,0.6998824486843295
2022-12-20,18385.30078125,18404.900390625,18202.650390625,18340.30078125,169000,-0.0019081205394395617,-0.0019099433205291773,0.006008941184331622,18429.990234375,18492.155078125,18548.86005859375,18124.66796875,17161.1827734375,-80.1484375,-0.00435105770484781,198520.0,220745.0,0.7655892545697525
2022-12-21,18199.099609375,18473.349609375,18162.75,18435.150390625,187600,-0.01012771964355863,-0.01017935391694218,0.006446930644833639,18337.75,18456.0150390625,18545.4525390625,18143.8299609375,17169.148525390625,49.849609375,0.002711383945692009,194440.0,221185.0,0.8481587811108349
2022-12-22,18127.349609375,18318.75,18068.599609375,18288.80078125,195700,-0.003942502735851727,-0.0039502948868902,0.005833347717346908,18280.23984375,18407.8150390625,18527.6150390625,18166.7059375,17177.29501953125,89.701171875,0.0049288796589031115,196960.0,220770.0,0.8864429043801241
2022-12-23,17806.80078125,18050.44921875,17779.5,17977.650390625,221500,-0.01768316025411787,-0.01784137526808462,0.006888146532575826,18187.8,18338.83515625,18492.317578125,18180.3699609375,17185.102275390625,-149.69921875,-0.008258196701440535,185720.0,221550.0,0.9997743173098623
2022-12-26,18014.599609375,18084.099609375,17774.25,17830.400390625,176700,0.011669632893506865,0.01160206785899442,0.007471977693957483,18106.630078125,18290.580078125,18464.91005859375,18200.3749609375,17195.859521484374,23.599609375,0.0013253143933552424,190100.0,220060.0,0.8029628283195492
2022-12-27,18132.30078125,18149.25,17967.44921875,18089.80078125,214300,0.006533654614990558,0.006512402811413872,0.0076241226371241136,18056.030078125,18243.01015625,18440.62255859375,18219.3069921875,17206.45377441406,75.201171875,0.004174457024060888,199160.0,221010.0,0.9696393828333559
2022-12-28,18122.5,18173.099609375,18068.349609375,18084.75,193900,-0.0005405150382313817,-0.0005406611691443354,0.0073404916832842644,18040.71015625,18189.230078125,18408.830078125,18235.5209765625,17215.33952636719,-47.55078125,-0.0026224350579475636,200420.0,213425.0,0.908515872086213
2022-12-29,18191.0,18229.69921875,17992.80078125,18045.69921875,281100,0.00377983170092433,0.0037727060871833766,0.0073724910392868,18053.440234375,18166.8400390625,18377.755078125,18249.6019921875,17223.32002441406,-76.80078125,-0.004237869016416058,217500.0,211230.0,1.3307768782843346
2022-12-30,18105.30078125,18265.25,18080.30078125,18259.099609375,192000,-0.00471107793689185,-0.004722210041123311,0.007331974927111364,18113.140234375,18150.4701171875,18348.21513671875,18261.4630078125,17230.694282226563,68.099609375,0.00374358800368314,211600.0,208110.0,0.9225890154245351
2023-01-02,18197.44921875,18215.150390625,18086.5,18131.69921875,256100,0.005089583355357918,0.005076675205536103,0.007473820553349509,18149.71015625,18128.1701171875,18323.03505859375,18274.1330078125,17237.32502441406,26.3984375,0.0014580502041335011,227480.0,206495.0,1.240223734230853
2023-01-03,18232.55078125,18251.94921875,18149.80078125,18163.19921875,208700,0.00192892762485819,0.001927069632871597,0.007495712209167232,18169.76015625,18112.8951171875,18302.52509765625,18287.2580078125,17245.172778320313,-34.25,-0.0018821319179563928,226360.0,206040.0,1.0129101145408659
2023-01-04,18042.94921875,18243.0,18020.599609375,18230.650390625,235200,-0.010399069487028845,-0.010453517612292944,0.007750786269501782,18153.85,18097.280078125,18276.64755859375,18293.5019921875,17250.510776367188,-1.900390625,-0.00010423065032427194,234620.0,207775.0,1.1319937432318614
2023-01-05,17992.150390625,18120.30078125,17892.599609375,18101.94921875,269900,-0.0028154392892826285,-0.0028194100932680756,0.007697752365174589,18114.080078125,18083.76015625,18245.78759765625,18300.2180078125,17254.036274414062,59.0,0.0032699753950805317,232380.0,211130.0,1.2783593046937907
2023-01-06,17859.44921875,18047.400390625,17795.55078125,18008.05078125,238200,-0.007375503705446151,-0.0074028372147649955,0.0077428810935765546,18064.909765625,18089.025,18213.930078125,18302.6680078125,17257.745522460937,15.900390625,0.0008837404245623173,241620.0,212250.0,1.12226148409894
2023-01-09,18101.19921875,18141.400390625,17936.150390625,17952.55078125,257200,0.013536251708490266,0.01344545509952314,0.008459602672377067,18045.659765625,18097.6849609375,18194.13251953125,18308.9559765625,17261.674018554688,93.1015625,0.005213014206633874,241840.0,215415.0,1.1939744214655432
2023-01-10,17914.150390625,18127.599609375,17856.0,18121.30078125,283300,-0.010333504750958511,-0.010387266093937284,0.00853191047769042,17981.9796875,18075.869921875,18159.4400390625,18306.995,17265.016518554687,20.1015625,0.0011105099864973554,256760.0,220200.0,1.2865576748410537
2023-01-11,17895.69921875,17976.349609375,17824.349609375,17924.25,259900,-0.0010299775022909463,-0.0010305082936186098,0.008464119675746985,17952.5296875,18053.18984375,18121.2099609375,18302.0009765625,17268.381264648437,10.099609375,0.000563778306800719,261700.0,222795.0,1.1665432348122713
2023-01-12,17858.19921875,17945.80078125,17761.650390625,17920.849609375,227800,-0.00209547554088918,-0.0020976741216788596,0.008052360916062144,17925.739453125,18019.909765625,18093.37490234375,18297.50796875,17271.907260742188,25.150390625,0.0014053874239598856,253280.0,225030.0,1.0123094698484647
2023-01-13,17956.599609375,17999.349609375,17774.25,17867.5,256700,0.005510095918388247,0.0054949708747303715,0.00804890120182539,17945.16953125,18005.0396484375,18077.7548828125,18295.5859765625,17275.58025878906,9.30078125,0.0005208129406594791,256980.0,223980.0,1.1460844718278418
2023-01-16,17894.849609375,18049.650390625,17853.650390625,18033.150390625,206200,-0.003438847072569362,-0.0034447734977776498,0.007771870085462574,17903.899609375,17974.7796875,18051.47490234375,18291.1399609375,17278.428002929686,76.55078125,0.004263100081043932,246780.0,226550.0,0.9101743544471419
2023-01-17,18053.30078125,18072.05078125,17886.94921875,17922.80078125,219100,0.008854568511824201,0.008815596703469526,0.008101732747346727,17931.7296875,17956.8546875,18034.87490234375,18288.1499609375,17281.20325683594,27.951171875,0.0015619674087876412,233940.0,229055.0,0.9565388225535352
2023-01-18,18165.349609375,18183.75,18032.44921875,18074.30078125,255800,0.006206556323560042,0.00618737497867869,0.007942112931794225,17985.659765625,17969.0947265625,18033.18740234375,18288.316953125,17284.70625488281,21.0,0.0011632221860398192,233120.0,232465.0,1.1003807024713397
2023-01-19,18107.849609375,18155.19921875,18063.75,18119.80078125,237800,-0.003165367099256078,-0.0031703874707042848,0.007924012900913501,18035.58984375,17980.6646484375,18032.21240234375,18289.9099609375,17286.893256835938,-45.548828125,-0.0025074567296790476,235120.0,234570.0,1.0137698767958392
2023-01-20,18027.650390625,18145.44921875,18016.19921875,18115.599609375,237200,-0.004428975305189153,-0.004438812272184146,0.006850978724430507,18049.8,17997.484765625,18043.2548828125,18283.468984375,17286.764506835938,7.75,0.0004279911843307768,231220.0,235355.0,1.0078392216014107
2023-01-23,18118.55078125,18162.599609375,18063.44921875,18118.44921875,202500,0.005042276095628795,0.005029606393094338,0.006437133571930925,18094.540234375,17999.219921875,18048.45244140625,18279.2569921875,17287.570258789063,90.798828125,0.00503664238863976,230480.0,236645.0,0.8557121426609479
2023-01-24,18118.30078125,18201.25,18078.650390625,18183.94921875,216900,-1.3798013043020418e-05,-1.379810823647804e-05,0.0062680918953860075,18107.540234375,18019.6349609375,18047.75244140625,18273.555,17289.12351074219,65.3984375,0.0036094739744680702,230040.0,236775.0,0.9160595502058917
2023-01-25,17891.94921875,18100.599609375,17846.150390625,18093.349609375,257200,-0.01249297962501228,-0.012571672991636754,0.006861994510326892,18052.86015625,18019.2599609375,18036.22490234375,18263.2009765625,17290.385502929686,-24.951171875,-0.0013771253814718156,230320.0,239940.0,1.071934650329249
2023-01-27,17604.349609375,17884.75,17493.55078125,17877.19921875,476300,-0.016074246906178757,-0.016204838949638832,0.007589861178264318,17952.16015625,17993.875,18006.8923828125,18248.4099609375,17289.48550292969,-14.75,-0.0008243931289801912,278020.0,249700.0,1.907488986784141
2023-01-30,17648.94921875,17709.150390625,17405.55078125,17541.94921875,432400,0.0025334426073457816,0.002530238851503625,0.007606941042441532,17876.419921875,17963.1099609375,17984.0748046875,18235.2359375,17289.355502929688,-62.400390625,-0.0035446007384316754,317060.0,261720.0,1.6521473330276633
2023-01-31,17662.150390625,17735.69921875,17537.55078125,17731.44921875,398300,0.0007479862801675896,0.0007477066778470427,0.007477409381584132,17785.13984375,17939.8400390625,17957.30986328125,18225.2799609375,17290.014750976563,82.5,0.004674499256440329,356220.0,268830.0,1.4816054755793624
2023-02-01,17616.30078125,17972.19921875,17353.400390625,17811.599609375,512900,-0.0025959245256645946,-0.0025992997802722563,0.007437658474357218,17684.73984375,17896.1400390625,17926.49736328125,18212.7219921875,17290.718002929687,149.44921875,0.008461552837265334,415420.0,284040.0,1.8057315871004085
2023-02-02,17610.400390625,17653.900390625,17445.94921875,17517.099609375,490100,-0.0003349392530399564,-0.00033499535771969267,0.007152506299686621,17628.430078125,17840.6451171875,17904.869921875,18199.585,17292.901752929687,-99.201171875,-0.005631214697502513,462000.0,296785.0,1.6513637818622908
2023-02-03,17854.05078125,17870.30078125,17584.19921875,17721.75,424100,0.013835596307890219,0.013740758205234283,0.007884735246800912,17678.3703125,17815.265234375,17897.96494140625,18186.9840234375,17297.37875488281,111.349609375,0.006322945924289014,451560.0,304495.0,1.392797911295752
2023-02-06,17764.599609375,17823.69921875,17698.349609375,17818.55078125,282500,-0.005010133160870178,-0.005022725956678951,0.0077910813094273215,17701.500390625,17788.96015625,17893.2224609375,18172.021015625,17300.518999023436,-35.5,-0.0019883442942417,421580.0,306710.0,0.9210655016139024
2023-02-07,17721.5,17811.150390625,17652.55078125,17790.099609375,354400,-0.0024261514654264627,-0.0024290993398515346,0.0070920868170505245,17713.3703125,17749.255078125,17874.2375,18155.196015625,17302.163500976563,25.5,0.0014354390507367674,412800.0,311570.0,1.1374650961260713
2023-02-08,17871.69921875,17898.69921875,17744.150390625,17750.30078125,291000,0.008475536424681795,0.00843982073038998,0.007041133855327375,17764.45,17724.594921875,17872.11494140625,18140.268984375,17305.662250976562,28.80078125,0.001625188683237875,368420.0,311955.0,0.9328268500264462
2023-02-09,17893.44921875,17916.900390625,17779.80078125,17885.5,260900,0.0012170079483646568,0.0012162679944837883,0.007043356923359561,17821.059765625,17724.744921875,17872.00244140625,18122.9709765625,17310.359750976564,13.80078125,0.0007722142747076329,322580.0,312005.0,0.8362045480040384
2023-02-10,17856.5,17876.94921875,17801.0,17847.55078125,232000,-0.0020649578680046465,-0.00206709283308457,0.007042878405004873,17821.549609375,17749.9599609375,17871.91748046875,18103.8509765625,17313.638247070314,-45.8984375,-0.0025650972564811277,284160.0,312215.0,0.7430776868504075
2023-02-13,17770.900390625,17880.69921875,17719.75,17859.099609375,231300,-0.00479375070002519,-0.0048052775756446476,0.006996763190521599,17822.809765625,17762.155078125,17862.63251953125,18085.3469921875,17317.300747070312,2.599609375,0.00014558336600117605,273920.0,310945.0,0.7438614545980801
2023-02-14,17929.849609375,17954.55078125,17800.05078125,17840.349609375,244500,0.0089443537049958,0.008904589905162998,0.007265421879060317,17864.4796875,17788.925,17864.38251953125,18069.92296875,17320.72474121094,69.44921875,0.003908030388074078,251940.0,312860.0,0.7814997123313943
2023-02-15,18015.849609375,18034.099609375,17853.80078125,17896.599609375,229300,0.004796470794436125,0.004785004379327248,0.007062565497511081,17893.309765625,17828.8798828125,17862.5099609375,18057.3849609375,17325.291235351564,-33.25,-0.0018544494641279388,239600.0,313370.0,0.7317228834923573
2023-02-16,18035.849609375,18134.75,18000.650390625,18094.75,230200,0.0011101336008929596,0.00110951785824931,0.006914183477686673,17921.78984375,17871.4248046875,17856.0349609375,18046.891953125,17330.124985351562,78.900390625,0.0043794987378192925,233460.0,312090.0,0.73760774135666
2023-02-17,17944.19921875,18034.25,17884.599609375,17974.849609375,208100,-0.005081567689351307,-0.005094522761127012,0.006968532158763539,17939.3296875,17880.4396484375,17847.85244140625,18033.5889453125,17336.45798339844,-61.0,-0.003382152841210891,228680.0,310605.0,0.6699827755509409
2023-02-20,17844.599609375,18004.349609375,17818.400390625,17965.55078125,174600,-0.005550518480140765,-0.005565979846782634,0.007006807748957067,17954.06953125,17888.4396484375,17838.69990234375,18020.5489453125,17342.26772949219,21.3515625,0.001189886616823203,217340.0,307475.0,0.5678510448003903
2023-02-21,17826.69921875,17924.900390625,17800.30078125,17905.80078125,198200,-0.001003126492992057,-0.0010036299610954843,0.0068850723676263095,17933.439453125,17898.9595703125,17824.10732421875,18007.139921875,17349.344975585936,61.201171875,0.0034296747035358977,208080.0,307260.0,0.6450563041072707
2023-02-22,17554.30078125,17772.5,17529.44921875,17755.349609375,204000,-0.015280363131582653,-0.015398310946496917,0.007603403268074232,17841.1296875,17867.2197265625,17795.90732421875,17986.0659375,17355.607231445312,-71.349609375,-0.004002401594343106,203020.0,306615.0,0.6653294848588621
2023-02-23,17511.25,17620.05078125,17455.400390625,17574.650390625,240800,-0.002452434977984641,-0.0024554471223785586,0.007161653622759833,17736.209765625,17828.9998046875,17776.87236328125,17963.084921875,17361.963232421876,20.349609375,0.001159237820325815,205140.0,305795.0,0.7874556483918965
2023-02-24,17465.80078125,17599.75,17421.80078125,17591.349609375,209400,-0.002595429723749043,-0.002598803690668268,0.006249560103642406,17640.530078125,17789.9298828125,17769.944921875,17944.1029296875,17368.45673828125,80.099609375,0.004574179991434078,205400.0,292450.0,0.7160198324499915
2023-02-27,17392.69921875,17451.599609375,17299.0,17428.599609375,246400,-0.004185411445805309,-0.004194194796816341,0.006265472407441015,17550.15,17752.109765625,17757.132421875,17926.5769140625,17376.380234375,-37.201171875,-0.0021299436734064,219760.0,283150.0,0.8702101359703337
2023-02-28,17303.94921875,17440.44921875,17255.19921875,17383.25,420900,-0.0051027157362857345,-0.005115779048087727,0.006329952081903434,17445.6,17689.5197265625,17739.22236328125,17904.2469140625,17383.989228515624,-9.44921875,-0.0005432865037885194,264300.0,284280.0,1.4805825242718447
2023-03-01,17450.900390625,17467.75,17345.25,17360.099609375,272900,0.008492348770636093,0.008456491641293511,0.0066602387348284435,17424.919921875,17633.0248046875,17730.95234375,17885.55890625,17392.03223144531,56.150390625,0.003244946567697809,278080.0,272280.0,1.0022770677244013
2023-03-02,17321.900390625,17445.80078125,17306.0,17421.5,310700,-0.007392168719804415,-0.007419626196212839,0.006838359178898926,17387.05,17561.6298828125,17716.52734375,17868.014921875,17397.345234375,-29.400390625,-0.001684749208745385,292060.0,263310.0,1.179977972731761
2023-03-03,17594.349609375,17644.75,17427.69921875,17451.25,356200,0.015728598629827895,0.015606186138582535,0.007061114515904719,17412.759765625,17526.644921875,17703.54228515625,17857.354921875,17404.115483398436,129.349609375,0.007467402909498712,321420.0,259915.0,1.3704480310870861
2023-03-06,17711.44921875,17799.94921875,17671.94921875,17680.349609375,362800,0.006655523618366965,0.006633473404126094,0.007168104928657574,17476.509765625,17513.3298828125,17700.884765625,17855.447890625,17413.625727539064,86.0,0.004887932882393995,344700.0,263930.0,1.374606903345584
2023-03-08,17754.400390625,17766.5,17602.25,17665.75,267000,0.0024250512391459367,0.0024221155475668,0.0071682331932026895,17566.6,17506.1,17702.52978515625,17850.24390625,17421.066977539063,-45.69921875,-0.0025802077619724705,313920.0,259560.0,1.0286638927415626
2023-03-09,17589.599609375,17772.349609375,17573.599609375,17772.05078125,262400,-0.009282249899975281,-0.009325598438082557,0.007178205958920805,17594.33984375,17509.6298828125,17688.4248046875,17839.3898828125,17427.941474609375,17.650390625,0.0009941417472098962,311820.0,258130.0,1.0165420524541897
2023-03-10,17412.900390625,17451.5,17324.349609375,17443.80078125,235900,-0.010045664635585094,-0.010096462811863625,0.007450667269636431,17612.53984375,17499.794921875,17664.39736328125,17825.197890625,17434.380224609376,-145.798828125,-0.00828892250891779,296860.0,256880.0,0.9183276237932109
2023-03-13,17154.30078125,17529.900390625,17113.44921875,17421.900390625,254900,-0.014851035931626178,-0.014962416687813755,0.008041801629766412,17524.530078125,17468.644921875,17629.28740234375,17804.46390625,17440.022729492186,9.0,0.0005168581797461809,276600.0,258025.0,0.987888770467978
2023-03-14,17043.30078125,17224.650390625,16987.099609375,17160.55078125,290600,-0.006470680525861194,-0.006491706128142258,0.008081402050455306,17390.900390625,17433.705078125,17592.907421875,17783.22390625,17444.388481445312,6.25,0.00036434011969939205,262160.0,260990.0,1.1134526227058508
2023-03-15,16972.150390625,17211.349609375,16938.900390625,17166.44921875,248200,-0.004174683738684903,-0.004183422059139645,0.007663036031296467,17234.450390625,17400.5251953125,17545.0224609375,17758.7179296875,17447.486982421877,123.1484375,0.007225621320693958,258400.0,261175.0,0.9503206662199675
2023-03-16,16985.599609375,17062.44921875,16850.150390625,16994.650390625,349800,0.0007924286811309411,0.0007921148752918237,0.00750724069543895,17113.650390625,17353.9951171875,17493.5099609375,17733.77890625,17449.107978515625,22.5,0.0013257011917846573,275880.0,267200.0,1.3091317365269461
2023-03-17,17100.05078125,17145.80078125,16958.150390625,17111.80078125,408100,0.006738129621978839,0.0067155298897271865,0.007766973971379772,17051.08046875,17331.81015625,17446.72001953125,17714.9209375,17451.685478515625,126.201171875,0.007429892071949274,310320.0,276095.0,1.4781144171390281
2023-03-20,16988.400390625,17066.599609375,16828.349609375,17066.599609375,241800,-0.0065292432199922645,-0.006550651968001941,0.007797691043978976,17017.900390625,17271.215234375,17398.930078125,17694.8459375,17454.01373046875,-33.451171875,-0.00195620307231361,307700.0,277780.0,0.8704730362157103
2023-03-21,17107.5,17127.69921875,17016.0,17060.400390625,246700,0.007010642946744028,0.006986182644570191,0.008057891809827335,17030.740234375,17210.8203125,17362.07509765625,17679.806953125,17456.41123046875,72.0,0.0042381859589165904,298920.0,281385.0,0.876734722888569
2023-03-22,17151.900390625,17207.25,17107.849609375,17177.44921875,0,0.0025953757489405316,0.002592013577443892,0.008123024180734234,17066.690234375,17150.5703125,17328.33515625,17660.8209765625,17459.249228515626,69.94921875,0.004088804252520824,249280.0,271475.0,0.0
2023-03-23,17076.900390625,17205.400390625,17045.30078125,17097.400390625,219200,-0.004372693304643627,-0.0043822814890137705,0.00752097148369644,17084.950390625,17099.300390625,17304.46513671875,17644.0759765625,17461.7859765625,-54.5,-0.0031774904680410207,223160.0,272235.0,0.805186695318383
2023-03-24,16945.05078125,17109.44921875,16917.349609375,17076.19921875,228000,-0.007720933328590696,-0.007750894050448838,0.007652698903598971,17053.950390625,17052.5154296875,17276.15517578125,17625.0630078125,17464.429482421874,-0.701171875,-4.105966884862398e-05,187140.0,271595.0,0.8394852629834865
2023-03-27,16985.69921875,17091.0,16918.55078125,16984.30078125,218400,0.0023988383407489433,0.002395965721106003,0.007700331995455182,17053.41015625,17035.6552734375,17252.15009765625,17607.6130078125,17467.576728515625,39.25,0.002316310556202689,182460.0,272045.0,0.8028083589112095
2023-03-28,16951.69921875,17061.75,16913.75,17031.75,238800,-0.002001683861354908,-0.0020036899079230227,0.007673664091164656,17022.25,17026.4951171875,17230.10009765625,17587.515,17469.9447265625,46.05078125,0.0027111501656149626,180880.0,271665.0,0.8790237976920103
2023-03-29,17080.69921875,17126.150390625,16940.599609375,16977.30078125,345900,0.007609856589321451,0.0075810476927372725,0.007862389640452092,17008.009765625,17037.35,17218.93759765625,17571.2319921875,17474.33922363281,25.6015625,0.0015102652642445735,250060.0,267915.0,1.291081126476681
2023-03-31,17359.75,17381.599609375,17204.650390625,17210.349609375,263900,0.016337198944623932,0.016205182818433635,0.00850992096638482,17064.5796875,17074.7650390625,17214.380078125,17557.3609765625,17482.265971679688,129.650390625,0.007590461547538923,259000.0,267465.0,0.9866711532350028
2023-04-03,17398.05078125,17428.05078125,17312.75,17427.94921875,230200,0.002206297973761151,0.002203867672376198,0.00835382082763251,17155.1796875,17104.5650390625,17218.18759765625,17542.015,17490.59572753906,68.19921875,0.003928583000907271,259440.0,263440.0,0.8738232614637109
2023-04-05,17557.05078125,17570.55078125,17402.69921875,17422.30078125,248300,0.009138954817361267,0.00909744726853034,0.00782448180847172,17269.45,17161.430078125,17216.32265625,17530.9990234375,17499.92022949219,24.25,0.0013938343039057222,265420.0,258045.0,0.9622352690422213
2023-04-06,17599.150390625,17638.69921875,17502.849609375,17533.849609375,242700,0.002397874785437182,0.002395004471214228,0.007688403110665687,17398.940234375,17210.5951171875,17210.70771484375,17522.4290234375,17511.112983398438,-23.201171875,-0.00132147318841144,266200.0,252040.0,0.96294239009681
2023-04-10,17624.05078125,17694.099609375,17597.94921875,17634.900390625,254800,0.0014148632219350699,0.0014138632460749291,0.007672930946109792,17507.610546875,17257.81015625,17204.190234375,17512.5390234375,17522.765737304686,35.75,0.0020313480597929255,247980.0,251430.0,1.0134033329356082
2023-04-11,17722.30078125,17748.75,17655.150390625,17704.80078125,304300,0.005574768321964241,0.005559286811614234,0.007478390300473515,17580.120703125,17322.3501953125,17210.82529296875,17504.6190234375,17534.62648925781,80.75,0.0045818070432427985,256060.0,253525.0,1.2002761068928114
2023-04-12,17812.400390625,17825.75,17717.25,17759.55078125,232800,0.005083967961446945,0.005071088231309614,0.007122643351580882,17662.990625,17409.08515625,17230.80029296875,17503.028046875,17545.4944921875,37.25,0.0021018715605713055,256580.0,253370.0,0.9188143821289024
2023-04-13,17828.0,17842.150390625,17729.650390625,17807.30078125,285800,0.0008757724412713497,0.0008753891763391581,0.006049375878021077,17717.18046875,17493.315234375,17264.48525390625,17507.5010546875,17557.567993164062,-5.099609375,-0.0002862954606434751,264080.0,254915.0,1.1211580330698467
2023-04-17,17706.849609375,17863.0,17574.05078125,17863.0,357400,-0.006795512150830185,-0.00681870678285114,0.0060735482737714185,17738.7203125,17568.8302734375,17297.6626953125,17508.6590625,17568.318989257812,35.0,0.0019632039488445144,287020.0,258255.0,1.383903506224468
2023-04-18,17660.150390625,17766.599609375,17610.19921875,17766.599609375,258900,-0.0026373533282438855,-0.0026408372714739102,0.006001535805181453,17745.940234375,17626.775390625,17332.0626953125,17508.6190625,17578.123491210936,59.75,0.0033744003771492472,287840.0,258790.0,1.0004250550639515
2023-04-19,17618.75,17666.150390625,17579.849609375,17653.349609375,281500,-0.002344283016240789,-0.0023470351496987078,0.006075445399489562,17725.230078125,17652.675390625,17363.72021484375,17508.668046875,17587.0569921875,-6.80078125,-0.0003850919216186424,283280.0,255375.0,1.1023005384238864
2023-04-20,17624.44921875,17684.44921875,17584.349609375,17638.599609375,215100,0.0003234746363958152,0.00032342232975522987,0.005972200894674147,17687.63984375,17675.315234375,17389.94013671875,17508.9490234375,17595.928237304688,19.849609375,0.0011266184817311103,279740.0,245725.0,0.8753688065927357
2023-04-21,17624.05078125,17663.19921875,17553.94921875,17639.75,230200,-2.260708945023282e-05,-2.260734499433094e-05,0.005680256023285723,17646.85,17682.015234375,17421.72265625,17504.3490234375,17605.052993164063,15.30078125,0.0008681565625166921,268620.0,245145.0,0.9390360806869403
2023-04-24,17743.400390625,17754.5,17612.5,17707.55078125,255700,0.006771973756565242,0.006749146939408538,0.005669091365063868,17654.16015625,17696.440234375,17453.51767578125,17503.9250390625,17614.868745117186,83.5,0.004737843815613297,248280.0,245595.0,1.0411449744498056
2023-04-25,17769.25,17807.44921875,17716.849609375,17761.55078125,297400,0.0014568576938982503,0.0014557975062981768,0.0056668408712688394,17675.980078125,17710.96015625,17484.38515625,17504.8800390625,17624.95474609375,18.150390625,0.0010229375556778868,255980.0,260465.0,1.1418040811625363
2023-04-26,17813.599609375,17827.75,17711.19921875,17767.30078125,233000,0.0024958627615121465,0.002492753268886545,0.005479055378032215,17714.95,17720.0900390625,17521.2201171875,17503.718046875,17634.84599609375,-1.94921875,-0.00010969617457123964,246280.0,261155.0,0.8921904616032624
2023-04-27,17915.05078125,17931.599609375,17797.900390625,17813.099609375,241400,0.005695152810193838,0.005678996739265909,0.005011034200118147,17773.0703125,17730.355078125,17569.7201171875,17504.150078125,17645.367001953124,-0.5,-2.8068442704688297e-05,251540.0,261825.0,0.9219898787357969
2023-04-28,18065.0,18089.150390625,17885.30078125,17950.400390625,290300,0.008370013603697934,0.008335179280697748,0.00516155812504723,17861.26015625,17754.055078125,17623.68515625,17508.320078125,17655.74300292969,35.349609375,0.001973179412474628,263560.0,265420.0,1.0937382262075201
2023-05-02,18147.650390625,18180.25,18101.75,18124.80078125,265200,0.004575166931912511,0.004564732669242972,0.005027346711844612,17942.11015625,17798.13515625,17683.48271484375,17515.855078125,17665.816752929688,59.80078125,0.0033103117215610295,265460.0,266740.0,0.9942265876883857
2023-05-03,18089.849609375,18116.349609375,18042.400390625,18113.80078125,226200,-0.00318502836487633,-0.003190111363585117,0.0051329360062289464,18006.230078125,17841.105078125,17733.940234375,17519.055078125,17675.163002929687,-33.849609375,-0.0018652337160124358,251220.0,260755.0,0.8674809687254319
2023-05-04,18255.80078125,18267.44921875,18066.69921875,18081.0,226600,0.009173717607303677,0.009131894646700034,0.004332484921414948,18094.6703125,17904.81015625,17778.7427734375,17523.8541015625,17685.362006835938,-8.849609375,-0.0004892030373991457,249940.0,258890.0,0.8752752134111013
2023-05-05,18069.0,18216.94921875,18055.44921875,18117.30078125,239700,-0.010232406865540389,-0.010285117822267788,0.005189254418039358,18125.46015625,17949.265234375,17812.290234375,17524.517109375,17695.4155078125,-138.5,-0.007586629677852823,249600.0,259365.0,0.9241802093574693
2023-05-08,18264.400390625,18286.94921875,18100.30078125,18120.599609375,228400,0.010814123118324304,0.010756068652657526,0.005323906847238283,18165.340234375,18013.3001953125,17847.65771484375,17530.9211328125,17706.9042578125,51.599609375,0.002855698122474957,237220.0,258370.0,0.8840035607849208
2023-05-09,18265.94921875,18344.19921875,18229.650390625,18303.400390625,245400,8.480038171931881e-05,8.479678637020549e-05,0.005339687978400988,18189.0,18065.555078125,17880.99765625,17539.348125,17718.540751953125,39.0,0.0021353014150970132,233260.0,258505.0,0.9493046556159456
2023-05-10,18315.099609375,18326.75,18211.94921875,18313.599609375,220500,0.0026908205008338015,0.0026872067245805376,0.005341527339662763,18234.05,18120.1400390625,17915.55009765625,17549.1161328125,17729.87024902344,47.650390625,0.0026087004871384874,232120.0,256790.0,0.8586782974414892
2023-05-11,18297.0,18389.69921875,18270.400390625,18357.80078125,248900,-0.0009882342854272697,-0.0009887229108728535,0.005307866935929697,18242.28984375,18168.480078125,17944.28505859375,17563.9701171875,17739.962749023438,42.701171875,0.002331473635728546,236580.0,254020.0,0.979844106763247
2023-05-12,18314.80078125,18342.75,18194.55078125,18273.75,241700,0.0009728797753729701,0.0009724068345624825,0.005245502206934715,18291.45,18208.455078125,17969.405078125,17580.0411328125,17749.83400390625,-23.25,-0.0012707001147729137,236980.0,254465.0,0.9498359302851079
2023-05-15,18398.849609375,18458.900390625,18287.900390625,18339.30078125,216100,0.004589120522186851,0.004578622613795238,0.0052913109231723125,18318.33984375,18241.8400390625,17997.94755859375,17598.702109375,17759.22400390625,24.5,0.0013377158885114477,234520.0,250980.0,0.8610247828512232
2023-05-16,18286.5,18432.349609375,18264.349609375,18432.349609375,219500,-0.006106338807060685,-0.0061250587396132535,0.005235777401430917,18322.45,18255.725,18026.930078125,17616.578125,17767.63025390625,33.5,0.001820766010442866,229340.0,244085.0,0.8992768912469017
2023-05-17,18181.75,18309.0,18115.349609375,18300.44921875,229900,-0.005728269488420423,-0.005744738948538704,0.005410897658735441,18295.780078125,18264.9150390625,18053.01005859375,17634.134140625,17774.9417578125,13.94921875,0.0007628151231783009,231220.0,242635.0,0.9475137552290478
2023-05-18,18129.94921875,18297.19921875,18104.849609375,18287.5,272100,-0.002849053652701161,-0.0028531199312594804,0.005430767750809312,18262.369921875,18252.3298828125,18078.57001953125,17647.7151171875,17782.43650390625,105.75,0.005816271811019291,235860.0,242165.0,1.1236140647905353
2023-05-19,18203.400390625,18218.099609375,18060.400390625,18186.150390625,260900,0.0040513721791914925,0.004043187469679982,0.005454169190383268,18240.08984375,18265.769921875,18107.517578125,17665.3451171875,17791.0342578125,56.201171875,0.003099907848438799,239700.0,244455.0,1.067272095068622
2023-05-22,18314.400390625,18335.25,18178.849609375,18201.099609375,262600,0.006097761825706316,0.0060792457091855085,0.005527680561029724,18223.2,18270.769921875,18142.03505859375,17679.7461328125,17799.397255859374,-2.30078125,-0.00012639293761757466,249000.0,246075.0,1.0671543228690439
2023-05-23,18348.0,18419.75,18324.19921875,18362.900390625,270400,0.001834600568861644,0.0018329197446846867,0.005409394890639585,18235.5,18278.975,18172.2650390625,17692.4771484375,17806.4892578125,48.5,0.0026481893463914208,259180.0,246810.0,1.095579595640371
2023-05-24,18285.400390625,18392.599609375,18262.94921875,18294.80078125,232600,-0.0034117947119577385,-0.003417628155656871,0.005528702919325861,18256.230078125,18276.005078125,18198.07255859375,17703.0971484375,17812.125009765627,-53.19921875,-0.002899456003379115,259720.0,243570.0,0.9549616126780802
2023-05-25,18321.150390625,18338.099609375,18202.400390625,18268.900390625,235900,0.001955111686716471,0.0019532029433287895,0.0055246254359680325,18294.4703125,18278.4201171875,18223.45009765625,17717.7281640625,17817.0305078125,-16.5,-0.0009023592400229649,252480.0,243715.0,0.9679338571692345
2023-05-26,18499.349609375,18508.55078125,18333.150390625,18368.349609375,198700,0.009726420827874671,0.009679423693686186,0.005757438941553896,18353.66015625,18296.875,18252.6650390625,17739.4571484375,17822.800009765626,47.19921875,0.0025762147978519957,240040.0,241580.0,0.8225018627369816
2023-05-29,18598.650390625,18641.19921875,18581.25,18619.150390625,265300,0.005367798508963517,0.005353443226476252,0.005609470601250555,18410.51015625,18316.855078125,18279.34755859375,17768.344140625,17828.852509765624,119.80078125,0.006475945575367039,240580.0,240330.0,1.1038988058086798
2023-05-30,18633.849609375,18662.44921875,18575.5,18606.650390625,234400,0.0018925684396833287,0.0018907797884415813,0.005563236801744879,18467.680078125,18351.5900390625,18303.65751953125,17800.1551171875,17835.1117578125,8.0,0.00043013873759531235,233380.0,238790.0,0.9816156455462959
2023-05-31,18534.400390625,18603.900390625,18483.849609375,18594.19921875,696500,-0.0053370195013254795,-0.005351312266430236,0.005674999923474198,18517.480078125,18386.855078125,18325.88505859375,17831.4001171875,17840.796259765626,-39.650390625,-0.0021278689833930625,326160.0,262305.0,2.6553058462476886
2023-06-01,18487.75,18580.30078125,18464.55078125,18579.400390625,265600,-0.0025169624936233204,-0.0025201353688439534,0.005409582014310528,18550.8,18422.63515625,18337.48251953125,17861.443125,17845.60951171875,45.0,0.002427917766509551,332100.0,264255.0,1.005089780704244
2023-06-02,18534.099609375,18573.69921875,18478.400390625,18550.849609375,270900,0.002507044360454902,0.002503906967370625,0.0047740153247632046,18557.75,18455.705078125,18360.7375,17890.1241015625,17850.606259765624,63.099609375,0.0034130496883071223,346540.0,265815.0,1.0191298459454885
2023-06-05,18593.849609375,18640.150390625,18582.80078125,18612.0,256100,0.003223787573137793,0.0032186023111129003,0.004249252909835052,18556.78984375,18483.65,18377.2099609375,17922.2330859375,17855.2805078125,77.900390625,0.004203084706936402,344700.0,267200.0,0.9584580838323353
2023-06-06,18599.0,18622.75,18531.599609375,18600.80078125,220800,0.00027699431442118616,0.00027695595857881204,0.004247522559882036,18549.819921875,18508.75,18393.8625,17952.0630859375,17859.784755859375,6.951171875,0.00037384253508725954,341980.0,265970.0,0.8301688160318833
2023-06-07,18726.400390625,18738.94921875,18636.0,18665.599609375,260100,0.006849851638528914,0.006826497990157328,0.00443676584788833,18588.219921875,18552.85,18414.4275390625,17983.5530859375,17864.2905078125,66.599609375,0.00358081667697188,254700.0,267950.0,0.9707034894569883
2023-06-08,18634.55078125,18777.900390625,18615.599609375,18725.349609375,286500,-0.0049048192636628185,-0.004916887367083021,0.0046174881417389655,18617.580078125,18584.1900390625,18431.305078125,18014.70609375,17867.74201171875,-1.05078125,-5.611229216940447e-05,258880.0,269830.0,1.0617796390319831
2023-06-09,18563.400390625,18676.650390625,18555.400390625,18655.900390625,221800,-0.00381819725413457,-0.003825505177262602,0.004737567435175391,18623.440234375,18590.5951171875,18443.73505859375,18047.0730859375,17870.776513671874,21.349609375,0.001145700243897582,249060.0,268835.0,0.8250413822604944
2023-06-12,18601.5,18633.599609375,18559.75,18595.05078125,179500,0.0020524046550352004,0.0020503013499982166,0.004660880000250327,18624.9703125,18590.880078125,18453.867578125,18079.3891015625,17874.991767578125,31.650390625,0.0017049888468162477,233740.0,267005.0,0.6722720548304338
2023-06-13,18716.150390625,18728.900390625,18631.80078125,18631.80078125,233200,0.0061635024393194016,0.00614458574708609,0.004543526563991802,18648.400390625,18599.11015625,18475.35009765625,18114.678125,17881.1190234375,30.30078125,0.0016289428943902374,236220.0,267690.0,0.8711569352609362
2023-06-14,18755.900390625,18769.69921875,18690.0,18744.599609375,261400,0.0021238341844009856,0.002121582036807868,0.004245393464393077,18654.300390625,18621.26015625,18504.0576171875,18148.1821484375,17887.011025390624,28.44921875,0.0015200358063082425,236480.0,269265.0,0.9707908565910905
2023-06-15,18688.099609375,18794.099609375,18669.05078125,18774.44921875,263000,-0.0036149041015322014,-0.0036214536561356998,0.004290509877779172,18665.01015625,18641.2951171875,18531.96513671875,18174.749140625,17892.42677734375,18.548828125,0.0009889596201028822,231780.0,268810.0,0.9783862207507161
2023-06-16,18826.0,18864.69921875,18710.5,18723.30078125,272800,0.0073790483520230765,0.007351956368470602,0.00445496906771,18717.530078125,18670.48515625,18563.0951171875,18203.308125,17898.94453125,35.201171875,0.001883614311288298,241980.0,269405.0,1.012601844806147
2023-06-19,18755.44921875,18881.44921875,18719.150390625,18873.30078125,219800,-0.0037475183921172883,-0.003754557931873424,0.004486390576451285,18748.319921875,18686.6451171875,18585.14755859375,18227.27609375,17904.927275390626,47.30078125,0.002512524235100393,250040.0,267265.0,0.8224047293884347
2023-06-20,18816.69921875,18839.69921875,18660.650390625,18752.349609375,211600,0.003265717567498605,0.0032603966930515953,0.0045084022340217186,18768.4296875,18708.4150390625,18608.58251953125,18251.6270703125,17912.44626953125,-3.099609375,-0.00016526447001340237,245720.0,264325.0,0.8005296509978247
2023-06-21,18856.849609375,18875.900390625,18794.849609375,18849.400390625,217500,0.0021337637466720683,0.0021314905059401927,0.004373720089011874,18788.61953125,18721.4599609375,18637.15498046875,18276.283046875,17917.934013671875,32.701171875,0.0017378803527036636,236940.0,263570.0,0.8252077247031149
2023-06-22,18771.25,18886.599609375,18759.5,18853.599609375,252700,-0.004539443817404343,-0.004549778379793411,0.004578286040895828,18805.249609375,18735.1298828125,18659.6599609375,18297.26203125,17924.076259765625,-3.25,-0.0001723511650845541,234880.0,264410.0,0.955712718883552
2023-06-23,18665.5,18756.400390625,18647.099609375,18741.849609375,210600,-0.005633615236065759,-0.005649543898520234,0.00436009715515155,18773.149609375,18745.33984375,18667.96748046875,18314.3240234375,17929.706513671874,-29.400390625,-0.001566245754811214,222440.0,265005.0,0.7947019867549668
2023-06-26,18691.19921875,18722.05078125,18646.69921875,18682.349609375,171300,0.0013768299134766515,0.0013758829522746805,0.004212299030278111,18760.299609375,18754.309765625,18672.594921875,18331.5880078125,17934.833505859377,16.849609375,0.0009027140647183306,212740.0,260305.0,0.6580741822093313
2023-06-27,18817.400390625,18829.25,18714.25,18748.55078125,222500,0.00675190341711196,0.006729211402828641,0.004445324538787261,18760.43984375,18764.434765625,18681.7724609375,18353.7990234375,17940.642509765625,57.3515625,0.003068372544147302,214920.0,259710.0,0.8567248084401833
2023-06-28,18972.099609375,19011.25,18861.349609375,18908.150390625,398800,0.00822107281232487,0.008187463868637099,0.004541162282619521,18783.48984375,18786.0546875,18703.657421875,18380.0380078125,17947.381005859374,90.75,0.004822664029895037,251180.0,244825.0,1.628918615337486
2023-06-30,19189.05078125,19201.69921875,19024.599609375,19076.849609375,247900,0.01143527476356887,0.011370386219451868,0.004992943313200869,18867.05,18836.1498046875,18738.7224609375,18411.4440234375,17954.332509765623,104.75,0.005521265550821699,250220.0,243940.0,1.0162335000409937
2023-07-03,19322.55078125,19345.099609375,19234.400390625,19246.5,226100,0.00695709243369369,0.006933003527425256,0.005120120712390449,18998.46015625,18885.8048828125,18778.14501953125,18445.4060546875,17961.778515625,57.44921875,0.002993854120503697,253320.0,241700.0,0.9354571783202317
2023-07-04,19389.0,19434.150390625,19300.0,19406.599609375,226900,0.003438946519135566,0.0034330468644171055,0.005122836749978569,19138.0203125,18949.1599609375,18817.9025390625,18480.7050390625,17969.041767578125,84.048828125,0.004349779129914791,264440.0,240240.0,0.9444721944721944
2023-07-05,19398.5,19421.599609375,19339.599609375,19405.94921875,224400,0.0004899685388621844,0.0004898485434720244,0.005119049471003719,19254.240234375,19007.3400390625,18857.8775390625,18513.80703125,17975.684013671875,16.94921875,0.0008741667311362113,264820.0,240420.0,0.9333666084352383
2023-07-06,19497.30078125,19512.19921875,19373.0,19385.69921875,268300,0.00509321758125636,0.005080291021865595,0.005048186398222589,19359.28046875,19071.38515625,18896.42255859375,18548.368046875,17983.151767578125,-12.80078125,-0.0006598851070959094,238720.0,240830.0,1.1140638624756052
2023-07-07,19331.80078125,19523.599609375,19303.599609375,19422.80078125,237100,-0.00848835445771845,-0.008524585713268293,0.005361216167560885,19387.83046875,19127.440234375,18931.28505859375,18578.7320703125,17990.42376953125,-74.5,-0.0038210417347433307,236560.0,238360.0,0.9947138781674778
2023-07-10,19355.900390625,19435.849609375,19327.099609375,19400.349609375,268200,0.0012466303397029588,0.0012458539412885826,0.0051963680299492825,19394.500390625,19196.4802734375,18970.91005859375,18607.5490625,17999.5490234375,68.548828125,0.0035459101250146243,244980.0,240680.0,1.1143426956955294
2023-07-11,19439.400390625,19515.099609375,19406.44921875,19427.099609375,251300,0.004313930032438185,0.004304651710725516,0.0052197108177271315,19404.58046875,19271.300390625,19012.805078125,18635.0370703125,18008.634775390627,71.19921875,0.003678424527566035,249860.0,244270.0,1.028779629098948
2023-07-12,19384.30078125,19507.69921875,19361.75,19497.44921875,327900,-0.002834429471475497,-0.00283845407345589,0.005249462930283268,19401.740625,19327.9904296875,19046.21259765625,18659.770078125,18016.475029296875,58.048828125,0.002986142934377497,270560.0,249005.0,1.3168410272886086
2023-07-13,19413.75,19567.0,19385.80078125,19495.19921875,310400,0.0015192303855748879,0.0015180775225879406,0.005249049503678444,19385.03046875,19372.15546875,19079.105078125,18686.2480859375,18024.95203125,110.8984375,0.005721043990777814,278980.0,251455.0,1.2344157006223777
2023-07-14,19564.5,19595.349609375,19433.5,19493.44921875,291200,0.007765114931427508,0.007735121594226721,0.005255023765898111,19431.5703125,19409.700390625,19122.92509765625,18712.4220703125,18034.62552734375,79.69921875,0.004105297469576975,289800.0,252865.0,1.1516026338164633
2023-07-17,19711.44921875,19731.849609375,19562.94921875,19612.150390625,268700,0.007511013251041421,0.007482946045497489,0.005261805632239372,19502.680078125,19448.590234375,19167.19755859375,18745.2710546875,18046.546025390624,47.650390625,0.002435553713358379,289900.0,252660.0,1.0634845246576428
2023-07-18,19749.25,19819.44921875,19690.19921875,19787.5,286400,0.001917706853032497,0.0019158704007220429,0.005067220491208801,19564.65,19484.615234375,19216.88759765625,18774.968046875,18060.210771484373,76.05078125,0.0038582034433905896,296920.0,255990.0,1.1187937028790187
2023-07-19,19833.150390625,19851.69921875,19727.44921875,19802.94921875,259700,0.004248282371482448,0.00423928389630214,0.005078794256807722,19654.419921875,19528.0802734375,19267.71015625,18806.3120703125,18074.339521484377,53.69921875,0.002719051039912908,283280.0,258395.0,1.0050504073221231
2023-07-20,19979.150390625,19991.849609375,19758.400390625,19831.69921875,274700,0.007361412439498949,0.007334449485705515,0.005184455624493706,19767.5,19576.265234375,19323.8251953125,18839.5930859375,18089.942275390626,-1.451171875,-7.316900474298624e-05,276140.0,261255.0,1.0514631298922508
2023-07-21,19745.0,19887.400390625,19700.0,19800.44921875,312500,-0.011719737128305097,-0.011788954585924888,0.005923261753410574,19803.6,19617.58515625,19372.5126953125,18868.5530859375,18104.57677734375,-178.701171875,-0.008944382938268165,280400.0,264245.0,1.1826146190088744
2023-07-24,19672.349609375,19782.75,19658.30078125,19748.44921875,265600,-0.0036794322929856182,-0.0036862180542648424,0.005795935346702594,19795.780078125,19649.230078125,19422.85517578125,18895.7040625,18117.46677734375,3.44921875,0.00017468821220562166,279780.0,266995.0,0.9947751830558624
2023-07-25,19680.599609375,19729.349609375,19615.94921875,19729.349609375,369700,0.0004193703428323481,0.00041928243166748923,0.0058109074297678495,19782.05,19673.35,19472.3251953125,18921.3390625,18131.43302734375,57.0,0.0028974678232048215,296440.0,276915.0,1.3350667172236967
2023-07-26,19778.30078125,19825.599609375,19716.69921875,19733.349609375,244700,0.004964339187534694,0.0049520574860006375,0.005757158493618574,19771.080078125,19712.75,19520.37021484375,18951.175078125,18143.95302734375,52.75,0.0026803045154616197,293440.0,278025.0,0.880136678356263
2023-07-27,19659.900390625,19867.55078125,19603.55078125,19850.900390625,334900,-0.0059863783008722304,-0.006004368496797154,0.0058902444792252664,19707.230078125,19737.3650390625,19554.76025390625,18980.7380859375,18155.593525390625,72.599609375,0.003670669698977632,305480.0,274830.0,1.2185714805516137
2023-07-28,19646.05078125,19695.900390625,19563.099609375,19659.75,258700,-0.0007044597937843067,-0.0007047080421790248,0.005454294422410724,19687.440234375,19745.5201171875,19577.61025390625,19011.0601171875,18167.25052734375,-0.150390625,-7.649612765673783e-06,294720.0,275370.0,0.9394632676035879
2023-07-31,19753.80078125,19772.75,19597.599609375,19666.349609375,295100,0.005484562836559181,0.005469577389253641,0.00538182932392926,19703.73046875,19749.7552734375,19599.17275390625,19042.068125,18179.81453125,20.298828125,0.0010332268989334489,300620.0,278820.0,1.058388924754322
2023-08-01,19733.55078125,19795.599609375,19704.599609375,19784.0,298000,-0.0010251191770254131,-0.0010256449710540406,0.005373070476282902,19714.320703125,19748.1853515625,19616.40029296875,19070.4511328125,18193.56453125,30.19921875,0.0015287801615709634,286280.0,282375.0,1.0553342186808323
2023-08-02,19526.55078125,19678.25,19423.55078125,19655.400390625,290700,-0.010489749274959825,-0.010545154493387934,0.005946892853423981,19663.970703125,19717.525390625,19622.80283203125,19094.0221484375,18205.579287109376,-78.150390625,-0.003960280209644544,295480.0,285690.0,1.017536490601701
2023-08-03,19381.650390625,19537.650390625,19296.44921875,19463.75,315700,-0.007420685416911321,-0.007448355676119346,0.006077988894963619,19608.320703125,19657.775390625,19617.0203125,19115.9471484375,18217.415791015625,-62.80078125,-0.0032161738114190276,291640.0,288060.0,1.0959522321738526
2023-08-04,19517.0,19538.849609375,19436.44921875,19462.80078125,280800,0.006983389270114548,0.006959118337332752,0.005961733254390412,19582.510546875,19634.975390625,19626.2802734375,19139.864140625,18229.072294921876,81.150390625,0.004186970097461507,296060.0,290245.0,0.9674585264173371
2023-08-07,19597.30078125,19620.44921875,19524.80078125,19576.849609375,216600,0.004114401867602702,0.004105960861445235,0.006015042951536919,19551.210546875,19627.4705078125,19638.35029296875,19161.8231640625,18240.499794921874,59.849609375,0.0030665373456473842,280360.0,287665.0,0.7529591712582344
2023-08-08,19570.849609375,19634.400390625,19533.099609375,19627.19921875,260300,-0.0013497354646058168,-0.0013506471779916257,0.005965952102464022,19518.6703125,19616.4955078125,19644.92275390625,19181.2671484375,18250.919296875,29.8984375,0.0015256405886572787,272820.0,288115.0,0.903458688370963
2023-08-09,19632.55078125,19645.5,19467.5,19578.80078125,266500,0.003152707884763739,0.0031477485221408875,0.005947728616973376,19539.8703125,19601.9205078125,19657.33525390625,19201.241171875,18261.52080078125,7.951171875,0.00040627627485273607,267980.0,285045.0,0.9349400971776386
2023-08-10,19543.099609375,19623.599609375,19495.400390625,19605.55078125,312200,-0.004556268458015711,-0.004566679886024027,0.006055351546724661,19572.16015625,19590.2404296875,19663.802734375,19221.41515625,18271.416552734376,-27.0,-0.001375267039970489,267280.0,285135.0,1.0949199501990285
2023-08-11,19428.30078125,19557.75,19412.75,19554.25,235500,-0.005874136161590715,-0.005891456761763215,0.005943241239677131,19554.4203125,19568.4654296875,19656.9927734375,19240.226171875,18280.676552734374,11.150390625,0.0005705538449822492,258220.0,282350.0,0.8340711882415441
2023-08-14,19434.55078125,19465.849609375,19257.900390625,19383.94921875,243900,0.00032169565781225984,0.0003216439248586792,0.005654268239633962,19521.8703125,19536.5404296875,19643.1478515625,19258.2351953125,18289.195556640625,-44.3515625,-0.002282832811750738,263680.0,281110.0,0.8676318878730745
2023-08-16,19465.0,19482.75,19317.19921875,19369.0,0,0.0015667570139761278,0.0015655309306883672,0.005646282281047777,19500.700390625,19509.6853515625,19628.9353515625,19275.658203125,18298.23880859375,-65.55078125,-0.0033728992240583127,211620.0,266790.0,0.0
2023-08-17,19365.25,19461.55078125,19326.25,19450.55078125,268700,-0.005124582584125403,-0.005137758290060533,0.005601933537024585,19447.240234375,19493.5552734375,19605.54033203125,19290.983203125,18306.3803125,-14.44921875,-0.0007423179424608271,212060.0,267240.0,1.0054632540038917
2023-08-18,19310.150390625,19373.80078125,19253.599609375,19301.75,256100,-0.0028452826260957353,-0.0028493381372506382,0.00523600531462227,19400.650390625,19486.4052734375,19572.09033203125,19302.658203125,18313.997060546873,-63.5,-0.0032790694672157603,200840.0,266310.0,0.9616612218842702
2023-08-21,19393.599609375,19425.94921875,19296.30078125,19320.650390625,262600,0.0043215209131937105,0.0043122099570484,0.004831503840563621,19393.71015625,19474.065234375,19554.5203125,19317.8391796875,18320.9040625,10.5,0.0005437554751048292,206260.0,263815.0,0.9953944999336657
2023-08-22,19396.44921875,19443.5,19381.30078125,19417.099609375,208700,0.00014693555773015454,0.00014692476375842436,0.00479066804500015,19386.08984375,19453.980078125,19540.72529296875,19334.50015625,18327.159306640624,23.5,0.0012117399798560313,199220.0,260970.0,0.7997087787868338
2023-08-23,19444.0,19472.05078125,19366.599609375,19439.19921875,225200,0.0024515199000461063,0.0024485198272942723,0.004836875548212365,19381.88984375,19441.2951171875,19528.8953125,19351.35015625,18333.96505859375,42.75,0.002204011647589332,244260.0,253745.0,0.8875051725157146
2023-08-24,19386.69921875,19584.44921875,19369.0,19535.150390625,268300,-0.002946964680621278,-0.0029513155310064644,0.004679365977009777,19386.1796875,19416.7099609375,19509.315234375,19364.7611328125,18340.63505859375,91.150390625,0.004687841525663444,244180.0,254925.0,1.0524664116897127
2023-08-25,19265.80078125,19339.55078125,19229.69921875,19297.400390625,466500,-0.006236153774081932,-0.0062556798015631025,0.004693716794922445,19377.309765625,19388.980078125,19489.61025390625,19374.959140625,18346.378310546876,-89.298828125,-0.004606190415263364,286260.0,261505.0,1.7839047054549626
2023-08-28,19306.05078125,19366.849609375,19249.69921875,19298.349609375,248200,0.002089194238900971,0.0020870149074536447,0.0047443173973351505,19359.8,19376.755078125,19472.61025390625,19387.3181640625,18351.894560546876,32.548828125,0.0016894614708503268,283380.0,260980.0,0.9510307303241627
2023-08-29,19342.650390625,19377.900390625,19309.099609375,19374.849609375,307400,0.0018957584743610756,0.0018939637920959618,0.004555772729619646,19349.040234375,19367.5650390625,19452.052734375,19397.651171875,18357.8228125,68.798828125,0.0035635888926500332,303120.0,261595.0,1.175098912440987
2023-08-30,19347.44921875,19452.80078125,19334.75,19433.44921875,233000,0.0002480956863764039,0.00024806491573087567,0.004564896439359076,19329.730078125,19355.8099609375,19432.74765625,19409.491171875,18364.4190625,90.798828125,0.004694228882356701,304680.0,258345.0,0.9018947531401807
2023-08-31,19253.80078125,19388.19921875,19223.650390625,19375.55078125,562600,-0.004840350603388277,-0.004852103039648143,0.004096025978461387,19303.150390625,19344.6650390625,19419.11015625,19418.233203125,18368.9395703125,28.1015625,0.001452468601016728,363540.0,271940.0,2.068838714422299
2023-09-01,19435.30078125,19458.55078125,19255.69921875,19258.150390625,333000,0.009426710188917609,0.009382556025202547,0.00436370956203527,19337.050390625,19357.180078125,19421.79267578125,19429.8022265625,18374.470322265624,4.349609375,0.00022590912954889385,336840.0,272805.0,1.220652114147468
2023-09-04,19528.80078125,19545.150390625,19432.849609375,19525.05078125,296800,0.004810833701642592,0.004799298621963187,0.004208872337754046,19381.600390625,19370.7001953125,19422.38271484375,19444.9532421875,18380.09732421875,89.75,0.004617885825908358,346560.0,273605.0,1.0847754975238026
2023-09-05,19574.900390625,19587.05078125,19525.75,19564.650390625,256800,0.0023605960187407238,0.002357814188949651,0.004137144634649758,19428.050390625,19388.5453125,19421.2626953125,19463.14125,18385.92357421875,35.849609375,0.001835730200567151,336440.0,275615.0,0.9317344846978575
2023-09-06,19611.05078125,19636.44921875,19491.5,19581.19921875,287600,0.0018467726478093027,0.0018450694598145603,0.004145986481086942,19480.770703125,19405.250390625,19423.27275390625,19481.53828125,18392.259326171876,6.298828125,0.00032178085197392346,347360.0,276980.0,1.0383421185645172
2023-09-07,19727.05078125,19737.0,19550.05078125,19598.650390625,304900,0.005915032360780392,0.005897607236551244,0.00429595549744645,19575.420703125,19439.285546875,19427.99775390625,19499.7312890625,18399.356328125,-12.400390625,-0.0006323164813206203,295820.0,278900.0,1.0932233775546791
2023-09-08,19819.94921875,19867.150390625,19727.05078125,19774.80078125,288100,0.004709190366575022,0.004698136818212182,0.004249841125481755,19652.350390625,19494.700390625,19441.840234375,19516.68828125,18407.656328125,47.75,0.0024205341451944257,286840.0,277695.0,1.037469165811412
2023-09-11,19996.349609375,20008.150390625,19865.349609375,19890.0,248800,0.008900143420050854,0.008860770587058942,0.004328070774776339,19745.86015625,19563.7302734375,19470.24267578125,19532.8342578125,18416.417080078125,70.05078125,0.0035343572517194345,277240.0,278360.0,0.8938065814053744
2023-09-12,19993.19921875,20110.349609375,19914.650390625,20110.150390625,328100,-0.0001575482868895195,-0.00015756069892455075,0.004335970892303286,19829.519921875,19628.78515625,19498.17509765625,19546.2472265625,18425.046826171874,113.80078125,0.005691077795351515,291500.0,282570.0,1.16112821601727
2023-09-13,20070.0,20096.900390625,19944.099609375,19989.5,251400,0.003841345269944396,0.003833986143147051,0.0043695325892207345,19921.309765625,19701.040234375,19528.42509765625,19559.8672265625,18432.976328125,-3.69921875,-0.000185023852837459,284260.0,295140.0,0.8517991461679203
2023-09-14,20103.099609375,20167.650390625,20043.44921875,20127.94921875,275100,0.001649208239910216,0.0016478497893743786,0.004078543933160256,19996.51953125,19785.9701171875,19565.317578125,19573.95921875,18440.928076171876,57.94921875,0.0028873551943198804,278300.0,295460.0,0.931090502944561
2023-09-15,20192.349609375,20222.44921875,20129.69921875,20156.44921875,438200,0.004439613877174287,0.004429787863222843,0.0039579069841365645,20070.999609375,19861.675,19609.4275390625,19587.8601953125,18449.07607421875,53.349609375,0.00265380018065078,308320.0,304565.0,1.4387733324577676
2023-09-18,20133.30078125,20195.349609375,20115.69921875,20155.94921875,264900,-0.002924316846098174,-0.0029286010148227575,0.004087204881983407,20098.38984375,19922.125,19646.41259765625,19603.8901953125,18456.65232421875,-36.400390625,-0.0018026822697295144,311540.0,304680.0,0.8694367861362742
2023-09-20,19901.400390625,20050.650390625,19878.849609375,19980.75,378100,-0.011518249945432046,-0.011585098803333688,0.0050634670567116045,20080.030078125,19954.775,19671.66015625,19614.8001953125,18462.367578125,-152.55078125,-0.0075770378095215,321540.0,313150.0,1.2074085901325244
2023-09-21,19742.349609375,19848.75,19709.94921875,19840.55078125,275100,-0.007991939166498319,-0.00802404589005525,0.005461129597254302,20014.5,19967.9048828125,19686.57763671875,19620.8591796875,18467.016826171875,-60.849609375,-0.0030575541509965587,326280.0,315645.0,0.8715487335455971
2023-09-22,19674.25,19798.650390625,19657.5,19744.849609375,246400,-0.003449417659114995,-0.0034553806166447805,0.005480279028286246,19928.730078125,19962.6248046875,19700.95517578125,19626.6581640625,18471.907578125,2.5,0.00012663133058958854,320540.0,314550.0,0.7833412811953584
2023-09-25,19674.55078125,19734.150390625,19601.55078125,19678.19921875,188400,1.5288066889551644e-05,1.5287950028248088e-05,0.005233525837632864,19825.1703125,19948.0849609375,19721.39267578125,19631.8741796875,18476.775078125,3.94921875,0.00020073033279540515,270580.0,300645.0,0.6266526967020905
2023-09-26,19664.69921875,19699.349609375,19637.44921875,19682.80078125,204900,-0.0005007261720755274,-0.0005008515772894238,0.005238844716530388,19731.45,19914.919921875,19739.32509765625,19633.8781640625,18481.88482421875,8.25,0.0004193234240378344,258580.0,298480.0,0.6864781559903511
2023-09-27,19716.44921875,19730.69921875,19554.0,19637.05078125,203600,0.002631619198663282,0.002628162551917123,0.005248531292166645,19694.459765625,19887.244921875,19758.0150390625,19633.9781640625,18487.6645703125,-27.6484375,-0.0014059934094307236,223680.0,293290.0,0.6941934603975587
2023-09-28,19523.55078125,19766.650390625,19492.099609375,19761.80078125,352800,-0.009783629666773708,-0.009831803841213342,0.005774235430748591,19650.7,19832.6,19766.8201171875,19629.4641796875,18492.235576171875,45.3515625,0.002300189146475292,239220.0,299280.0,1.1788291900561347
2023-09-29,19638.30078125,19726.25,19551.05078125,19581.19921875,243500,0.005877516917168757,0.005860311697675281,0.005752862587280213,19643.51015625,19786.1201171875,19786.0451171875,19625.5671875,18497.94408203125,57.6484375,0.002952763979560743,238640.0,283325.0,0.859437042265949
2023-10-03,19528.75,19623.19921875,19479.650390625,19622.400390625,221700,-0.005578424654468894,-0.005594042173129665,0.005572341319777656,19614.35,19719.76015625,19790.717578125,19616.5591796875,18503.102080078126,-15.900390625,-0.0008096622412556776,245300.0,277760.0,0.7981710829493087
2023-10-04,19436.099609375,19457.80078125,19333.599609375,19446.30078125,277100,-0.004744307271330683,-0.004755597219883326,0.005570762055114249,19568.630078125,19650.0400390625,19786.08251953125,19610.381171875,18507.242578125,-82.44921875,-0.004221940408372271,259740.0,276775.0,1.0011742390028
2023-10-05,19545.75,19576.94921875,19487.30078125,19521.849609375,234900,0.005641584105285702,0.005625729970019748,0.005697715491207479,19534.490234375,19614.475,19784.625,19607.8491796875,18511.66982421875,85.75,0.0044118934211799625,266000.0,275680.0,0.8520748694138132
2023-10-06,19653.5,19675.75,19589.400390625,19621.19921875,159100,0.0055127073660514725,0.005497568008546022,0.005819910158275809,19560.480078125,19605.5900390625,19786.7474609375,19607.3071875,18517.862822265626,75.44921875,0.003860134236342939,227260.0,269255.0,0.5908896770719206
2023-10-09,19512.349609375,19588.94921875,19480.5,19539.44921875,165100,-0.00718194675884698,-0.007207861089913015,0.005870650155640193,19535.28984375,19589.4,19776.01240234375,19601.9881640625,18524.0795703125,-114.05078125,-0.005803077378075152,211580.0,262265.0,0.6295159476102415
2023-10-10,19689.849609375,19717.80078125,19565.44921875,19565.599609375,216600,0.00909680297624016,0.0090556762901256,0.006152000900752224,19567.509765625,19590.9298828125,19769.507421875,19602.5871484375,18530.426572265624,53.25,0.0027290408928720322,210560.0,258690.0,0.8372956047779195
2023-10-11,19811.349609375,19839.19921875,19756.94921875,19767.0,213700,0.006170692128707245,0.00615173136873013,0.005964317513087819,19642.559765625,19605.594921875,19760.257421875,19605.893125,18537.55681640625,77.150390625,0.00391828237165743,197880.0,256935.0,0.8317278689162628
2023-10-12,19794.0,19843.30078125,19772.650390625,19822.69921875,217900,-0.0008757409120068171,-0.0008761245971014768,0.0059646406178495166,19692.209765625,19613.35,19750.2974609375,19606.697109375,18545.531318359375,11.349609375,0.00057288421025235,194480.0,251425.0,0.8666600377846276
2023-10-13,19751.05078125,19805.400390625,19635.30078125,19654.55078125,255000,-0.0021698099802970328,-0.002172167428733089,0.005886170574175372,19711.719921875,19636.1,19734.35,19607.047109375,18553.64982421875,-139.44921875,-0.007045024691825805,213660.0,251605.0,1.0134933725482402
2023-10-16,19731.75,19781.30078125,19691.849609375,19737.25,181000,-0.0009772027556287366,-0.0009776805295215437,0.00585825592326067,19755.6,19645.444921875,19715.78251953125,19611.15109375,18563.2745703125,-13.80078125,-0.0006987365585177529,216840.0,246900.0,0.7330903199675982
2023-10-17,19811.5,19849.75,19775.650390625,19843.19921875,185800,0.004041709427698992,0.004033563661320618,0.00583975871685786,19779.930078125,19673.719921875,19696.7400390625,19619.7480859375,18572.259072265624,111.44921875,0.005648217656822127,210680.0,234280.0,0.793068123612771
2023-10-18,19671.099609375,19840.94921875,19659.94921875,19820.44921875,198900,-0.007086812741337156,-0.007112043473065063,0.005986698906684126,19751.880078125,19697.219921875,19673.62998046875,19622.830078125,18579.95306640625,8.94921875,0.0004517183832622467,207720.0,230980.0,0.8611135163217595
2023-10-19,19624.69921875,19681.80078125,19512.349609375,19545.19921875,230300,-0.0023588102112444,-0.002361596586600212,0.00548019280867547,19718.019921875,19705.11484375,19659.794921875,19623.378046875,18587.4640625,-125.900390625,-0.0064002721314571276,210200.0,223590.0,1.030010286685451
2023-10-20,19542.650390625,19593.80078125,19518.69921875,19542.150390625,198300,-0.004180896084593599,-0.004189660467809165,0.005275193248128221,19676.33984375,19694.0298828125,19649.8099609375,19622.8140625,18594.222314453124,-82.548828125,-0.00420637418208838,198860.0,219750.0,0.9023890784982935
2023-10-23,19281.75,19556.849609375,19257.849609375,19521.599609375,176000,-0.013350307425555652,-0.01344022395196905,0.0059839907915454965,19586.33984375,19670.969921875,19630.1849609375,19615.798046875,18600.104560546875,-21.05078125,-0.0010771712551383757,197860.0,216230.0,0.8139481108079359
2023-10-25,19122.150390625,19347.30078125,19074.150390625,19286.44921875,225300,-0.008277236732921023,-0.008311683270009834,0.006194263521606016,19448.469921875,19614.2,19602.56494140625,19607.3790625,18604.72806640625,4.69921875,0.00024371329106538566,205760.0,218075.0,1.033130803622607
2023-10-26,18857.25,19041.69921875,18837.849609375,19027.25,300400,-0.013853064912347501,-0.013949914095014037,0.006783263173087836,19285.7,19518.7900390625,19562.19248046875,19595.958046875,18607.8515625,-94.900390625,-0.004962851388906905,226060.0,222850.0,1.347991922818039
2023-10-27,19047.25,19076.150390625,18926.650390625,18928.75,205200,0.010075700327460302,0.010025278863763394,0.007243568966695386,19170.21015625,19444.1150390625,19528.73251953125,19588.21203125,18612.87306640625,71.5,0.0037916451232284667,221040.0,222930.0,0.9204683084376262
2023-10-30,19140.900390625,19158.5,18940.0,19053.400390625,180100,0.004916740769664862,0.004904693073893485,0.007125010997007976,19089.86015625,19383.1,19509.6,19581.7300390625,18618.61681640625,6.150390625,0.00032290176403417816,217400.0,214295.0,0.8404302480225857
2023-10-31,19079.599609375,19233.69921875,19056.44921875,19232.94921875,206000,-0.0032026069828995363,-0.003207746304394414,0.006953277389090853,19049.430078125,19317.8849609375,19481.66494140625,19576.01703125,18624.717568359374,92.048828125,0.0048090124417597664,223400.0,212420.0,0.969776857169758
2023-11-01,18989.150390625,19096.05078125,18973.69921875,19064.05078125,194100,-0.004740624572936891,-0.004751896973195711,0.0069293830762011755,19022.830078125,19235.65,19454.6849609375,19569.59703125,18629.15732421875,-15.548828125,-0.0008149452002839666,217160.0,211040.0,0.9197308567096285
2023-11-02,19133.25,19175.25,19064.150390625,19120.0,245600,0.007588523257266999,0.007559875254064636,0.007158917113608063,19078.030078125,19181.8650390625,19439.54248046875,19564.3900390625,18635.252822265626,130.849609375,0.006890756388953602,206200.0,209465.0,1.1725109206788724
2023-11-03,19230.599609375,19276.25,19210.900390625,19241.0,189500,0.005087980838331285,0.005075080802081226,0.0071338868151894705,19114.7,19142.455078125,19423.7849609375,19561.073046875,18641.92732421875,107.75,0.005631557628735317,203060.0,207195.0,0.9145973599749029
2023-11-06,19411.75,19423.0,19309.69921875,19345.849609375,180700,0.00941990339899168,0.009375812778954773,0.007365264108537317,19168.869921875,19129.3650390625,19411.6974609375,19560.428046875,18649.695078125,115.25,0.0059930528605990595,203180.0,208275.0,0.8676029288200696
2023-11-07,19406.69921875,19423.5,19329.099609375,19404.05078125,198700,-0.000260191958478706,-0.0002602258142791332,0.00720012473572141,19234.28984375,19141.8599609375,19406.41494140625,19560.828046875,18656.945576171875,-7.69921875,-0.00039662672092933405,201720.0,209955.0,0.9463932747493511
2023-11-08,19443.5,19464.400390625,19401.5,19449.599609375,195000,0.0018962926582819506,0.0018944969651071763,0.006881295122150651,19325.159765625,19173.994921875,19394.0974609375,19564.38203125,18664.688828125,42.900390625,0.0022105969769218303,201900.0,208875.0,0.933572710951526
2023-11-09,19395.30078125,19463.900390625,19378.349609375,19457.400390625,208400,-0.002478937369815082,-0.0024820150223140987,0.006702403843391252,19377.569921875,19227.8,19373.29501953125,19566.16703125,18671.398828125,13.900390625,0.0007149119564378841,194460.0,208610.0,0.998993336848665
2023-11-10,19425.349609375,19451.30078125,19329.44921875,19351.849609375,152200,0.001549283945833313,0.0015480850435944918,0.006727406471641038,19416.519921875,19265.6099609375,19354.8625,19567.821015625,18677.698828125,-43.451171875,-0.002240293788947347,187000.0,205325.0,0.741263849993912
2023-11-13,19443.55078125,19494.400390625,19414.75,19486.75,189300,0.0009369804014345284,0.0009365417093074231,0.006732847171456835,19422.880078125,19295.875,19339.4875,19569.743046875,18684.377333984376,61.400390625,0.003160838381789903,188720.0,202040.0,0.9369431795684023
2023-11-15,19675.44921875,19693.19921875,19579.650390625,19651.400390625,291500,0.011926753508604282,0.011856190289938534,0.007305165648923522,19476.630078125,19355.4599609375,19336.6724609375,19578.176015625,18692.616328125,207.849609375,0.010689899788028204,207280.0,207565.0,1.40437935104666
2023-11-16,19765.19921875,19875.25,19627.0,19674.69921875,282700,0.004561522280999375,0.004551150068331243,0.007321648342054526,19540.969921875,19433.06484375,19334.357421875,19584.773984375,18700.8495703125,-0.75,-3.81185705933096e-05,224820.0,212410.0,1.330916623511134
2023-11-17,19731.80078125,19806.0,19667.44921875,19674.75,236800,-0.0016897597201204206,-0.0016911889743673853,0.007147644718187279,19608.269921875,19492.919921875,19337.39248046875,19588.833984375,18708.9170703125,-90.44921875,-0.004576185534431473,230500.0,214305.0,1.1049672196169011
2023-11-20,19694.0,19756.44921875,19670.5,19731.150390625,173800,-0.0019157289123818977,-0.0019175662679732529,0.007140049509481703,19662.0,19539.2599609375,19340.85751953125,19591.2159765625,18717.92732421875,-0.650390625,-3.296154427111533e-05,234820.0,211480.0,0.8218271231322111
2023-11-21,19783.400390625,19829.099609375,19754.05078125,19770.900390625,195000,0.0045394734754240496,0.004529201141300913,0.007124654617515929,19729.969921875,19576.425,19352.89501953125,19594.66296875,18728.822578125,76.900390625,0.003904762395907383,235960.0,211315.0,0.9227929867733006
2023-11-22,19811.849609375,19825.55078125,19703.849609375,19784.0,184500,0.0014380348265852216,0.0014370018446946907,0.006318432759017148,19757.25,19616.9400390625,19379.4,19596.3589453125,18739.637080078126,0.599609375,3.030871150361715e-05,214560.0,211740.0,0.8713516576933975
2023-11-23,19802.0,19875.150390625,19786.75,19828.44921875,170000,-0.0004971574875239915,-0.0004972811112830416,0.005919758458825344,19764.61015625,19652.7900390625,19413.39248046875,19595.9999609375,18750.336328125,16.599609375,0.0008378626782602386,192020.0,208975.0,0.8134944371336285
2023-11-24,19794.69921875,19832.849609375,19768.849609375,19809.599609375,145900,-0.00036868908443588033,-0.0003687570669664962,0.0046868557048525,19777.18984375,19692.7298828125,19460.26494140625,19591.966953125,18761.2283203125,7.599609375,0.00038377988965761033,173840.0,201250.0,0.7249689440993788
2023-11-28,19889.69921875,19916.849609375,19800.0,19844.650390625,229600,0.004799264638990497,0.004787784883390938,0.004372324285751601,19816.3296875,19739.16484375,19502.38740234375,19589.896953125,18772.624814453124,49.951171875,0.0025234620300613147,185000.0,202470.0,1.133995159776757
2023-11-29,20096.599609375,20104.650390625,19956.30078125,19976.55078125,236200,0.010402389113554511,0.010348656573869122,0.004712198470619226,19878.96953125,19804.4697265625,19550.17236328125,19590.4289453125,18783.83755859375,86.8515625,0.004366660427832168,193240.0,205275.0,1.1506515649738156
2023-11-30,20133.150390625,20158.69921875,20015.849609375,20108.5,486600,0.0018187545137213768,0.0018171025823992028,0.004525256248360151,19943.2296875,19850.23984375,19602.84990234375,19591.0299609375,18795.6803125,11.900390625,0.0005921594128515406,253660.0,219305.0,2.2188276601080688
2023-12-01,20267.900390625,20291.55078125,20183.69921875,20194.099609375,265800,0.0066929416105065975,0.00667064331563437,0.004249515270074716,20036.409765625,19900.5099609375,19666.78740234375,19592.5409765625,18808.412314453126,60.94921875,0.003027306584784714,272820.0,222890.0,1.1925164879536991
2023-12-04,20686.80078125,20702.650390625,20507.75,20601.94921875,381100,0.020668169003769332,0.020457480483773903,0.005705674470017092,20214.830078125,19996.0099609375,19744.46494140625,19603.6109765625,18822.487822265626,334.048828125,0.016481669126394347,319860.0,229665.0,1.6593734352208651
2023-12-05,20855.099609375,20864.05078125,20711.150390625,20808.900390625,421000,0.008135565760247543,0.008102650447744338,0.005778559915218741,20407.91015625,20112.119921875,19825.68994140625,19622.6849609375,18837.29607421875,122.099609375,0.0059022954136856215,358140.0,241240.0,1.7451500580334935
2023-12-06,20937.69921875,20961.94921875,20852.150390625,20950.75,359200,0.003960643244200535,0.003952820545223537,0.005640264639031662,20576.130078125,20227.5498046875,19901.98740234375,19646.591953125,18852.7020703125,95.650390625,0.0045864269371315896,382740.0,250165.0,1.4358523374572782
2023-12-07,20901.150390625,20941.25,20850.80078125,20932.400390625,275000,-0.0017455990623970186,-0.0017471243957791426,0.005706019348219687,20729.730078125,20336.4798828125,19976.7099609375,19671.1299609375,18868.3533203125,-5.298828125,-0.00025307595021017526,340420.0,253980.0,1.0827624222379715
2023-12-08,20969.400390625,21006.099609375,20862.69921875,20934.099609375,292400,0.003265370504707432,0.0032600507599202964,0.005691036462055997,20870.030078125,20453.219921875,20053.00498046875,19697.026953125,18883.55107421875,32.94921875,0.0015764308726652213,345740.0,258850.0,1.1296117442534286
2023-12-11,20997.099609375,21026.099609375,20923.69921875,20965.30078125,212900,0.001320935183362959,0.001320063516009915,0.005531579463952561,20932.08984375,20573.4599609375,20133.094921875,19723.6749609375,18898.45732421875,-4.099609375,-0.00019550436820467472,312100.0,259075.0,0.8217697577921451
2023-12-12,20906.400390625,21037.900390625,20867.150390625,21018.55078125,244900,-0.004319607014175553,-0.004328963470418101,0.005816215244303224,20942.35,20675.130078125,20207.1474609375,19747.473984375,18912.810078125,21.451171875,0.0010216254756167495,276880.0,263710.0,0.9286716468848356
2023-12-13,20926.349609375,20950.0,20769.5,20929.75,260300,0.0009542158562574343,0.0009537608817135473,0.005815786113346872,20940.080078125,20758.105078125,20281.28740234375,19775.5299609375,18927.720830078124,23.349609375,0.0011168641630660916,257100.0,267260.0,0.9739579435755444
2023-12-14,21182.69921875,21210.900390625,21074.44921875,21110.400390625,334400,0.012250087289956912,0.012175662163725103,0.005840263981501594,20996.38984375,20863.0599609375,20356.64990234375,19806.4179296875,18944.411328125,184.05078125,0.008795168994383297,268980.0,269405.0,1.2412538742785026
2023-12-15,21456.650390625,21492.30078125,21235.30078125,21287.44921875,508800,0.012932779200891975,0.012849864921501506,0.006193529572270726,21093.83984375,20981.9349609375,20441.2224609375,19844.9759375,18962.561083984376,104.75,0.004945073284488686,312260.0,280710.0,1.8125467564390296
2023-12-18,21418.650390625,21482.80078125,21365.349609375,21434.80078125,249700,-0.0017710126840955187,-0.0017725827811074615,0.006197574746460485,21178.15,21055.119921875,20525.56494140625,19884.626953125,18981.88283203125,-21.849609375,-0.0010183140880436162,319620.0,281355.0,0.8874908922891009
2023-12-19,21453.099609375,21505.05078125,21337.75,21477.650390625,249800,0.0016083748565725031,0.001607082806947435,0.006065386332369836,21287.48984375,21114.919921875,20613.519921875,19922.7739453125,19001.592080078124,59.0,0.0027546086669319025,320600.0,285155.0,0.8760147989689818
2023-12-20,21150.150390625,21593.0,21087.349609375,21543.5,363900,-0.01412146609423337,-0.014222122733049722,0.007330647068595664,21332.25,21136.1650390625,20681.857421875,19952.706953125,19020.013828125,90.400390625,0.004213861505844826,341320.0,293600.0,1.2394414168937329
2023-12-21,21255.05078125,21288.349609375,20976.80078125,21033.94921875,277500,0.004959794076523361,0.004947534816775346,0.007324061673812371,21346.7203125,21171.555078125,20754.01748046875,19987.5609765625,19039.3255859375,-116.201171875,-0.005494106175552645,329940.0,298250.0,0.9304274937133278
2023-12-22,21349.400390625,21390.5,21232.44921875,21295.849609375,284700,0.004438926556610712,0.004429103580375731,0.0072635171472107424,21325.2703125,21209.555078125,20831.3875,20020.7519921875,19059.552841796874,40.798828125,0.0019194886215463862,285120.0,303985.0,0.936559369705742
2023-12-26,21441.349609375,21477.150390625,21329.44921875,21365.19921875,219500,0.004306875934107168,0.004297627887901326,0.007197426814989041,21329.81015625,21253.980078125,20913.72001953125,20053.3519921875,19079.505087890626,15.798828125,0.0007400127327200075,279080.0,307665.0,0.7134383176506915
2023-12-27,21654.75,21675.75,21495.80078125,21497.650390625,256500,0.0099527499207277,0.009903547502138933,0.007317740997995445,21370.140234375,21328.8150390625,21001.97255859375,20090.5669921875,19101.1693359375,56.30078125,0.0026258039850897766,280420.0,309010.0,0.8300702242645869
2023-12-28,21778.69921875,21801.44921875,21678.0,21715.0,393100,0.005723881307796219,0.0057075621422148105,0.007185496850931056,21495.85,21414.05,21086.0775390625,20131.1199609375,19122.091083984375,60.25,0.002782299495491751,286260.0,316855.0,1.2406305723438165
2023-12-29,21731.400390625,21770.30078125,21676.900390625,21737.650390625,270900,-0.0021717930740454694,-0.0021741548367498844,0.007305170790945914,21591.119921875,21468.9201171875,21165.9900390625,20171.11296875,19142.19083984375,-41.048828125,-0.001884815420457238,284940.0,306070.0,0.8850916457019636
2024-01-01,21741.900390625,21834.349609375,21680.849609375,21727.75,154000,0.00048317180721269004,0.0004830551173010514,0.007310036415003009,21669.619921875,21497.4451171875,21239.6900390625,20209.7209765625,19162.12833984375,-3.650390625,-0.00016797769860127333,258800.0,300480.0,0.5125133120340788
2024-01-02,21665.80078125,21755.599609375,21555.650390625,21751.349609375,263700,-0.003500136051024061,-0.0035062758581720864,0.006250715743967663,21714.51015625,21522.16015625,21288.6400390625,20249.615,19182.509345703125,9.44921875,0.00043460868554408684,267640.0,294610.0,0.8950816333457792
2024-01-03,21517.349609375,21677.0,21500.349609375,21661.099609375,311900,-0.00685186637566948,-0.006875448193459907,0.0064147198130455226,21687.030078125,21528.58515625,21321.7525390625,20287.4680078125,19203.031591796876,-4.701171875,-0.0002169858350709328,278720.0,289155.0,1.0786602341304836
2024-01-04,21658.599609375,21685.650390625,21564.55078125,21605.80078125,339200,0.006564470186349425,0.006543017882762483,0.00649146235472723,21663.01015625,21579.430078125,21357.79755859375,20329.7869921875,19225.5530859375,88.451171875,0.004110690836963595,267940.0,288155.0,1.1771442452846559
2024-01-05,21710.80078125,21749.599609375,21629.19921875,21705.75,309300,0.002410182228605562,0.0024072823978970102,0.006441211235256967,21658.890234375,21625.005078125,21398.280078125,20378.3680078125,19248.8905859375,47.150390625,0.0021769824215500428,275620.0,289870.0,1.0670300479525305
2024-01-08,21513.0,21763.94921875,21492.900390625,21747.599609375,231500,-0.00911070868564301,-0.009152465005292239,0.006884564958167644,21613.11015625,21641.3650390625,21425.46005859375,20426.185,19271.594833984374,36.798828125,0.0016949548980607111,291120.0,286825.0,0.8071123507365118
2024-01-09,21544.849609375,21724.44921875,21517.849609375,21653.599609375,228600,0.0014804820050666745,0.001479387172036867,0.006884679277611371,21588.919921875,21651.7150390625,21452.84755859375,20479.9369921875,19294.391083984374,140.599609375,0.006535564978152745,284100.0,287610.0,0.7948263273182434
2024-01-10,21618.69921875,21641.849609375,21448.650390625,21529.30078125,217000,0.0034277152411805734,0.003421854015216792,0.006768166696444054,21609.18984375,21648.1099609375,21488.4625,20531.3659765625,19316.984326171874,-15.548828125,-0.000721695830182732,265120.0,286215.0,0.7581713047883584
2024-01-11,21647.19921875,21726.5,21593.75,21688.0,212500,0.0013183031833516878,0.001317434984659037,0.006766549343074619,21606.909765625,21634.9599609375,21524.50498046875,20581.491953125,19340.2783203125,69.30078125,0.003205594404583561,239780.0,283825.0,0.748700783933762
2024-01-12,21894.55078125,21928.25,21715.150390625,21773.55078125,294700,0.011426492637705898,0.011361703346499745,0.006701261693592337,21643.659765625,21651.275,21560.09755859375,20637.7909765625,19364.21357421875,126.3515625,0.00583685497708909,236860.0,281840.0,1.0456287255180243
2024-01-15,22097.44921875,22115.55078125,21963.55078125,22053.150390625,345500,0.009267074694848665,0.009224398809286917,0.006421444495764972,21760.549609375,21686.8298828125,21592.1375,20699.956953125,19388.941318359375,158.599609375,0.0072437937165087275,259660.0,273675.0,1.2624463323284918
2024-01-16,22032.30078125,22124.150390625,21969.80078125,22080.5,292400,-0.0029482333845447517,-0.002952587985615914,0.006458219345154974,21858.03984375,21723.4798828125,21622.82001953125,20757.93796875,19413.7183203125,-16.94921875,-0.0007670215047091655,272420.0,275810.0,1.060150103332004
2024-01-17,21571.94921875,21851.5,21550.44921875,21647.25,456000,-0.020894393512082443,-0.021115770473744744,0.008161643334450136,21848.68984375,21728.93984375,21628.7625,20804.7649609375,19436.8528125,-385.05078125,-0.0174766487201231,320220.0,286120.0,1.5937368936110723
2024-01-18,21462.25,21539.400390625,21285.55078125,21414.19921875,387300,-0.0050852715087356115,-0.0050982455047793645,0.007547846977000566,21811.7,21709.3048828125,21644.36748046875,20845.7749609375,19459.23556640625,-157.75,-0.007312737407284742,355180.0,287290.0,1.3481151449754603
2024-01-19,21622.400390625,21670.599609375,21575.0,21615.19921875,343100,0.00746195718645537,0.007434254509367264,0.007641284597863151,21757.269921875,21700.46484375,21662.7349609375,20890.088984375,19482.589072265626,152.94921875,0.007126429836107584,364860.0,290570.0,1.180782599717796
2024-01-23,21238.80078125,21750.25,21192.599609375,21716.69921875,449700,-0.01774084294273448,-0.017900098054810153,0.008642275629031932,21585.540234375,21673.044921875,21657.20498046875,20925.995,19503.379580078126,94.298828125,0.004361163720096771,385700.0,298820.0,1.504919349441135
2024-01-24,21453.94921875,21482.349609375,21137.19921875,21185.25,407500,0.010129971071150878,0.010079006802925212,0.008897279379435871,21469.869921875,21663.9548828125,21657.8349609375,20967.16796875,19523.850576171873,-53.55078125,-0.002521365579984893,408720.0,308220.0,1.322107585490883
2024-01-25,21352.599609375,21459.0,21247.05078125,21454.599609375,418100,-0.004724053755400193,-0.004735247364061254,0.008640572740315045,21426.0,21637.344921875,21642.72744140625,21005.71296875,19543.6233203125,0.650390625,3.031565975888399e-05,401140.0,316300.0,1.3218463484034144
2024-01-29,21737.599609375,21763.25,21429.599609375,21433.099609375,376700,0.018030591452244726,0.01786996821930258,0.00951371966592114,21481.069921875,21646.3849609375,21640.6724609375,21051.5939453125,19564.526064453126,80.5,0.0037700327581966153,399020.0,315480.0,1.194053505768987
2024-01-30,21522.099609375,21813.05078125,21501.80078125,21775.75,375100,-0.009913698102483215,-0.009963166019046519,0.009758880542373791,21461.009765625,21609.13984375,21630.207421875,21088.526953125,19584.140810546876,38.150390625,0.0017550415552113898,405420.0,320690.0,1.1696654089619258
2024-01-31,21725.69921875,21741.349609375,21448.849609375,21487.25,410600,0.009460025419002926,0.009415559590485083,0.010006787925241819,21558.389453125,21571.96484375,21629.39736328125,21127.736953125,19604.649052734374,-34.849609375,-0.0016192476574088317,397600.0,333520.0,1.2311105780762772
2024-02-01,21697.44921875,21832.94921875,21658.75,21780.650390625,332500,-0.0013003033741542103,-0.00130114950214822,0.009978219412926207,21607.089453125,21538.4796875,21630.97978515625,21167.049921875,19624.524794921876,54.951171875,0.002529316608948324,382600.0,336960.0,0.986764007597341
2024-02-02,21853.80078125,22126.80078125,21805.55078125,21812.75,442800,0.007205988175093214,0.007180149098767169,0.009956337409244053,21707.3296875,21566.66484375,21647.80234375,21210.2459375,19644.731796875,115.30078125,0.005314024708045499,387540.0,343505.0,1.2890642057611972
2024-02-05,21771.69921875,21964.30078125,21726.94921875,21921.05078125,440800,-0.0037568550808078083,-0.0037639297855089193,0.009910479502299405,21714.149609375,21597.609765625,21653.45732421875,21250.0119140625,19664.45029296875,67.25,0.0030772679166041804,400360.0,348585.0,1.2645409297588823
2024-02-06,21929.400390625,21951.400390625,21737.55078125,21825.19921875,371000,0.007243402101531293,0.007217294659854949,0.010022749479760543,21795.609765625,21628.309765625,21664.3873046875,21292.3629296875,19685.563046875,53.5,0.0024573185336827213,399540.0,351670.0,1.0549663036369323
2024-02-07,21930.5,22053.30078125,21860.150390625,22045.05078125,346300,5.014315737827957e-05,5.014190025218764e-05,0.009764057668324425,21836.569921875,21697.4796875,21685.2623046875,21334.9329296875,19706.914794921875,115.650390625,0.00527375981855124,386680.0,357410.0,0.9689152513919588
2024-02-08,21717.94921875,22011.05078125,21665.30078125,22009.650390625,491100,-0.009692017110872975,-0.009739290405751649,0.0100509268599189,21840.669921875,21723.8796875,21693.91728515625,21373.3979296875,19727.410791015624,79.150390625,0.003609146650783156,418400.0,370535.0,1.3253808682040833
2024-02-09,21782.5,21804.44921875,21629.900390625,21727.0,349200,0.0029722318898448563,0.0029678235415700974,0.010044334427331865,21826.409765625,21766.8697265625,21702.10732421875,21411.2539453125,19748.201044921876,9.05078125,0.0004167419841918632,399680.0,377145.0,0.9259038300918745
2024-02-12,21616.05078125,21831.69921875,21574.75,21800.80078125,287400,-0.0076414194307357075,-0.007670764664605448,0.010201003941045849,21795.280078125,21754.71484375,21700.54990234375,21441.64296875,19768.161044921875,18.30078125,0.0008401598186617698,369000.0,380890.0,0.7545485573262621
2024-02-13,21743.25,21766.80078125,21543.349609375,21664.30078125,365800,0.005884480011507653,0.005867234081485647,0.009945712828116385,21758.05,21776.8298828125,21692.98486328125,21473.8449609375,19788.16029296875,48.25,0.0022321376133078194,367960.0,384445.0,0.9515015151712208
2024-02-14,21840.05078125,21870.849609375,21530.19921875,21578.150390625,359100,0.004451992284961959,0.004442111482625561,0.009758462878401146,21739.96015625,21788.2650390625,21680.11494140625,21505.28796875,19808.514296875,-165.099609375,-0.0075931431306267465,370520.0,385125.0,0.9324245374878286
2024-02-15,21910.75,21953.849609375,21794.80078125,21906.55078125,345400,0.0032371361888359207,0.003231907943473083,0.00977613228683994,21778.5203125,21809.5951171875,21674.03740234375,21529.766953125,19829.000048828126,66.5,0.0030448647151082274,341380.0,387775.0,0.8907227129134163
2024-02-16,22040.69921875,22068.650390625,21968.94921875,22020.30078125,343900,0.005930843022260657,0.005913324803860001,0.008556000695313714,21830.16015625,21828.2849609375,21697.47490234375,21553.4789453125,19849.628291015626,109.55078125,0.004999864507148318,340320.0,382170.0,0.8998613182615066
2024-02-19,22122.25,22186.650390625,22021.05078125,22103.44921875,0,0.0037000088082788096,0.0036931806134258504,0.008445994786905166,21931.4,21863.3400390625,21730.47490234375,21577.1699609375,19869.914541015623,62.75,0.002847005867518878,282840.0,362805.0,0.0
2024-02-20,22196.94921875,22215.599609375,22045.849609375,22099.19921875,295700,0.0033766555730090353,0.003370967472487328,0.008344265041978756,22022.13984375,21890.094921875,21759.20234375,21603.0859375,19890.16103515625,-23.05078125,-0.0010419727310739188,268820.0,360435.0,0.8203975751522465
2024-02-21,22055.05078125,22249.400390625,21997.94921875,22248.849609375,364500,-0.006392700010330099,-0.006413220819374543,0.007298403393038791,22065.13984375,21902.55,21800.01484375,21624.7989453125,19909.987041015625,51.900390625,0.0023381767518375536,269900.0,356175.0,1.0233733417561592
2024-02-22,22217.44921875,22252.5,21875.25,22081.55078125,343500,0.0073633218581414805,0.007336344949249518,0.007159350641519329,22126.4796875,21952.5,21838.18984375,21649.2059375,19929.795283203126,26.5,0.0012015388340220396,269520.0,352975.0,0.9731567391458319
2024-02-23,22212.69921875,22297.5,22186.099609375,22290.0,226000,-0.0002137959201901074,-0.000213818777795819,0.007013433108853083,22160.8796875,21995.519921875,21881.19482421875,21675.3319140625,19950.513779296874,72.55078125,0.003265486534285499,245940.0,343370.0,0.6581821358884002
2024-02-26,22122.05078125,22202.150390625,22075.150390625,22169.19921875,207800,-0.004080928508836235,-0.004089278221713085,0.006026781119960768,22160.83984375,22046.119921875,21900.4173828125,21699.2459375,19969.80203125,-43.5,-0.0019583392172024343,287500.0,334925.0,0.6204374113607524
2024-02-27,22198.349609375,22218.25,22085.650390625,22090.19921875,252200,0.003448994348646428,0.003443060208267885,0.0054815829216652385,22161.119921875,22091.6298828125,21934.2298828125,21719.5589453125,19989.464033203127,-31.8515625,-0.0014398105679694238,278800.0,328780.0,0.7670782894336639
2024-02-28,21951.150390625,22229.150390625,21915.849609375,22214.099609375,203000,-0.011135927809948543,-0.011198396451173726,0.005842543660111944,22140.33984375,22102.73984375,21945.50244140625,21729.4489453125,20007.644287109375,15.75,0.0007095122059591458,246500.0,318400.0,0.6375628140703518
2024-02-29,21982.80078125,22060.55078125,21860.650390625,21935.19921875,360200,0.0014418556686905948,0.0014408171929075416,0.005829428322975811,22093.41015625,22109.944921875,21959.77001953125,21740.731953125,20026.073291015626,-15.951171875,-0.0007266667847081263,249840.0,319785.0,1.1263817877636537
2024-03-01,22338.75,22353.30078125,22047.75,22048.30078125,351500,0.016192168700068565,0.0160624736924449,0.0066485035403135205,22118.6203125,22139.75,21984.01748046875,21758.4449609375,20046.193037109377,65.5,0.0029796021285817017,274940.0,315220.0,1.115094219909904
2024-03-04,22405.599609375,22440.900390625,22358.30078125,22403.5,298800,0.0029925402887358565,0.0029880715530739466,0.006558675001124564,22175.330078125,22168.0849609375,22015.7125,21783.5539453125,20066.226787109375,64.75,0.002898550724637681,293140.0,308120.0,0.9697520446579255
2024-03-05,22356.30078125,22416.900390625,22269.150390625,22371.25,296200,-0.00220029050703785,-0.0022027147028049303,0.006459313527085284,22206.9203125,22184.0201171875,22037.05751953125,21805.5789453125,20086.575791015624,-34.349609375,-0.0015330814606107376,301940.0,304380.0,0.9731256981404823
2024-03-06,22474.05078125,22497.19921875,22224.349609375,22327.5,312300,0.005266971542034149,0.0052531495595052715,0.00652460978580122,22311.500390625,22225.9201171875,22064.23505859375,21828.071953125,20108.037294921876,-28.80078125,-0.0012882623798904566,323800.0,302680.0,1.0317827408484208
2024-03-07,22493.55078125,22525.650390625,22430.0,22505.30078125,379900,0.0008676673462120199,0.0008672911404987264,0.005999063850429618,22413.650390625,22253.5302734375,22103.01513671875,21849.1159765625,20129.855302734373,31.25,0.001390492542006345,327740.0,297120.0,1.2786079698438342
2024-03-11,22332.650390625,22526.599609375,22307.25,22517.5,277900,-0.007153178801771132,-0.007178885448103384,0.006311646362608969,22412.43046875,22265.525390625,22130.52265625,21862.673984375,20150.501552734375,23.94921875,0.0010647149035252987,313020.0,293555.0,0.9466709815877774
2024-03-12,22335.69921875,22452.55078125,22256.0,22334.44921875,299200,0.0001365188668460693,0.00013650954899359894,0.005963912329359933,22398.450390625,22286.890234375,22166.505078125,21873.813984375,20170.608046875,1.798828125,8.05470059995713e-05,313100.0,294145.0,1.0171854017576365
2024-03-13,21997.69921875,22446.75,21905.650390625,22432.19921875,493300,-0.015132725270416536,-0.015248393356596964,0.006949744227490208,22326.730078125,22266.8251953125,22179.2275390625,21879.1399609375,20188.85654296875,96.5,0.004320437836080448,352520.0,300520.0,1.6414880873153201
2024-03-14,22146.650390625,22204.599609375,21917.5,21982.55078125,426700,0.006771215952804832,0.006748394232673185,0.007036126878273605,22261.25,22286.3751953125,22194.55751953125,21887.2349609375,20208.16279296875,-15.1484375,-0.0006886373592692843,375400.0,303900.0,1.404080289568937
2024-03-15,22023.349609375,22120.900390625,21931.69921875,22064.849609375,661500,-0.005567468627318717,-0.005583024746448362,0.007144998906298975,22167.209765625,22290.430078125,22200.1875,21894.3859375,20226.6737890625,-81.80078125,-0.0036935960882205224,431720.0,319705.0,2.0690949469041775
2024-03-18,22055.69921875,22123.69921875,21916.55078125,21990.099609375,356300,0.0014688778023679294,0.001467800056624233,0.007027990527324621,22111.81953125,22262.125,22200.9375,21905.1529296875,20244.455537109374,-33.25,-0.0015097612574722053,447400.0,320325.0,1.1123078123780534
2024-03-19,21817.44921875,21978.30078125,21793.099609375,21946.44921875,344200,-0.010802196640288697,-0.010860963960358783,0.00737210064894368,22008.16953125,22203.3099609375,22185.6974609375,21908.329921875,20260.54953125,-109.25,-0.004953368239041107,456400.0,337535.0,1.0197461004044026
2024-03-20,21839.099609375,21930.900390625,21710.19921875,21843.900390625,312400,0.0009923428906801757,0.0009918508439663014,0.007322368578421466,21976.449609375,22151.58984375,22167.80498046875,21910.8958984375,20276.57578125,26.451171875,0.0012123860864664123,420220.0,338370.0,0.9232496970771641
2024-03-21,22011.94921875,22080.94921875,21941.30078125,21989.900390625,353200,0.0079146856998078,0.007883528864675105,0.007443754990256622,21949.509375,22105.3796875,22165.64990234375,21920.8748828125,20293.963525390624,150.80078125,0.006905082349881533,405520.0,337805.0,1.0455736297568123
2024-03-22,22096.75,22180.69921875,21883.30078125,21932.19921875,388700,0.0038524885010076115,0.0038450866714008036,0.007299190000864855,21964.189453125,22065.699609375,22159.61494140625,21931.912890625,20312.008525390625,-79.75,-0.0036230321634609327,350960.0,340065.0,1.1430167762045491
2024-03-26,22004.69921875,22073.19921875,21947.55078125,21947.900390625,328400,-0.00416580634029895,-0.004174507484794188,0.007351549307185965,21953.989453125,22032.9044921875,22149.21494140625,21939.632890625,20329.3615234375,-148.849609375,-0.006736267069817959,345380.0,345185.0,0.9513739009516636
2024-03-27,22123.650390625,22193.599609375,22052.849609375,22053.94921875,409100,0.005405716783151604,0.005391158338500764,0.007410390825302515,22015.2296875,22011.699609375,22149.294921875,21949.1619140625,20347.01052734375,49.25,0.0022381582911178595,358360.0,355250.0,1.1515833919774807
2024-03-28,22326.900390625,22516.0,22163.599609375,22163.599609375,410500,0.009187001078543977,0.009145057280234776,0.007656720633030625,22112.78984375,22044.6197265625,22155.7224609375,21957.80890625,20365.650029296874,39.94921875,0.0018057245547022686,377980.0,363165.0,1.1303402034887724
2024-04-01,22462.0,22529.94921875,22427.75,22455.0,0,0.006050979178091831,0.006032745520934439,0.007257788858832343,22202.8,22076.1546875,22181.26494140625,21965.099921875,20384.32802734375,128.099609375,0.005737456034371374,307340.0,353015.0,0.0
2024-04-02,22453.30078125,22497.599609375,22388.150390625,22458.80078125,289500,-0.0003872860275131451,-0.00038736104211539534,0.0072657823245078695,22274.11015625,22119.1498046875,22204.78994140625,21973.519921875,20403.42177734375,-3.19921875,-0.00014242804514290802,287500.0,349480.0,0.8283735836099347
2024-04-03,22434.650390625,22521.099609375,22346.5,22385.69921875,309600,-0.0008306302403686683,-0.0008309754048160305,0.006341085444470723,22360.100390625,22157.044921875,22209.5849609375,21990.7739453125,20422.77802734375,-67.6015625,-0.003010762789783309,283740.0,347385.0,0.891230191286325
2024-04-04,22514.650390625,22619.0,22303.80078125,22592.099609375,401000,0.003565912488363576,0.0035595696965144527,0.006355496201142609,22438.300390625,22226.7650390625,22215.0375,22011.821953125,20442.343779296876,157.44921875,0.007018126692796378,282120.0,352495.0,1.1376047887204075
2024-04-05,22513.69921875,22537.599609375,22427.599609375,22486.400390625,242200,-4.224679746289706e-05,-4.22476898839797e-05,0.006329758328811447,22475.66015625,22294.225,22222.907421875,22029.6479296875,20461.3315234375,-28.25,-0.0012547385595542348,248460.0,349795.0,0.6924055518232107
2024-04-08,22666.30078125,22697.30078125,22550.349609375,22578.349609375,227600,0.006778164752814453,0.006755296273493474,0.006399922716980491,22516.5203125,22359.66015625,22232.519921875,22058.1979296875,20480.883525390625,64.650390625,0.0028716023074145656,293980.0,345560.0,0.6586410464174094
2024-04-09,22642.75,22768.400390625,22612.25,22765.099609375,232400,-0.0010390218270411866,-0.0010395619844089984,0.006407499790355138,22554.41015625,22414.26015625,22239.9798828125,22081.9739453125,20500.65677734375,98.798828125,0.004358842189490766,282560.0,338185.0,0.6871978355042359
2024-04-10,22753.80078125,22775.69921875,22673.69921875,22720.25,276800,0.0049044741142307835,0.004892486360835239,0.006229121670602108,22618.240234375,22489.1703125,22261.03740234375,22109.99796875,20520.29578125,77.5,0.0034227291296331057,276000.0,338130.0,0.8186200573743826
2024-04-12,22519.400390625,22726.44921875,22503.75,22677.400390625,357200,-0.010301592814249916,-0.01035502147176367,0.0067191389178316695,22619.190234375,22528.7453125,22270.2224609375,22125.633984375,20539.115537109374,-76.400390625,-0.0033576979670120357,267240.0,341030.0,1.0474151834149488
2024-04-15,22272.5,22427.44921875,22259.55078125,22339.05078125,355500,-0.010963897188301042,-0.011024443666037696,0.006259870970763097,22570.950390625,22523.3052734375,22283.9625,22140.6419921875,20556.394541015627,-180.349609375,-0.008008632834206409,289900.0,334140.0,1.0639253007721314
2024-04-16,22147.900390625,22213.75,22079.44921875,22125.30078125,317300,-0.005594325260972033,-0.005610032105390299,0.006232990036550062,22467.2703125,22491.8953125,22284.025,22149.086015625,20572.849794921876,-147.19921875,-0.006609011954203614,307840.0,328670.0,0.9654060303648037
2024-04-18,21995.849609375,22326.5,21961.69921875,22212.349609375,456900,-0.0068652458503182245,-0.006888920065700564,0.006300622864246612,22337.890234375,22446.1501953125,22282.65,22155.0540234375,20588.97279296875,64.44921875,0.0029099471107103566,352740.0,318440.0,1.4348071850270065
2024-04-19,22147.0,22179.55078125,21777.650390625,21861.5,362500,0.0068717686886063944,0.006848265696137249,0.006482097132771267,22216.530078125,22417.38515625,22287.2150390625,22160.9180078125,20606.38029296875,-134.349609375,-0.006107952716576947,369880.0,318750.0,1.1372549019607843
2024-04-22,22336.400390625,22375.650390625,22198.150390625,22336.900390625,279300,0.008551965982977361,0.008515605079627573,0.006186928699273823,22179.930078125,22399.56015625,22313.16259765625,22172.21203125,20624.606298828126,189.900390625,0.008574542404163093,354300.0,315505.0,0.8852474604205955
2024-04-23,22368.0,22447.55078125,22349.44921875,22447.05078125,231500,0.0014147135985376202,0.0014137138340638612,0.0061869240160219345,22199.030078125,22384.990234375,22339.6076171875,22180.9840234375,20642.359296875,110.650390625,0.004953814790651856,329500.0,311460.0,0.7432736145893534
2024-04-24,22402.400390625,22476.44921875,22384.0,22421.55078125,235900,0.0015379287654238016,0.001536747364098986,0.00598451016138102,22249.930078125,22358.6001953125,22359.13017578125,22190.42203125,20659.51080078125,53.55078125,0.0023940799915057225,313220.0,305595.0,0.7719367136242412
2024-04-25,22570.349609375,22625.94921875,22305.25,22316.900390625,475000,0.0074969296067168845,0.007468967297299811,0.006132897461103498,22364.830078125,22351.36015625,22382.81015625,22207.4700390625,20676.417294921874,-85.5,-0.0038165553025192875,316840.0,309910.0,1.5327030428188828
2024-04-26,22419.94921875,22620.400390625,22385.55078125,22620.400390625,329900,-0.006663626980883297,-0.006685928069119567,0.0062692373177238225,22419.419921875,22317.975,22403.57265625,22220.2190234375,20691.904287109373,50.05078125,0.0022175456790093544,310320.0,309985.0,1.0642450441150377
2024-04-29,22643.400390625,22655.80078125,22441.900390625,22475.55078125,292000,0.00996662256880243,0.009917283345523465,0.0065177245857531525,22480.819921875,22330.375,22429.56015625,22240.766015625,20708.1762890625,55.6015625,0.002480003944589666,312860.0,304130.0,0.960115739979614
2024-04-30,22604.849609375,22783.349609375,22568.400390625,22679.650390625,361900,-0.00170251731563964,-0.0017039682453004383,0.006263695400329945,22528.18984375,22363.6099609375,22443.4576171875,22257.9980078125,20724.208037109376,36.25,0.0016009079632319054,338940.0,301700.0,1.1995359628770301
2024-05-02,22648.19921875,22710.5,22567.849609375,22567.849609375,445900,0.0019177127972140884,0.0019158763335262374,0.006142699261448683,22577.349609375,22413.63984375,22452.767578125,22274.1609765625,20739.962529296874,-37.0,-0.001636816906079076,380940.0,323995.0,1.3762558064167656
2024-05-03,22475.849609375,22794.69921875,22348.05078125,22766.349609375,438100,-0.007609859296553445,-0.0076389620148829334,0.006400233740872558,22558.449609375,22461.63984375,22453.89501953125,22285.46296875,20755.6827734375,118.150390625,0.005216767544467094,373560.0,331425.0,1.3218676925397903
2024-05-06,22442.69921875,22588.80078125,22409.44921875,22561.599609375,320300,-0.0014749338156797576,-0.0014760226012829026,0.006406622149330065,22562.999609375,22491.209765625,22454.2974609375,22293.50296875,20771.116767578125,85.75,0.0038152061652980823,371640.0,331960.0,0.9648752861790577
2024-05-07,22302.5,22499.05078125,22232.05078125,22489.75,297800,-0.006246985595782073,-0.0062665796554610105,0.006497289727683565,22494.81953125,22487.8197265625,22443.68994140625,22297.10796875,20785.432265625,47.05078125,0.002096484954478689,372800.0,326800.0,0.9112607099143207
2024-05-08,22302.5,22368.650390625,22185.19921875,22231.19921875,277400,0.0,0.0,0.006497437230213253,22434.349609375,22481.2697265625,22433.12998046875,22299.218984375,20800.02326171875,-71.30078125,-0.0031969860441654523,355900.0,328560.0,0.8442902361821281
2024-05-09,21957.5,22307.75,21932.400390625,22224.80078125,331300,-0.01546911781190452,-0.015590012996666094,0.007073483632745541,22296.209765625,22436.7796875,22397.68994140625,22297.26796875,20812.74201171875,-77.69921875,-0.0034838793296715614,332980.0,333745.0,0.9926740475512742
2024-05-10,22055.19921875,22131.30078125,21950.30078125,21990.94921875,265800,0.0044494691449390444,0.004439599522660019,0.0072002311462148645,22212.0796875,22385.2646484375,22368.31240234375,22294.02296875,20825.1955078125,33.44921875,0.0015233618922919276,298520.0,335415.0,0.7924511426143732
2024-05-13,22104.05078125,22131.650390625,21821.05078125,22027.94921875,278200,0.0022149680905385605,0.002212518664983643,0.007102927870385345,22144.35,22353.6748046875,22335.82490234375,22291.85,20837.158515625,-27.25,-0.0012355363345271301,290100.0,335485.0,0.8292472092641996
2024-05-14,22217.849609375,22270.05078125,22081.25,22112.900390625,230200,0.005148324587705533,0.005135117275633606,0.006924455085394661,22127.419921875,22311.1197265625,22320.74736328125,22293.7659765625,20849.501513671876,8.849609375,0.0004003614297930756,276580.0,329135.0,0.699409057073845
2024-05-15,22200.55078125,22297.55078125,22151.75,22255.599609375,231900,-0.0007786004689536163,-0.0007789037357247285,0.006486776077037623,22107.030078125,22270.68984375,22317.14990234375,22293.81,20861.338515625,37.75,0.0016990843247076028,267480.0,322955.0,0.7180566952052143
2024-05-16,22403.849609375,22432.25,22054.55078125,22319.19921875,368900,0.009157377676264788,0.00911570311987133,0.006670237480130898,22196.3,22246.2548828125,22329.94736328125,22302.863984375,20873.46201171875,118.6484375,0.005344391617536234,275000.0,325535.0,1.1332114826362756
2024-05-17,22466.099609375,22502.150390625,22345.650390625,22415.25,242700,0.0027785403439750667,0.0027746873362616406,0.006447339107981615,22278.480078125,22245.2798828125,22353.45986328125,22312.5299609375,20887.067509765624,11.400390625,0.0005088585588536289,270380.0,314825.0,0.7709044707377114
2024-05-21,22529.05078125,22591.099609375,22404.55078125,22404.55078125,347600,0.002802051667603722,0.002798133238882937,0.0063177785718184585,22363.480078125,22253.9150390625,22372.56240234375,22316.3359765625,20901.351015625,-61.548828125,-0.0027396312308397295,284260.0,314080.0,1.1067244014263882
2024-05-22,22597.80078125,22629.5,22483.150390625,22576.599609375,290300,0.0030516154749500313,0.0030469687473969323,0.00608127575187998,22439.4703125,22283.4451171875,22385.632421875,22320.18,20915.937021484377,47.548828125,0.0021105562141381,296280.0,314630.0,0.9226710739598893
2024-05-23,22967.650390625,22993.599609375,22577.44921875,22614.099609375,369800,0.01636661960848307,0.01623413013834582,0.00703156408781728,22592.890234375,22349.96015625,22415.61494140625,22332.4069921875,20931.88376953125,16.298828125,0.0007212572711289487,323860.0,321545.0,1.1500723071420798
2024-05-24,22957.099609375,23026.400390625,22908.0,22930.75,261900,-0.0004593757337192361,-0.00045948127907615604,0.007042885765701798,22703.540234375,22449.9201171875,22443.34990234375,22342.06796875,20948.369765625,-36.900390625,-0.0016066245348310467,302460.0,322845.0,0.8112252009478232
2024-05-27,22932.44921875,23110.80078125,22871.19921875,23038.94921875,260000,-0.0010737589261899938,-0.0010743358183047916,0.0069019390650693815,22796.81015625,22537.6451171875,22461.4548828125,22350.8459375,20964.8017578125,81.849609375,0.003565328842393272,305920.0,312095.0,0.8330796712539451
2024-05-28,22888.150390625,22998.55078125,22858.5,22977.150390625,217900,-0.0019317094176221072,-0.00193357757447097,0.006710393462928896,22868.630078125,22616.055078125,22484.86494140625,22361.9559375,20980.473505859376,44.701171875,0.0019492541528643825,279980.0,306495.0,0.7109414509208959
2024-05-29,22704.69921875,22825.5,22685.44921875,22762.75,269900,-0.008015115627261094,-0.0080474093408375,0.006658009225336321,22890.009765625,22664.7400390625,22487.9298828125,22369.3359375,20995.329248046874,-125.400390625,-0.005478834614629414,275900.0,305390.0,0.8837879432856348
2024-05-30,22488.650390625,22705.75,22417.0,22617.44921875,373400,-0.009515599658179275,-0.00956116224385675,0.006993567973327888,22794.209765625,22693.55,22482.119921875,22379.1549609375,21010.13974609375,-87.25,-0.0038428168177602274,276620.0,305965.0,1.2204010262611737
2024-05-31,22530.69921875,22653.75,22465.099609375,22568.099609375,572100,0.0018697799732139142,0.0018680341105537352,0.006992799808738149,22708.9296875,22706.2349609375,22476.244921875,22386.8359375,21025.884990234375,79.44921875,0.0035328584583768775,338660.0,312275.0,1.8320390681290528
2024-06-03,23263.900390625,23338.69921875,23062.30078125,23337.900390625,569400,0.03254231769535276,0.03202403067452011,0.009916986133910776,22775.219921875,22786.0150390625,22515.6474609375,22411.646953125,21044.6194921875,807.201171875,0.03582672530656523,400540.0,318840.0,1.7858487015430937
2024-06-04,21884.5,23179.5,21281.44921875,23179.5,1006100,-0.05929359941641077,-0.06112419596275757,0.016889363020191575,22574.48984375,22721.5599609375,22487.7375,22408.22296875,21056.05548828125,-84.400390625,-0.0036279552958803107,558180.0,353130.0,2.8490924022314728
2024-06-05,22620.349609375,22670.400390625,21791.94921875,22128.349609375,638500,0.033624236760035675,0.03307130264902321,0.01852617284730205,22557.619921875,22723.81484375,22503.62998046875,22424.2809765625,21071.30298828125,243.849609375,0.011142571654595718,631900.0,370165.0,1.7249064606324207
2024-06-06,22821.400390625,22910.150390625,22642.599609375,22798.599609375,480400,0.008888049244237806,0.008848783029735371,0.018610529071573324,22624.169921875,22709.18984375,22529.575,22443.9269921875,21087.247236328127,178.25,0.007880072725583531,653300.0,380315.0,1.2631634303143446
2024-06-07,23290.150390625,23320.19921875,22789.05078125,22821.849609375,473600,0.020539931466807104,0.02033183181806326,0.018642819271188507,22776.06015625,22742.494921875,22596.20751953125,22469.491015625,21105.982490234375,0.44921875,1.9684100989023374e-05,633600.0,387430.0,1.2224143716284233
2024-06-10,23259.19921875,23411.900390625,23227.150390625,23319.150390625,304400,-0.0013289382574128705,-0.0013298220789751808,0.018665864761332817,22775.119921875,22775.169921875,22656.40751953125,22492.74,21125.136982421875,29.0,0.0012451615602994727,580600.0,389360.0,0.7817957674131909
2024-06-11,23264.849609375,23389.44921875,23206.650390625,23283.75,305200,0.0002429314342191624,0.00024290193115634738,0.018674487677904424,23051.18984375,22812.83984375,22714.4474609375,22517.9430078125,21144.2884765625,24.55078125,0.0010555299440493555,440420.0,390710.0,0.7811420234956873
2024-06-12,23322.94921875,23441.94921875,23295.94921875,23344.44921875,295600,0.002497312914139238,0.002494199810096445,0.01866583110257076,23191.709765625,22874.66484375,22769.70244140625,22541.928984375,21163.57822265625,79.599609375,0.003421453854699489,371840.0,393980.0,0.7502918929894918
2024-06-13,23398.900390625,23481.05078125,23353.900390625,23480.94921875,268300,0.0032564994745150067,0.0032512085635553246,0.01864921080949381,23307.209765625,22965.68984375,22829.619921875,22563.368984375,21183.746474609376,158.0,0.006774443425575836,329420.0,395800.0,0.6778676099039919
2024-06-14,23465.599609375,23490.400390625,23334.25,23464.94921875,223100,0.0028505279152657437,0.0028464728647632507,0.01858927983575247,23342.299609375,23059.1798828125,22882.707421875,22583.4409765625,21204.523720703124,66.048828125,0.002822732137936837,279320.0,388510.0,0.5742451931739209
2024-06-18,23557.900390625,23579.05078125,23499.69921875,23570.80078125,272200,0.003933450786960613,0.0039257349959185015,0.01859203453037374,23402.03984375,23088.5798828125,22937.2974609375,22605.53296875,21225.345224609377,105.201171875,0.004483208340134207,272880.0,389985.0,0.6979755631626857
2024-06-19,23516.0,23664.0,23412.900390625,23629.849609375,328800,-0.0017786131162043084,-0.0017801967265448713,0.01861686483378732,23452.269921875,23251.7298828125,22986.644921875,22627.1599609375,21245.942978515624,71.94921875,0.003054143941394395,277600.0,389045.0,0.8451464483543035
2024-06-20,23567.0,23624.0,23442.599609375,23586.150390625,280300,0.0021687361796223215,0.0021663878659495613,0.018616068799470982,23501.080078125,23346.394921875,23035.1048828125,22648.206953125,21266.557978515626,70.150390625,0.0029830919639819696,274540.0,388545.0,0.7214093605631265
2024-06-21,23501.099609375,23667.099609375,23398.19921875,23661.150390625,609900,-0.00279629951309035,-0.0028002164622532473,0.018343452723738628,23521.519921875,23414.36484375,23061.77734375,22667.9549609375,21287.12998046875,94.150390625,0.003995009573768405,342860.0,400550.0,1.522656347522157
2024-06-24,23537.849609375,23558.099609375,23350.0,23382.30078125,239400,0.00156375661610908,0.0015625352218749532,0.018338753539936973,23535.969921875,23439.134765625,23090.81484375,22685.3859375,21308.490224609373,-118.798828125,-0.0050550327473872355,346120.0,399425.0,0.5993615822745196
2024-06-25,23721.30078125,23754.150390625,23562.05078125,23577.099609375,298100,0.007793879853915442,0.007763664467508334,0.018382631867903048,23568.65,23485.344921875,23130.257421875,22706.956953125,21330.566474609375,39.25,0.0016675270108093025,351300.0,401330.0,0.7427802556499639
2024-06-26,23868.80078125,23889.900390625,23670.44921875,23723.099609375,287800,0.006218040121837909,0.006198787876631016,0.018384588171463837,23639.21015625,23545.7400390625,23179.28994140625,22729.256953125,21353.1972265625,1.798828125,7.583176578671628e-05,343100.0,404825.0,0.7109244735379485
2024-06-27,24044.5,24087.44921875,23805.400390625,23881.55078125,515200,0.007361040898544724,0.007334080659762657,0.018253183770640814,23734.71015625,23617.8951171875,23246.27998046875,22759.7589453125,21376.68248046875,12.75,0.000534170112560313,390080.0,417090.0,1.2352250113884293
2024-06-28,24010.599609375,24174.0,23985.80078125,24085.900390625,354800,-0.0014099020825968367,-0.0014108969297394127,0.018048765567566193,23836.61015625,23679.0650390625,23322.37744140625,22794.5209375,21400.466474609377,41.400390625,0.0017218237278795567,339060.0,416160.0,0.852556708958093
2024-07-01,24141.94921875,24164.0,23992.69921875,23992.94921875,0,0.005470484349075377,0.00545557559691747,0.018050266549845553,23957.430078125,23746.7,23402.93994140625,22834.4019140625,21423.999716796876,-17.650390625,-0.0007351082818485032,291180.0,387555.0,0.0
2024-07-02,24123.849609375,24236.349609375,24056.400390625,24228.75,0,-0.0007497161563467802,-0.0007499973340487516,0.0167291415349214,24037.93984375,23803.294921875,23445.93740234375,22876.9619140625,21446.9749609375,86.80078125,0.0035954338427066864,231560.0,359085.0,0.0
2024-07-03,24286.5,24309.150390625,24207.099609375,24291.75,0,0.006742306607722792,0.006719678910168409,0.008495286351810644,24121.4796875,23880.344921875,23566.03740234375,22919.7519140625,21470.532958984375,167.900390625,0.006959933565484948,174000.0,308780.0,0.0
2024-07-04,24302.150390625,24401.0,24281.0,24369.94921875,251200,0.0006444070008029268,0.0006441994597673961,0.005297705136810833,24173.009765625,23953.8599609375,23650.12744140625,22959.0669140625,21493.98845703125,83.44921875,0.0034360331356926687,121200.0,289415.0,0.8679577768947705
2024-07-05,24323.849609375,24363.0,24168.849609375,24213.349609375,298400,0.0008928929498506211,0.0008924945580705119,0.0051784117078907,24235.659765625,24036.1349609375,23725.24990234375,22998.18390625,21516.972451171874,-88.80078125,-0.0036540297801900086,109920.0,280315.0,1.0645167044218111
2024-07-08,24320.55078125,24344.599609375,24240.55078125,24329.44921875,266300,-0.00013562113637344275,-0.0001356303337513403,0.0032348049984819377,24271.380078125,24114.405078125,23776.769921875,23036.5469140625,21539.475458984376,5.599609375,0.00023021065599919575,163180.0,269950.0,0.9864789775884423
2024-07-09,24433.19921875,24443.599609375,24331.900390625,24351.0,250500,0.004631820986013446,0.00462112711188291,0.0031692154521963008,24333.25,24185.594921875,23835.469921875,23073.80390625,21561.65970703125,30.44921875,0.0012519954430256948,213280.0,267255.0,0.9373070662850087
2024-07-10,24324.44921875,24461.05078125,24141.80078125,24459.849609375,292300,-0.004450911197766749,-0.004460845993233708,0.003499407512066554,24340.83984375,24231.159765625,23888.44990234375,23111.89390625,21583.31595703125,26.650390625,0.0010907450304153592,271740.0,266610.0,1.096357976069915
2024-07-11,24315.94921875,24402.650390625,24193.75,24396.55078125,306400,-0.0003494426502141934,-0.0003495037195243165,0.0035457736589200686,24343.599609375,24258.3046875,23938.09990234375,23145.3448828125,21604.545703125,72.1015625,0.002964160127597956,282780.0,267150.0,1.146921205315366
2024-07-12,24502.150390625,24592.19921875,24331.150390625,24387.94921875,325800,0.007657573644356042,0.007628403248955412,0.003752340698990943,24379.259765625,24307.459765625,23993.26240234375,23183.2908984375,21626.54095703125,72.0,0.0029610195083184694,288260.0,270025.0,1.2065549486158689
2024-07-15,24586.69921875,24635.05078125,24522.75,24587.599609375,305400,0.003450669707641296,0.0034447298074261035,0.0037592594217428586,24432.489453125,24351.934765625,24049.3173828125,23222.0608984375,21648.512705078127,85.44921875,0.003487417120037535,296080.0,274140.0,1.114029328080543
2024-07-16,24613.0,24661.25,24587.650390625,24615.900390625,283200,0.0010697158254551198,0.0010691440871768358,0.0037500165083645775,24468.449609375,24400.8498046875,24102.07236328125,23264.80390625,21670.911201171875,29.201171875,0.00118768166540757,302620.0,274690.0,1.0309803778805198
2024-07-18,24800.849609375,24837.75,24504.44921875,24543.80078125,350900,0.007632129743428306,0.007603152387120198,0.0038144137676131068,24563.7296875,24452.284765625,24166.31484375,23311.9669140625,21695.408447265625,-69.19921875,-0.0028114906248730346,314340.0,275795.0,1.2723218332457078
2024-07-19,24530.900390625,24854.80078125,24508.150390625,24853.80078125,343800,-0.010884676251089243,-0.010944347737899481,0.004874266257599638,24606.719921875,24475.159765625,24214.50986328125,23356.534921875,21719.351201171874,52.951171875,0.002135054754534855,321820.0,278970.0,1.2323905796322185
2024-07-22,24509.25,24595.19921875,24362.30078125,24445.75,324200,-0.0008825762723847497,-0.0008829659721330775,0.004792896102462424,24608.13984375,24493.6998046875,24264.9173828125,23400.669921875,21743.526201171873,-85.150390625,-0.0034711481955037415,321500.0,264685.0,1.2248521827833085
2024-07-23,24479.05078125,24582.55078125,24074.19921875,24568.900390625,436400,-0.0012321559717249908,-0.0012329157000276177,0.004850200178545795,24586.61015625,24509.5498046875,24311.97744140625,23451.1009375,21767.548701171876,59.650390625,0.0024337909411752704,347700.0,274535.0,1.5895969548509297
2024-07-24,24413.5,24504.25,24307.25,24444.94921875,366600,-0.002677831825905974,-0.00268142363114976,0.004753057634079768,24546.71015625,24507.5798828125,24346.58740234375,23498.266953125,21791.292705078125,-34.1015625,-0.0013930917013383734,364380.0,277960.0,1.3188948050079148
2024-07-25,24406.099609375,24426.150390625,24210.80078125,24230.94921875,391800,-0.0003031269840456652,-0.0003031729363163769,0.004630854217342142,24467.76015625,24515.744921875,24373.45234375,23544.3079296875,21814.74095703125,-182.55078125,-0.007477452280500543,372560.0,283160.0,1.3836700098884023
2024-07-26,24834.849609375,24861.150390625,24410.900390625,24423.349609375,383800,0.01756732976027453,0.01741480789992859,0.005775303052924507,24528.55,24567.6349609375,24412.96982421875,23596.6479296875,21841.297451171875,17.25,0.0007067905267982205,380560.0,276590.0,1.3876134350482663
2024-07-29,24836.099609375,24999.75,24774.599609375,24943.30078125,355000,5.03324972633834e-05,5.0331230625744864e-05,0.0057439393149504876,24593.919921875,24601.0298828125,24454.24482421875,23649.35890625,21867.2864453125,108.451171875,0.004366894649285912,386720.0,276600.0,1.2834417932031814
2024-07-30,24857.30078125,24971.75,24798.650390625,24839.400390625,385000,0.0008536433743000504,0.0008532792280141148,0.005677120491739918,24669.569921875,24628.0900390625,24490.01240234375,23698.4279296875,21893.92919921875,3.30078125,0.00013290256126827733,376440.0,295850.0,1.3013351360486733
2024-07-31,24951.150390625,24984.599609375,24856.5,24886.69921875,333600,0.00377553501085659,0.0037684255675633532,0.005673907674638336,24777.1,24661.905078125,24531.37744140625,23748.1289453125,21921.504453125,29.3984375,0.0011826882475580536,369840.0,312530.0,1.06741752791732
2024-08-01,25010.900390625,25078.30078125,24956.400390625,25030.94921875,431300,0.0023946791656728195,0.002391816490734086,0.005552650300387531,24898.06015625,24682.91015625,24567.5974609375,23797.7659375,21948.830205078124,79.798828125,0.0031982023624443044,377740.0,334095.0,1.2909501788413476
2024-08-02,24717.69921875,24851.900390625,24686.849609375,24789.0,345000,-0.011722935491954689,-0.011792190883304469,0.006290792825863721,24874.630078125,24701.5900390625,24588.37490234375,23840.16390625,21974.151201171873,-221.900390625,-0.00887214723018034,369980.0,338785.0,1.0183449680475818
2024-08-05,24055.599609375,24350.05078125,23893.69921875,24302.849609375,487000,-0.02678645789462286,-0.02715175314145156,0.008820744011872982,24718.530078125,24656.225,24574.96240234375,23861.922890625,21996.867451171875,-414.849609375,-0.016783504229241096,396380.0,348215.0,1.3985612337205462
2024-08-06,23992.55078125,24382.599609375,23960.400390625,24189.849609375,312300,-0.0026209626510589334,-0.0026244033870099497,0.008832585492916947,24545.580078125,24607.575,24558.56240234375,23882.6319140625,22018.38095703125,134.25,0.005580821188413853,381840.0,350515.0,0.8909747086429968
2024-08-07,24297.5,24337.69921875,24184.900390625,24289.400390625,317600,0.012710162480444431,0.012630066341245293,0.009260757214577326,24414.85,24595.975,24551.77744140625,23909.9329296875,22040.811708984376,296.849609375,0.012372573974376487,378640.0,353870.0,0.8975047333766637
2024-08-08,24117.0,24340.5,24079.69921875,24248.55078125,311900,-0.007428747813561065,-0.007456478381555143,0.009355518781857647,24236.069921875,24567.0650390625,24541.40498046875,23934.509921875,22062.426708984374,-48.94921875,-0.002014578403127894,354760.0,354850.0,0.8789629420882062
2024-08-09,24367.5,24419.75,24311.19921875,24386.849609375,215100,0.010386864037815746,0.010333291215294636,0.00966079003923008,24166.030078125,24520.330078125,24543.98251953125,23967.7659375,22085.508955078127,269.849609375,0.011189186440063026,328780.0,350285.0,0.6140713990036685
2024-08-12,24347.0,24472.80078125,24212.099609375,24320.05078125,279900,-0.0008412844977941925,-0.0008416385761983504,0.009498757983449733,24224.31015625,24471.4201171875,24536.225,24004.9329296875,22108.585205078125,-47.44921875,-0.0019472337642351494,287360.0,347990.0,0.8043334578579844
2024-08-13,24139.0,24359.94921875,24116.5,24342.349609375,239700,-0.008543146999630324,-0.00857984886239657,0.009628912274411322,24253.6,24399.5900390625,24513.8400390625,24037.0989453125,22130.222705078126,-4.650390625,-0.00019100466689941266,272840.0,344705.0,0.6953772065969452
2024-08-14,24143.75,24196.5,24099.69921875,24184.400390625,303300,0.00019677699987563635,0.0001967576418212346,0.009621612745803145,24222.85,24318.85,24490.3775390625,24054.6959375,22152.58595703125,45.400390625,0.0018807900337627905,269980.0,345710.0,0.8773249255156056
2024-08-16,24541.150390625,24563.900390625,24204.5,24334.849609375,271600,0.016459762490292462,0.016325768935141063,0.010218444690956792,24307.680078125,24271.875,24477.392578125,24107.8289453125,22177.168212890625,191.099609375,0.007915075718353612,261920.0,341745.0,0.794744619526255
2024-08-19,24572.650390625,24638.80078125,24522.94921875,24636.349609375,243600,0.0012835584110202358,0.0012827353541420893,0.009924129452572822,24348.71015625,24257.3701171875,24479.480078125,24146.8749609375,22202.318212890626,95.19921875,0.0038791669190197044,267620.0,336735.0,0.7234175241658871
2024-08-20,24698.849609375,24734.30078125,24607.19921875,24648.900390625,238300,0.005135759339910173,0.0051226163083365125,0.009982817177402903,24419.080078125,24321.6951171875,24488.96005859375,24184.4239453125,22229.4037109375,76.25,0.003103043374966627,259300.0,332440.0,0.7168210804957286
2024-08-21,24770.19921875,24787.94921875,24654.5,24680.55078125,257100,0.0028887826964991703,0.0028846181820890576,0.009989168029244442,24545.319921875,24399.4599609375,24503.51748046875,24214.024921875,22257.643955078125,-18.298828125,-0.0007408777499521383,262780.0,323475.0,0.7948063992580571
2024-08-22,24811.5,24867.349609375,24784.44921875,24863.400390625,220300,0.001667357653657442,0.0016659691560852782,0.009960444825301968,24678.869921875,24450.8599609375,24523.41748046875,24245.0709375,22287.415205078127,93.201171875,0.003762633116186269,246180.0,316160.0,0.6967990890688259
2024-08-23,24823.150390625,24858.400390625,24771.650390625,24845.400390625,206800,0.00046955607782672715,0.0004694458708691634,0.009957209429671475,24735.269921875,24521.475,24544.27001953125,24276.236953125,22316.29470703125,33.900390625,0.0013663176601575882,233220.0,306910.0,0.6738131699846861
2024-08-26,25010.599609375,25043.80078125,24874.69921875,24906.099609375,210300,0.007551387144671073,0.007523018148105455,0.009305052071267868,24822.859765625,24585.7849609375,24553.05751953125,24309.9899609375,22345.643203125,82.94921875,0.003341607227313402,226560.0,298235.0,0.7051486244069274
2024-08-27,25017.75,25073.099609375,24973.650390625,25024.80078125,223300,0.0002858944102370753,0.0002858535502177548,0.009304743208294608,24886.63984375,24652.8599609375,24562.1400390625,24342.366953125,22375.333955078124,14.201171875,0.0005678061340711247,223560.0,291650.0,0.7656437510714899
2024-08-28,25052.349609375,25129.599609375,24964.650390625,25030.80078125,220400,0.0013830024432652799,0.0013820469762269526,0.009306836811869303,24943.069921875,24744.194921875,24571.89248046875,24374.101953125,22405.649951171876,13.05078125,0.000521660870781745,216220.0,283420.0,0.7776444852162868
2024-08-29,25151.94921875,25192.900390625,24998.5,25035.30078125,354000,0.00397565940632294,0.003967777356455909,0.009310727258648429,25011.159765625,24845.01484375,24581.932421875,24405.9829296875,22435.743447265624,-17.048828125,-0.0006805281097713905,242960.0,284440.0,1.2445506961046267
2024-08-30,25235.900390625,25268.349609375,25199.400390625,25249.69921875,638200,0.003337760073577778,0.003332202116407902,0.009323514882531832,25093.709765625,24914.48984375,24593.182421875,24440.3809375,22465.769951171875,97.75,0.0038863787116399868,329240.0,294785.0,2.1649676883152127
2024-09-02,25278.69921875,25333.650390625,25235.5,25333.599609375,222800,0.001695950113232314,0.0016945136137639853,0.00887023693339504,25147.3296875,24985.0947265625,24621.232421875,24474.614921875,22495.104697265626,97.69921875,0.003871437802405288,331740.0,288675.0,0.7718021997055512
2024-09-03,25279.849609375,25321.69921875,25235.80078125,25313.400390625,212100,4.550829989491412e-05,4.550726442364936e-05,0.005978735744389523,25199.749609375,25043.1947265625,24682.444921875,24510.189921875,22524.47044921875,34.701171875,0.0013727435725514332,329500.0,274930.0,0.7714691012257665
2024-09-04,25198.69921875,25216.0,25083.80078125,25089.94921875,253800,-0.0032100820170585243,-0.003215245383183467,0.006006689687032526,25229.01953125,25086.0447265625,24742.75234375,24543.4069140625,22553.2464453125,-189.900390625,-0.007511927228972742,336180.0,272005.0,0.933071083252146
2024-09-05,25145.099609375,25275.44921875,25127.75,25250.5,222200,-0.0021270784221717465,-0.0021293438665674616,0.005576577024761918,25227.649609375,25119.4046875,24785.13232421875,24571.882890625,22581.995439453123,51.80078125,0.0020556926689079156,309820.0,267235.0,0.8314779126985612
2024-09-06,24852.150390625,25168.75,24801.30078125,25093.69921875,311700,-0.011650350298901935,-0.011718747382249265,0.006004961196763731,25150.899609375,25122.3046875,24821.88984375,24591.5498828125,22609.129443359376,-51.400390625,-0.0020441514022014884,244520.0,267225.0,1.1664327813640192
2024-09-09,24936.400390625,24957.5,24753.150390625,24823.400390625,254400,0.003390048695012693,0.003384315433638339,0.005654778148864631,25082.43984375,25114.884765625,24850.33486328125,24609.387890625,22636.59369140625,-28.75,-0.0011568415428085204,250840.0,269190.0,0.9450573944054386
2024-09-10,25041.099609375,25130.5,24896.80078125,24999.400390625,251300,0.0041986500501236534,0.0041898603137641086,0.005672713176136329,25034.68984375,25117.2197265625,24885.03984375,24629.997890625,22663.421943359375,63.0,0.0025264271912992403,258680.0,267760.0,0.938527039139528
2024-09-11,24918.44921875,25113.69921875,24885.150390625,25034.0,279200,-0.004897963449619458,-0.004909997784499106,0.005387066124902931,24978.63984375,25103.8296875,24924.0123046875,24645.527890625,22689.188193359376,-7.099609375,-0.0002835182753852397,263760.0,269735.0,1.0350899957365562
2024-09-12,25388.900390625,25433.349609375,24941.44921875,25059.650390625,380100,0.01887963282727112,0.018703624424743968,0.006611011615566709,25027.4,25127.5248046875,24986.26982421875,24670.82890625,22717.47369140625,141.201171875,0.005666531277105019,295340.0,273575.0,1.389381339669195
2024-09-13,25356.5,25430.5,25292.44921875,25430.44921875,250800,-0.0012761636040355961,-0.0012769785942554214,0.005782974991757515,25128.269921875,25139.584765625,25027.0373046875,24692.22890625,22745.78619140625,41.548828125,0.0016364957712127677,283160.0,272535.0,0.9202487753866476
2024-09-16,25383.75,25445.69921875,25336.19921875,25406.650390625,168700,0.0010746751326089488,0.0010740980826790941,0.005783862733459451,25217.73984375,25150.08984375,25067.59228515625,24713.8608984375,22773.787939453126,50.150390625,0.0019778120255161398,266020.0,268790.0,0.6276275159046095
2024-09-17,25418.55078125,25441.650390625,25352.25,25416.900390625,216000,0.0013709866056039743,0.0013700476615561017,0.005725099056660725,25293.230078125,25163.9599609375,25103.57734375,24735.754921875,22801.8214453125,33.150390625,0.0013059690008371497,258960.0,267675.0,0.8069487251330905
2024-09-18,25377.55078125,25482.19921875,25285.55078125,25402.400390625,215700,-0.0016129951842196455,-0.0016142974615182065,0.005754087445584854,25385.050390625,25181.8451171875,25133.944921875,24756.894921875,22829.69919921875,-16.150390625,-0.0006353781049119975,246260.0,265605.0,0.8121082057943186
2024-09-19,25415.80078125,25611.94921875,25376.05078125,25487.05078125,314500,0.0015072376499098983,0.0015061029073179838,0.005753554707932956,25390.43046875,25208.915234375,25164.1599609375,24776.546953125,22857.80470703125,109.5,0.004314837193859669,233140.0,270315.0,1.1634574477923905
2024-09-20,25790.94921875,25849.25,25426.599609375,25525.94921875,533100,0.014760441377741573,0.014652566289984728,0.006495122747223526,25477.3203125,25302.7951171875,25212.54990234375,24805.876953125,22887.31095703125,110.1484375,0.004333856660588079,289600.0,286630.0,1.8598890555768761
2024-09-23,25939.05078125,25956.0,25847.349609375,25872.55078125,209200,0.005742385099666292,0.005725960454112572,0.006424997657382388,25588.38046875,25403.06015625,25258.9724609375,24838.338984375,22916.523212890625,81.6015625,0.0031639611945990624,297700.0,286575.0,0.7300008723719794
2024-09-24,25940.400390625,26011.55078125,25886.849609375,25921.44921875,384100,5.2030021699067674e-05,5.20286681844374e-05,0.006428193954228385,25692.750390625,25492.990234375,25305.10498046875,24867.103984375,22945.559462890626,-17.6015625,-0.0006785738864709444,331320.0,294615.0,1.3037353834665582
2024-09-25,26004.150390625,26032.80078125,25871.349609375,25899.44921875,278500,0.0024575565157058943,0.0024545416621303915,0.006428734560971845,25818.0703125,25601.5603515625,25352.69501953125,24895.4530078125,22974.240712890623,-40.951171875,-0.00157866383164232,343880.0,297520.0,0.936071524603388
2024-09-26,26216.05078125,26250.900390625,25998.400390625,26005.400390625,370900,0.008148714241454025,0.008115692736807522,0.006566384397884331,25978.1203125,25684.275390625,25405.90009765625,24927.5140234375,23001.886962890625,1.25,4.806924976293974e-05,355160.0,298365.0,1.2431082734234913
2024-09-27,26178.94921875,26277.349609375,26151.400390625,26248.25,490300,-0.0014152231703233875,-0.0014162255444679923,0.0066049110243399795,26055.7203125,25766.5203125,25453.0525390625,24955.076015625,23028.5062109375,32.19921875,0.0012282253730233551,346600.0,290970.0,1.6850534419355947
2024-09-30,25810.849609375,26134.69921875,25794.099609375,26061.30078125,343100,-0.014060900852023384,-0.014160691857076434,0.0075036915112541075,26030.080078125,25809.2302734375,25479.66005859375,24980.675,23052.871962890626,-117.6484375,-0.004494009156629454,373380.0,296985.0,1.1552772025523175
2024-10-01,25796.900390625,25907.599609375,25739.19921875,25788.44921875,247400,-0.0005404401234794243,-0.0005405862138807384,0.007509039344722058,26001.380078125,25847.065234375,25505.51259765625,25006.4280078125,23077.350712890624,-22.400390625,-0.0008678672327339332,346040.0,298750.0,0.8281171548117154
2024-10-03,25250.099609375,25639.44921875,25230.30078125,25452.849609375,423400,-0.021196375260987388,-0.02142424417261006,0.008978130499866996,25850.569921875,25834.3201171875,25508.0826171875,25021.848984375,23098.754208984374,-344.05078125,-0.013336903893113976,375020.0,307230.0,1.378120626240927
2024-10-04,25014.599609375,25485.05078125,24966.80078125,25181.900390625,374900,-0.009326695880144675,-0.009370461848646757,0.009215034010802077,25610.2796875,25794.2,25501.5576171875,25033.8709765625,23118.841708984375,-68.19921875,-0.002700948503374561,375820.0,314865.0,1.1906690168802503
2024-10-07,24795.75,25143.0,24694.349609375,25084.099609375,374300,-0.008748875168602677,-0.008787371273170997,0.009046914382337231,25333.63984375,25694.680078125,25498.73759765625,25041.663984375,23138.28845703125,69.5,0.002778377470969102,352620.0,317995.0,1.1770625324297552
2024-10-08,25013.150390625,25044.0,24756.80078125,24832.19921875,333200,0.00876764730346924,0.008729434677965052,0.009233300261906744,25174.1,25602.0900390625,25502.57509765625,25045.23,23158.7224609375,36.44921875,0.001469978474133672,350640.0,321935.0,1.0349915355584203
2024-10-09,24981.94921875,25234.05078125,24947.69921875,25065.80078125,290600,-0.0012473907279866303,-0.0012481693673798233,0.009189188764786716,25011.109765625,25506.244921875,25499.617578125,25048.1469921875,23177.7187109375,52.650390625,0.0021049084102869953,359280.0,323900.0,0.8971904908922507
2024-10-10,24998.44921875,25134.05078125,24979.400390625,25067.05078125,261400,0.0006604768849507447,0.0006602588660852999,0.009119533848418763,24960.7796875,25405.6748046875,25503.617578125,25050.9699609375,23195.427705078124,85.1015625,0.00340652211542115,326880.0,323010.0,0.8092628711185412
2024-10-11,24964.25,25028.650390625,24920.05078125,24985.30078125,210500,-0.0013680536120755926,-0.0013689902517646816,0.007990708716756065,24950.709765625,25280.4947265625,25482.38505859375,25051.231953125,23213.155703125,-13.1484375,-0.0005259701265844147,294000.0,314530.0,0.6692525355292023
2024-10-14,25127.94921875,25159.75,25017.5,25023.44921875,206400,0.006557345754428789,0.006535939888908111,0.008157041818542732,25017.149609375,25175.3947265625,25470.95751953125,25053.5729296875,23231.529951171877,59.19921875,0.002371359794506144,260420.0,312310.0,0.6608818161442157
2024-10-15,25057.349609375,25212.05078125,25008.150390625,25186.30078125,257200,-0.0028096049048969007,-0.0028135592532655376,0.008165796091180948,25025.989453125,25100.0447265625,25454.6375,25060.3659375,23251.065947265626,58.3515625,0.00232217766726698,245220.0,316735.0,0.8120352976462973
2024-10-16,24971.30078125,25093.400390625,24908.44921875,25008.55078125,226800,-0.0034340754096676696,-0.003439985380697183,0.008174968435952203,25023.859765625,25017.484765625,25432.275,25078.6799609375,23269.647197265625,-48.798828125,-0.0019474856234093618,232460.0,317275.0,0.7148372862658577
2024-10-17,24749.849609375,25029.5,24728.900390625,25027.400390625,252800,-0.008868227322834543,-0.008907784090014885,0.008369029608443171,24974.13984375,24967.459765625,25400.88994140625,25093.8259375,23286.649443359376,56.099609375,0.002246563359531637,230740.0,319130.0,0.7921536677842885
2024-10-18,24854.05078125,24886.19921875,24567.650390625,24664.94921875,290900,0.004210173941240125,0.004201335956550517,0.008436904776834646,24952.1,24951.4048828125,25372.80244140625,25104.956953125,23303.71294921875,-84.900390625,-0.003430339657209091,246820.0,317950.0,0.9149237301462494
2024-10-21,24781.099609375,24978.30078125,24679.599609375,24956.150390625,242000,-0.00293518237799828,-0.002939498473548445,0.007571437602264238,24882.730078125,24949.93984375,25322.3099609375,25118.2389453125,23319.344697265624,102.099609375,0.004107966555376332,253940.0,303395.0,0.7976400402116053
2024-10-22,24472.099609375,24882.0,24445.80078125,24798.650390625,279500,-0.012469180337869368,-0.012547572909439223,0.007689562300108779,24765.680078125,24895.834765625,25248.96240234375,25120.3309375,23332.81169921875,17.55078125,0.0007082325452321866,258400.0,306910.0,0.9106904304193412
2024-10-23,24435.5,24604.25,24378.099609375,24378.150390625,284600,-0.001495564743491773,-0.0014966842167451323,0.007666273800998453,24658.519921875,24841.18984375,25173.7173828125,25122.1009375,23346.332197265627,-93.94921875,-0.0038390338487347877,269960.0,301935.0,0.9425869806415288
2024-10-24,24399.400390625,24480.650390625,24341.19921875,24412.69921875,216700,-0.0014773427748562273,-0.0014784351216731097,0.007569924553931245,24588.430078125,24781.2849609375,25093.4798828125,25127.3089453125,23359.619697265625,-22.80078125,-0.0009331006629698594,262740.0,298845.0,0.7251250648329401
2024-10-25,24180.80078125,24440.25,24073.900390625,24418.05078125,372600,-0.008959220549493163,-0.00899959570008371,0.007182361370843036,24453.780078125,24702.9400390625,24991.7173828125,25128.0499609375,23372.194697265626,18.650390625,0.0007643790554855624,279080.0,298930.0,1.246445656173686
2024-10-28,24339.150390625,24492.599609375,24134.900390625,24251.099609375,278600,0.0065485676346082045,0.006527218917237164,0.007545249087597252,24365.390234375,24624.06015625,24899.72744140625,25124.0099609375,23386.303701171873,70.298828125,0.0029072167113468926,286400.0,288345.0,0.9662036796198997
2024-10-29,24466.849609375,24484.5,24140.849609375,24328.849609375,332000,0.0052466588480091225,0.0052329430871703615,0.007370821577222177,24364.340234375,24565.01015625,24832.52744140625,25121.8939453125,23400.344951171875,-10.30078125,-0.00042321860396440437,296900.0,287790.0,1.1536189582681817
2024-10-30,24340.849609375,24498.19921875,24307.30078125,24371.44921875,285200,-0.005149825253829232,-0.00516313130612327,0.00737363942181593,24345.41015625,24501.9650390625,24759.72490234375,25114.7339453125,23413.4951953125,-95.400390625,-0.003899169371950743,297020.0,289680.0,0.9845346589339962
2024-10-31,24205.349609375,24372.44921875,24172.599609375,24349.849609375,287000,-0.005566773640794054,-0.00558232586918934,0.006036690556793186,24306.6,24447.5150390625,24707.48740234375,25103.436953125,23426.956943359375,9.0,0.00036974880270956547,311080.0,282860.0,1.0146362157958
2024-11-01,24304.349609375,24368.25,24280.19921875,24302.75,38800,0.004090004961616156,0.004081663627652918,0.005935179353504087,24331.309765625,24392.544921875,24671.97490234375,25093.2939453125,23440.754443359376,97.400390625,0.004023920009289011,244320.0,266055.0,0.14583450790250135
2024-11-04,23995.349609375,24316.75,23816.150390625,24315.75,285500,-0.0127137736646451,-0.012795285302364113,0.006250610117557553,24262.549609375,24313.969921875,24631.9548828125,25076.7379296875,23452.6376953125,11.400390625,0.0004690679161643761,245700.0,261615.0,1.091298281826348
2024-11-05,24213.30078125,24229.05078125,23842.75,23916.5,289500,0.00908305881860727,0.009042055940529129,0.006278535314040243,24211.83984375,24288.0900390625,24591.96240234375,25060.791953125,23465.468203125,-78.849609375,-0.003286037113799476,237200.0,259430.0,1.1159079520487223
2024-11-06,24484.05078125,24537.599609375,24204.05078125,24308.75,351100,0.011181870759630508,0.011119815807918394,0.0069001502109085,24240.480078125,24292.9451171875,24567.06748046875,25050.11796875,23478.415703125,95.44921875,0.003942015985854882,250380.0,262455.0,1.3377531386332895
2024-11-07,24199.349609375,24503.349609375,24179.05078125,24489.599609375,322200,-0.011628025706147627,-0.011696159889418445,0.007282581694171643,24239.280078125,24272.9400390625,24527.1125,25033.05796875,23488.925205078125,5.548828125,0.00022663031434526015,257420.0,265495.0,1.2135821766888266
2024-11-08,24148.19921875,24276.150390625,24066.650390625,24207.69921875,298700,-0.002113709312467793,-0.0021159463488489003,0.007283251942127987,24208.05,24269.6798828125,24486.3099609375,25012.98296875,23499.504697265624,8.349609375,0.0003450344538088454,309400.0,269905.0,1.1066856857042293
2024-11-11,24141.30078125,24336.80078125,24004.599609375,24087.25,273400,-0.00028567088740283353,-0.00028571169910344984,0.007034622277329458,24237.240234375,24249.894921875,24436.9775390625,24991.0909765625,23512.351455078126,-60.94921875,-0.0025239653772060836,306980.0,273255.0,1.0005306398785017
2024-11-12,23883.44921875,24242.0,23839.150390625,24225.80078125,255800,-0.010680930776533315,-0.010738381367723213,0.007298864346515015,24171.269921875,24191.5548828125,24378.28251953125,24963.1859765625,23524.457451171875,84.5,0.0035002256409327054,300240.0,273185.0,0.936361806102092
2024-11-13,23559.05078125,23873.599609375,23509.599609375,23822.44921875,304600,-0.013582562322921432,-0.013675649189030194,0.00771743507824175,23986.269921875,24113.375,24307.67001953125,24928.77,23534.140703125,-61.0,-0.00255406995201142,290940.0,277075.0,1.0993413335739421
2024-11-14,23532.69921875,23675.900390625,23484.150390625,23542.150390625,257700,-0.0011185324376894457,-0.0011191584619590343,0.007594428969072387,23852.93984375,24046.1099609375,24246.8125,24895.45,23545.6101953125,-16.900390625,-0.0007173629694134602,278040.0,277320.0,0.9292514063176114
2024-11-18,23453.80078125,23606.80078125,23350.400390625,23605.30078125,263300,-0.0033527151631265184,-0.003358348106569627,0.007429711646144625,23714.06015625,23961.055078125,24176.8,24861.6240234375,23555.609453125,72.6015625,0.0030851353610194324,270960.0,275940.0,0.9541929404943104
2024-11-19,23518.5,23780.650390625,23464.80078125,23529.55078125,297500,0.002758581406631766,0.002754783503889256,0.00753537404316518,23589.5,23913.3701171875,24113.67001953125,24834.951015625,23566.438955078123,75.75,0.0032297537062972704,275780.0,278715.0,1.0673985971332722
2024-11-21,23349.900390625,23507.30078125,23263.150390625,23488.44921875,420300,-0.007168807933116472,-0.007194627306794726,0.007257508086339492,23482.790234375,23827.030078125,24057.56005859375,24803.221015625,23574.500458984374,-30.05078125,-0.0012777507600399685,308680.0,285755.0,1.470840405242253
2024-11-22,23907.25,23956.099609375,23359.0,23411.80078125,367600,0.023869464111237804,0.02358904203763299,0.009329515627857445,23552.430078125,23769.35,24031.14755859375,24780.5440234375,23586.4262109375,61.900390625,0.0026509916354869353,321280.0,289905.0,1.2680015867266863
2024-11-25,24221.900390625,24351.55078125,24135.44921875,24253.55078125,687200,0.013161295867362366,0.013075438521712217,0.009853799723965615,23690.2703125,23771.605078125,24022.27255859375,24766.613046875,23598.907216796873,346.30078125,0.014485178397766368,407180.0,313430.0,2.192515075136394
2024-11-26,24194.5,24343.30078125,24125.400390625,24343.30078125,230700,-0.0011312238174179257,-0.0011318641340202825,0.009645815151928222,23838.41015625,23776.23515625,24022.95751953125,24742.7250390625,23611.392470703126,121.400390625,0.0050120093249160415,400660.0,306335.0,0.7530970995805246
2024-11-27,24274.900390625,24354.55078125,24145.650390625,24204.80078125,295000,0.003323085437806128,0.0033175761911502914,0.009558404768297411,23989.690234375,23789.5951171875,24019.74501953125,24721.093046875,23623.49796875,10.30078125,0.00042574887887743084,400160.0,307155.0,0.9604271459035341
2024-11-28,23914.150390625,24345.75,23873.349609375,24274.150390625,366700,-0.014861029054492936,-0.0149725605075969,0.010014278013219486,24102.540234375,23792.665234375,23992.11005859375,24691.7010546875,23634.210224609375,-0.75,-3.0896110300401114e-05,389440.0,308890.0,1.1871540030431544
2024-11-29,24131.099609375,24188.44921875,23927.150390625,23927.150390625,282100,0.009072001940535257,0.009031098528695802,0.010214085271972595,24147.31015625,23849.8701171875,23981.62255859375,24665.95203125,23645.218720703124,13.0,0.0005436112003835334,372340.0,308735.0,0.9137286021992971
2024-12-02,24276.05078125,24301.69921875,24008.650390625,24140.849609375,220400,0.006006820004948565,0.005988850983542634,0.010232788348723282,24158.140234375,23924.2052734375,23985.1576171875,24643.92203125,23656.946474609376,9.75,0.0004040429221141708,278980.0,305405.0,0.721664674776117
2024-12-03,24457.150390625,24481.349609375,24280.0,24367.5,339500,0.007460011144599932,0.007432322879372628,0.010327601151752821,24210.6703125,24024.540234375,23992.79765625,24624.7490234375,23670.64248046875,91.44921875,0.0037670550112966594,300740.0,320440.0,1.059480714018225
2024-12-04,24467.44921875,24573.19921875,24366.30078125,24488.75,348000,0.00042109681465385407,0.0004210081782723239,0.00985921279038924,24249.180078125,24119.43515625,24016.40263671875,24598.2790234375,23684.0672265625,31.599609375,0.0012920397049655005,311340.0,323565.0,1.0755180566501321
2024-12-05,24708.400390625,24857.75,24295.55078125,24539.150390625,361500,0.009847825562885104,0.009799651742121284,0.009893551133568147,24408.030078125,24255.28515625,24041.1576171875,24573.666015625,23699.528974609377,71.701171875,0.0029304718785337727,310300.0,327165.0,1.104947045069002
2024-12-06,24677.80078125,24751.05078125,24620.5,24729.44921875,226700,-0.0012384293961259507,-0.0012391968835286232,0.009610454202210789,24517.3703125,24332.340234375,24050.8451171875,24548.4140234375,23714.201728515625,21.048828125,0.0008518895514169531,299220.0,320945.0,0.7063515555624795
2024-12-09,24619.0,24705.0,24580.05078125,24633.900390625,248100,-0.0023827399277279726,-0.002385583169878571,0.009213693887982832,24585.96015625,24372.0501953125,24071.82763671875,24520.711015625,23728.096474609374,-43.900390625,-0.0017789425813970901,304760.0,317240.0,0.7820577480771655
2024-12-10,24610.05078125,24677.80078125,24510.650390625,24652.650390625,261000,-0.0003635086213900074,-0.00036357470666444975,0.00919184743389842,24616.540234375,24413.6052734375,24094.92021484375,24488.591015625,23741.592978515626,33.650390625,0.001366846363580974,289060.0,315355.0,0.8276386929016505
2024-12-11,24641.80078125,24691.75,24583.849609375,24620.5,187300,0.0012901233029631864,0.0012892918089711122,0.009187110394886826,24651.410546875,24450.2953125,24119.94521484375,24457.848046875,23754.598486328126,10.44921875,0.00042459151518537666,256920.0,311050.0,0.6021539945346407
2024-12-12,24548.69921875,24675.25,24527.94921875,24604.44921875,266100,-0.003778196379659149,-0.003785351792322941,0.00884588407652686,24619.4703125,24513.7501953125,24153.20771484375,24432.6050390625,23766.730732421875,-37.3515625,-0.0015157805564445957,237840.0,311565.0,0.8540753935775841
2024-12-13,24768.30078125,24792.30078125,24180.80078125,24498.349609375,310100,0.008945547808588916,0.008905773422254015,0.00825036539073667,24637.5703125,24577.4703125,24213.67021484375,24412.033046875,23779.587490234375,-50.349609375,-0.00205100925822349,254520.0,311840.0,0.9944202154951257
2024-12-16,24668.25,24781.25,24601.75,24753.400390625,187600,-0.004039468921733236,-0.004047649614185296,0.008343823820119946,24647.4203125,24616.690234375,24270.44775390625,24400.3960546875,23792.653486328127,-14.900390625,-0.0006015911530063392,242420.0,308335.0,0.6084291436262507
2024-12-17,24336.0,24624.099609375,24303.44921875,24584.80078125,264900,-0.013468730047733413,-0.01356025614827435,0.00899184593035841,24592.61015625,24604.5751953125,24314.55771484375,24386.8240625,23803.246240234374,-83.44921875,-0.003382859292815664,243200.0,308415.0,0.8589076406789553
2024-12-18,24198.849609375,24394.44921875,24149.849609375,24297.94921875,235300,-0.005635699812006956,-0.005651640286891943,0.00914361170564916,24504.019921875,24577.715234375,24348.5751953125,24374.8860546875,23813.1769921875,-38.05078125,-0.0015635593873274162,252800.0,305305.0,0.7707047051309346
2024-12-19,23951.69921875,24004.900390625,23870.30078125,23877.150390625,271100,-0.010213311567061067,-0.01026582529903898,0.00931860871532695,24384.619921875,24502.0451171875,24378.66513671875,24353.65703125,23822.325234375,-321.69921875,-0.013293988100383453,253800.0,297845.0,0.9102049723849653
2024-12-20,23587.5,24065.80078125,23537.349609375,23960.69921875,442700,-0.01520556915080562,-0.015322359236337606,0.008390836082838101,24148.459765625,24393.0150390625,24362.67763671875,24325.768046875,23829.270986328123,9.0,0.00037575622162767356,280320.0,301600.0,1.4678381962864722
2024-12-23,23753.44921875,23869.55078125,23647.19921875,23738.19921875,189800,0.0070354729729729115,0.007010839504245724,0.007961365166385926,23965.499609375,24306.4599609375,24339.255078125,24300.868046875,23838.28248046875,150.69921875,0.0063889440911499736,280760.0,276730.0,0.6858670906659922
2024-12-24,23727.650390625,23867.650390625,23685.150390625,23769.099609375,177700,-0.0010861087115143775,-0.0010866989549987555,0.007961316253772029,23843.8296875,24218.219921875,24315.91259765625,24276.1360546875,23847.006728515626,15.650390625,0.0006588681281978292,263320.0,274080.0,0.6483508464681844
2024-12-26,23750.19921875,23854.5,23653.599609375,23775.80078125,177700,0.0009503186263191132,0.0009498673594489271,0.007911915326517565,23754.099609375,24129.059765625,24289.6775390625,24248.5810546875,23854.063974609377,48.150390625,0.002029294507981483,251800.0,268215.0,0.6625281956639263
2024-12-27,23813.400390625,23938.849609375,23800.599609375,23801.400390625,176800,0.002661079652128029,0.002657545248501766,0.007245589745673888,23726.43984375,24055.5298828125,24284.6400390625,24223.7020703125,23861.102978515624,51.201171875,0.002155820732424777,232940.0,258720.0,0.6833642547928263
2024-12-30,23644.900390625,23915.349609375,23599.30078125,23796.900390625,364900,-0.007075847935867907,-0.007101000468431965,0.00705688253511069,23737.919921875,23943.18984375,24260.330078125,24197.1740625,23867.5459765625,-16.5,-0.0006928871865983414,217380.0,262860.0,1.3881914327018186
2024-12-31,23644.80078125,23689.849609375,23460.44921875,23560.599609375,193600,-4.212721278373799e-06,-4.2127301519090045e-06,0.006868540895409292,23716.190234375,23840.844921875,24228.767578125,24175.0730859375,23873.3997265625,-84.30078125,-0.0035652838395303426,218140.0,261520.0,0.7402875497093913
2025-01-01,23742.900390625,23822.80078125,23562.80078125,23637.650390625,154900,0.004148887118253564,0.004140304217561321,0.006683854244035627,23719.240234375,23781.5349609375,24193.055078125,24152.850078125,23879.646474609373,-7.150390625,-0.0003024085798460252,213580.0,252290.0,0.6139759800229894
2025-01-02,24188.650390625,24226.69921875,23751.55078125,23783.0,283200,0.018774033191665485,0.018599976157659907,0.00807147234739651,23806.93046875,23780.5150390625,24179.11513671875,24141.00109375,23888.926474609376,40.099609375,0.001688909472527355,234680.0,249050.0,1.1371210600281068
2025-01-03,24004.75,24196.44921875,23976.0,24196.400390625,312300,-0.007602755327609123,-0.007631803596810856,0.007828782454655972,23845.200390625,23785.8201171875,24143.9326171875,24131.6541015625,23897.271728515625,7.75,0.00032039819811541584,261780.0,246590.0,1.266474715114157
2025-01-06,23616.05078125,24089.94921875,23551.900390625,24045.80078125,278100,-0.016192595996625703,-0.016325128725884954,0.008496711275213956,23839.43046875,23788.6751953125,24090.8451171875,24115.2651171875,23905.363486328126,41.05078125,0.001710110759328883,244420.0,249160.0,1.1161502648900306
2025-01-07,23707.900390625,23795.19921875,23637.80078125,23679.900390625,262300,0.0038892874268343647,0.0038817437019732417,0.008603219847679748,23852.050390625,23784.1203125,24045.29013671875,24101.4351171875,23913.169736328124,63.849609375,0.0027036531199235688,258160.0,249870.0,1.0497458678512828
2025-01-08,23688.94921875,23751.849609375,23496.150390625,23746.650390625,266400,-0.0007993610384197103,-0.0007996806978147784,0.008599811452335931,23841.26015625,23780.2501953125,23999.23505859375,24091.5980859375,23921.497734375,38.75,0.0016344762446919685,280460.0,250140.0,1.0650035979851282
2025-01-09,23526.5,23689.5,23503.05078125,23674.75,269200,-0.006857594959147506,-0.006881216315863482,0.008635127313973522,23708.830078125,23757.8802734375,23943.47001953125,24075.345078125,23928.85173828125,-14.19921875,-0.0005994026420876955,277660.0,254235.0,1.0588628630991013
2025-01-10,23431.5,23596.599609375,23344.349609375,23551.900390625,261000,-0.004037999702463213,-0.004046174437066828,0.008637698341563249,23594.180078125,23719.690234375,23887.61005859375,24054.6380859375,23936.9219921875,25.400390625,0.0010796502082757742,267400.0,253980.0,1.0276399716513112
2025-01-13,23085.94921875,23340.94921875,23047.25,23195.400390625,316500,-0.014747275302477436,-0.014857097422370331,0.008640269366396341,23488.159765625,23663.7951171875,23803.49248046875,24029.540078125,23943.156240234373,-236.099609375,-0.010076162831018073,275080.0,254300.0,1.2445930003932364
2025-01-14,23176.05078125,23264.94921875,23134.150390625,23165.900390625,311200,0.003902874499386977,0.003895278043635164,0.00879412819821567,23381.78984375,23616.9201171875,23728.88251953125,24008.9541015625,23948.976748046876,79.951171875,0.003463196211575527,284860.0,260480.0,1.1947174447174447
2025-01-15,23213.19921875,23293.650390625,23146.44921875,23250.44921875,228000,0.0016028803979861728,0.0016015971562733668,0.008497648351572917,23286.63984375,23563.95,23672.74248046875,23987.13109375,23954.558994140625,74.3984375,0.00321014301367471,277180.0,258635.0,0.8815512208324473
2025-01-16,23311.80078125,23391.650390625,23272.05078125,23377.25,299400,0.004247650725383689,0.004238654922064901,0.008581924303393895,23243.7,23476.2650390625,23628.3900390625,23973.4601171875,23961.094501953125,164.05078125,0.00706713364685602,283220.0,261840.0,1.1434463794683776
2025-01-17,23203.19921875,23292.099609375,23100.349609375,23277.099609375,272900,-0.004658651792672774,-0.004669537131428157,0.008383955079940459,23198.03984375,23396.1099609375,23590.9650390625,23953.2580859375,23966.49224609375,-34.701171875,-0.0014885667649884272,285600.0,261930.0,1.0418814186996526
2025-01-20,23344.75,23391.099609375,23170.650390625,23290.400390625,301500,0.006100485537167577,0.006081952909099664,0.007897366442336018,23249.8,23368.9798828125,23578.8275390625,23930.4720703125,23971.581494140624,87.201171875,0.0037581529621369897,282600.0,254870.0,1.1829560167928748
2025-01-21,23024.650390625,23426.30078125,22976.849609375,23421.650390625,312900,-0.013711845677293555,-0.013806721311582606,0.008213488098421935,23219.519921875,23300.6548828125,23542.38759765625,23906.9780859375,23974.39474609375,76.900390625,0.0032941192612900116,282940.0,261025.0,1.198735753280337
2025-01-22,23155.349609375,23169.55078125,22981.30078125,23099.150390625,276000,0.0056764909144164655,0.0056604403518015324,0.008370205178139094,23207.95,23247.294921875,23513.77255859375,23887.12109375,23977.904990234376,74.5,0.003235662593614639,292540.0,265940.0,1.037828081522148
2025-01-23,23205.349609375,23270.80078125,23090.650390625,23128.30078125,275600,0.0021593282262408753,0.0021570002277194853,0.008390791786397083,23186.659765625,23215.1798828125,23486.530078125,23868.4020703125,23981.758486328126,-27.048828125,-0.0011681459611410329,287780.0,270835.0,1.01759373788469
2025-01-24,23092.19921875,23347.30078125,23050.0,23183.900390625,264300,-0.004876047658393667,-0.00488797436469754,0.008380990218557652,23164.459765625,23181.2498046875,23450.47001953125,23852.5770703125,23984.64623046875,-21.44921875,-0.0009243221546351743,286060.0,275210.0,0.9603575451473421
2025-01-27,22829.150390625,23007.44921875,22786.900390625,22940.150390625,257400,-0.011391241935562957,-0.011456619090824587,0.008585077406364534,23061.33984375,23155.569921875,23409.68251953125,23837.9790625,23986.223486328126,-152.048828125,-0.0065844238863807325,277240.0,269835.0,0.9539162821724387
2025-01-28,22957.25,23137.94921875,22857.650390625,22960.44921875,361900,0.005611229817278129,0.005595545512054291,0.008734629596835323,23047.859765625,23133.68984375,23375.30498046875,23826.470078125,23987.678232421877,131.298828125,0.005751367259769731,287040.0,278250.0,1.30062893081761
2025-01-29,23163.099609375,23183.349609375,22976.5,23026.75,226300,0.008966649288351114,0.008926687592645893,0.008960337392298562,23049.409765625,23128.6798828125,23346.31494140625,23820.6560546875,23990.27998046875,69.5,0.0030273660826100686,277100.0,281820.0,0.802994819388262
2025-01-30,23249.5,23322.05078125,23139.19921875,23169.5,361900,0.003730087599762788,0.003723148074350194,0.007744528049129431,23058.23984375,23122.4498046875,23299.357421875,23815.2760546875,23992.7584765625,6.400390625,0.0002763184000818921,294360.0,285755.0,1.2664695280922469
2025-01-31,23508.400390625,23546.80078125,23277.400390625,23296.75,304900,0.011135740150325812,0.011074194280356322,0.008147590033920682,23141.480078125,23152.969921875,23274.53994140625,23818.4460546875,23997.7034765625,47.25,0.0020323017699305362,302480.0,285385.0,1.0683813094591517
2025-02-01,23482.150390625,23632.44921875,23318.30078125,23528.599609375,281000,-0.0011166221250199504,-0.001117246011978889,0.007325127571834955,23272.080078125,23166.7099609375,23267.844921875,23809.9440625,24003.751728515625,20.19921875,0.0008592340786425995,307200.0,285530.0,0.9841347669246664
2025-02-03,23361.05078125,23381.599609375,23222.0,23319.349609375,329700,-0.005157091976693451,-0.005170435671733403,0.007334809000595673,23352.840234375,23200.35,23250.50244140625,23792.7270703125,24009.81748046875,-162.80078125,-0.006932958802401525,300760.0,288900.0,1.1412253374870198
2025-02-04,23739.25,23762.75,23423.150390625,23509.900390625,376700,0.016189306820631133,0.016059657410686868,0.008250586565334325,23468.0703125,23258.7400390625,23253.01748046875,23783.6220703125,24018.534482421874,148.849609375,0.006371700090411574,330840.0,294415.0,1.2794864392099587
2025-02-05,23696.30078125,23807.30078125,23680.44921875,23801.75,267000,-0.001809207062143936,-0.0018108456539069108,0.008101156946032098,23557.43046875,23307.83515625,23261.50751953125,23772.050078125,24026.280986328125,62.5,0.002632770622492286,311860.0,294305.0,0.9072220995226041
2025-02-06,23603.349609375,23773.55078125,23556.25,23761.94921875,307000,-0.003922602634608197,-0.003930316218479903,0.0080978770269621,23576.4203125,23358.9501953125,23270.1,23765.8340625,24032.615732421877,65.6484375,0.0027704086855592737,312280.0,296605.0,1.03504661081236
2025-02-07,23559.94921875,23694.5,23443.19921875,23649.5,368100,-0.0018387386257991967,-0.0018404311807618838,0.007302720186324761,23591.980078125,23432.030078125,23293.8,23754.4110546875,24038.575478515624,46.150390625,0.0019552475131186277,329700.0,299185.0,1.2303424302688972
2025-02-10,23381.599609375,23568.599609375,23316.30078125,23543.80078125,234200,-0.007570033692307909,-0.0075988318246352615,0.007513730009324827,23596.08984375,23474.4650390625,23304.07744140625,23736.52203125,24043.471474609374,-16.1484375,-0.000685419028286716,310600.0,295335.0,0.7929977821795589
2025-02-11,23071.80078125,23390.05078125,22986.650390625,23383.55078125,268000,-0.013249684936046169,-0.013338245144624153,0.008106317098047286,23462.6,23465.33515625,23297.00751953125,23708.8150390625,24045.97873046875,1.951171875,8.344903289754673e-05,288860.0,297335.0,0.9013402391242201
2025-02-12,23045.25,23144.69921875,22798.349609375,23050.80078125,279700,-0.0011507892904301098,-0.001151451956867338,0.008037408742884361,23332.38984375,23444.91015625,23283.67998046875,23680.3710546875,24049.105234375,-21.0,-0.0009102020340374249,291400.0,296350.0,0.9438164332714696
2025-02-13,23031.400390625,23235.5,22992.19921875,23055.75,265700,-0.0006009745771905495,-0.0006011552347958088,0.00797908387603426,23218.0,23397.21015625,23275.0900390625,23646.8310546875,24051.045234375,10.5,0.0004556253457870928,283140.0,295990.0,0.8976654616710024
2025-02-14,22929.25,23133.69921875,22774.849609375,23096.44921875,254500,-0.004435266153706374,-0.00444513112662715,0.007878565615271324,23091.86015625,23341.9201171875,23254.3150390625,23611.8600390625,24052.667236328125,65.048828125,0.0028243540132921454,260420.0,293640.0,0.8667075330336467
2025-02-17,22959.5,22974.19921875,22725.44921875,22809.900390625,207400,0.0013192755977626813,0.001318406118349223,0.007283323322306752,23007.440234375,23301.7650390625,23251.05751953125,23578.6700390625,24054.223740234374,-119.349609375,-0.0052051248677998626,255060.0,288365.0,0.7192273680925216
2025-02-18,22945.30078125,22992.5,22801.5,22963.650390625,210600,-0.0006184463402948426,-0.0006186376571162799,0.00715468542597211,22982.140234375,23222.3701171875,23240.555078125,23545.3750390625,24056.57099609375,4.150390625,0.00018077007883446938,243580.0,285095.0,0.7387011347094828
2025-02-19,22932.900390625,23049.94921875,22814.849609375,22847.25,207000,-0.0005404326900405598,-0.0005405787764224007,0.00712865714912996,22959.6703125,23146.030078125,23226.9326171875,23511.19703125,24059.022001953126,-98.05078125,-0.004273240180408673,229040.0,281665.0,0.7349155912165161
2025-02-20,22913.150390625,22923.849609375,22812.75,22821.099609375,240800,-0.0008612081186238907,-0.0008615791713867465,0.007057075418788761,22936.0203125,23077.01015625,23217.98017578125,23478.4860546875,24062.07525390625,-111.80078125,-0.0048751261003036625,224060.0,280490.0,0.8584976291489893
2025-02-21,22795.900390625,22921.0,22720.30078125,22857.19921875,242800,-0.005117148798882476,-0.005130286241460248,0.006669991543560489,22909.350390625,23000.6052734375,23216.31767578125,23439.038046875,24064.542255859375,-55.951171875,-0.002441880357835587,221720.0,279760.0,0.8678867600800686
2025-02-24,22553.349609375,22668.05078125,22518.80078125,22609.349609375,214300,-0.010640105330068539,-0.010697116011174177,0.00692867433832869,22828.1203125,22917.7802734375,23196.12265625,23396.7400390625,24067.52150390625,-186.55078125,-0.00818352326748719,223100.0,272380.0,0.7867684852044937
2025-02-25,22547.55078125,22625.30078125,22513.900390625,22516.44921875,250300,-0.00025711604818956513,-0.00025714910818764225,0.006535691713086618,22748.5703125,22865.3552734375,23165.34521484375,23360.9710546875,24069.98326171875,-36.900390625,-0.001636137924703708,231040.0,273580.0,0.914906060384531
2025-02-27,22545.05078125,22613.30078125,22508.400390625,22568.94921875,289200,-0.00011087678764998277,-0.00011088293493540093,0.00643497165550758,22671.000390625,22815.3353515625,23130.12275390625,23327.895078125,24072.18826171875,21.3984375,0.0009490360042916247,247480.0,269945.0,1.0713293448665469
2025-02-28,22124.69921875,22450.349609375,22104.849609375,22433.400390625,551300,-0.018644959666695105,-0.01882096814125905,0.006788780235717689,22513.31015625,22724.665234375,23060.9376953125,23291.355078125,24071.722509765626,-111.650390625,-0.004952323758696346,309580.0,282265.0,1.9531291516837015
2025-03-03,22119.30078125,22261.55078125,22004.69921875,22194.55078125,282400,-0.00024400049223838316,-0.0002440302652016664,0.006804352840477421,22377.990234375,22643.6703125,22992.79521484375,23261.99109375,24071.316259765626,69.8515625,0.0031571756890056593,317500.0,282335.0,1.000230222962084
2025-03-04,22082.650390625,22105.05078125,21964.599609375,21974.44921875,253300,-0.0016569416451024388,-0.001658315891150207,0.006789947544430397,22283.850390625,22555.9853515625,22928.8751953125,23228.5751171875,24069.710263671874,-144.8515625,-0.006548650155469073,325300.0,278515.0,0.9094662765021633
2025-03-05,22337.30078125,22394.900390625,22067.80078125,22073.05078125,305900,0.011531695069225467,0.01146571185468711,0.00615499460808046,22241.800390625,22495.1853515625,22858.777734375,23200.768125,24069.06626953125,-9.599609375,-0.00043471273625177853,336420.0,274975.0,1.1124647695245022
2025-03-06,22544.69921875,22556.44921875,22245.849609375,22476.349609375,372100,0.009284847776867,0.00924200854408832,0.006741872511035194,22241.730078125,22456.365234375,22801.19765625,23176.658125,24069.14451171875,139.048828125,0.0062249610857959175,353000.0,280230.0,1.327837847482425
2025-03-07,22552.5,22633.80078125,22464.75,22508.650390625,289800,0.00034601398645017767,0.00034595413741610534,0.006760879062844311,22327.290234375,22420.3001953125,22748.65517578125,23151.4401171875,24068.9180078125,-36.048828125,-0.001598993527268657,300700.0,279370.0,1.0373340015033825
2025-03-10,22460.30078125,22676.75,22429.05078125,22521.849609375,293900,-0.004088203913091726,-0.004096583464717347,0.006772330446531747,22395.490234375,22386.740234375,22693.67275390625,23127.748125,24066.381259765625,-30.650390625,-0.0013590684236780845,303000.0,275660.0,1.0661684684031052
2025-03-11,22497.900390625,22522.099609375,22314.69921875,22345.94921875,347900,0.0016740474556060647,0.0016726478000064651,0.006713606127342467,22478.540234375,22381.1953125,22649.48779296875,23104.8101171875,24064.085263671874,-114.3515625,-0.0050912747613541046,321920.0,281345.0,1.2365600952567133
2025-03-12,22470.5,22577.400390625,22329.55078125,22536.349609375,369700,-0.0012179087892316698,-0.001218651042867137,0.0061595534580625635,22505.180078125,22373.490234375,22619.42275390625,23079.362109375,24061.775517578124,38.44921875,0.001709013644936485,334680.0,286430.0,1.2907167545299025
2025-03-13,22397.19921875,22558.05078125,22377.349609375,22541.5,287500,-0.003262089461738671,-0.00326742167482874,0.006174908957813763,22475.680078125,22358.705078125,22587.02021484375,23043.5330859375,24059.32076171875,71.0,0.0031596982710665094,317760.0,286820.0,1.0023708249076075
2025-03-17,22508.75,22577.0,22353.150390625,22353.150390625,251100,0.004980568336268254,0.004968206335327962,0.006337250238334638,22466.930078125,22397.11015625,22560.8876953125,23013.6130859375,24058.341015625,-44.048828125,-0.001966711448819197,310020.0,286090.0,0.8776958299835717
2025-03-18,22834.30078125,22857.80078125,22599.19921875,22662.25,272600,0.01446329899483545,0.014359703182661372,0.007172108190024491,22541.730078125,22468.61015625,22556.140234375,22997.9780859375,24060.069267578125,153.5,0.0068195701671572165,305760.0,286995.0,0.9498423317479399
2025-03-19,22907.599609375,22940.69921875,22807.94921875,22874.94921875,324000,0.0032100316461272094,0.0032048904937790478,0.0072053364993456825,22623.669921875,22551.105078125,22553.54521484375,22981.9720703125,24061.95376953125,40.6484375,0.0017801481153028244,300980.0,292825.0,1.1064629044651242
2025-03-20,23190.650390625,23216.69921875,22973.94921875,23036.599609375,313700,0.012356195589090069,0.012280480863664548,0.007720757270574686,22767.7,22636.4400390625,22565.8126953125,22972.00609375,24061.58751953125,129.0,0.005631318959634967,289780.0,297980.0,1.0527552184710383
2025-03-21,23350.400390625,23402.69921875,23132.80078125,23168.25,541000,0.0068885519512889015,0.0068649342763162065,0.00784275613155183,22958.340234375,22717.01015625,22586.6876953125,22968.4841015625,24068.917021484376,-22.400390625,-0.0009659233461626213,340480.0,314680.0,1.7192068132706242
2025-03-24,23658.349609375,23708.75,23433.5,23515.400390625,311900,0.013188177230298859,0.013101970335000056,0.008290146758619587,23188.26015625,22827.5951171875,22623.94765625,22973.02109375,24074.107021484375,165.0,0.007066259988682943,352640.0,318235.0,0.9800933272581582
2025-03-25,23668.650390625,23869.599609375,23601.400390625,23751.5,338200,0.00043539728764163677,0.0004353025297464832,0.008143835151219452,23355.130078125,22948.430078125,22667.58515625,22984.6751171875,24078.343271484377,93.150390625,0.003937315669225196,365760.0,323005.0,1.0470426154393895
2025-03-26,23486.849609375,23736.5,23451.69921875,23700.94921875,278600,-0.007681079328545448,-0.007710730752587225,0.007927812463540223,23470.980078125,23047.325,22714.26015625,22990.89109375,24079.326767578124,32.298828125,0.0013646248346206237,356680.0,326220.0,0.8540248911777328
2025-03-27,23591.94921875,23646.44921875,23412.19921875,23433.94921875,510300,0.004474827877002596,0.004464845602965276,0.007925637479563404,23551.23984375,23159.469921875,22766.480078125,22998.46609375,24080.990517578124,-52.900390625,-0.002252340841995442,396000.0,339220.0,1.5043334709038383
2025-03-28,23519.349609375,23649.19921875,23450.19921875,23600.400390625,295400,-0.0030773044101545244,-0.003082049047667123,0.008000462065294294,23585.0296875,23271.6849609375,22815.19501953125,23002.6170703125,24082.263017578123,8.451171875,0.0003582227054084757,346880.0,339530.0,0.8700262127057992
2025-04-01,23165.69921875,23565.150390625,23136.400390625,23341.099609375,314300,-0.015036571865236992,-0.015150767296533939,0.007533962984257387,23486.499609375,23337.3798828125,22867.24501953125,23001.8670703125,24081.476767578126,-178.25,-0.007578866038410694,347360.0,327680.0,0.95916748046875
2025-04-02,23332.349609375,23350.0,23158.44921875,23192.599609375,341000,0.0071938424586863725,0.007168090205371445,0.007583706294406318,23419.239453125,23387.184765625,22927.8974609375,23001.6190625,24081.144013671874,26.900390625,0.0011612164334425612,347920.0,330610.0,1.0314267566014337
2025-04-03,23250.099609375,23306.5,23145.80078125,23150.30078125,283200,-0.0035251486188494496,-0.003531376595912815,0.0076514045108055295,23371.889453125,23421.434765625,22986.269921875,23006.128046875,24080.066513671874,-182.048828125,-0.00780242158088752,348840.0,332105.0,0.8527423555803134
2025-04-04,22904.44921875,23214.69921875,22857.44921875,23190.400390625,466800,-0.014866619775066536,-0.014978235581472139,0.008281772449566812,23234.389453125,23392.8146484375,23014.62734375,23001.1100390625,24076.7992578125,-59.69921875,-0.0025676973326139146,340140.0,340150.0,1.3723357342348963
2025-04-07,22161.599609375,22254.0,21743.650390625,21758.400390625,647100,-0.03243254628305536,-0.032970136904421674,0.010976520815919783,22962.839453125,23273.9345703125,22995.47236328125,22980.2350390625,24070.027255859375,-1146.048828125,-0.05003607889365109,410480.0,353900.0,1.8284826222096637
2025-04-08,22535.849609375,22697.19921875,22270.849609375,22446.75,468300,0.016887318902814252,0.01674631338889978,0.0116686816535969,22836.86953125,23161.6845703125,22994.63984375,22969.108046875,24064.87150390625,285.150390625,0.01286686862190097,441280.0,362825.0,1.2907048852752705
2025-04-09,22399.150390625,22468.69921875,22353.25,22460.30078125,383800,-0.006065856008070525,-0.006084328049671031,0.011713693822755899,22650.2296875,23034.7345703125,22991.58232421875,22960.508046875,24059.3617578125,-75.548828125,-0.003352384287014917,449840.0,367320.0,1.0448655123597952
2025-04-11,22828.55078125,22923.900390625,22695.400390625,22695.400390625,402200,0.019170387409190415,0.018988950673859396,0.012479180681693255,22565.919921875,22968.9046875,23008.11484375,22957.9340625,24055.815263671873,296.25,0.01322594807542313,473640.0,370035.0,1.086924209872039
2025-04-15,23328.55078125,23368.349609375,23207.0,23368.349609375,388300,0.02190239778210845,0.02166598602930882,0.013324271233649381,22650.740234375,22942.56484375,23051.0173828125,22961.2430859375,24053.851513671874,539.798828125,0.023645777311819476,457940.0,370965.0,1.0467294758265604
2025-04-16,23437.19921875,23452.19921875,23273.05078125,23344.099609375,348400,0.004657316201027051,0.004646504460063537,0.01327850326057174,22905.86015625,22934.3498046875,23103.0173828125,22964.9970703125,24051.693505859374,15.548828125,0.0006665149614650369,398200.0,374010.0,0.9315258950295446
2025-04-17,23851.650390625,23872.349609375,23298.55078125,23401.849609375,505300,0.017683476937954135,0.017528943393621495,0.01370751863914589,23169.0203125,23002.944921875,23170.16240234375,22971.8620703125,24050.7292578125,-35.349609375,-0.0015082693561234036,405600.0,386720.0,1.3066301199834505
2025-04-21,24125.55078125,24189.55078125,23903.650390625,23949.150390625,406100,0.011483498464016417,0.011418063566753105,0.01359197135089327,23514.300390625,23082.2650390625,23234.72490234375,22984.730078125,24051.304013671874,97.5,0.00408776744599287,410060.0,393395.0,1.032295784135538
2025-04-22,24167.25,24242.599609375,24072.0,24185.400390625,440900,0.0017284255654137493,0.0017269335569158489,0.013593899162196913,23782.040234375,23173.980078125,23297.707421875,23000.8540625,24051.430517578126,59.849609375,0.002480756187399219,417800.0,399240.0,1.1043482616972247
2025-04-23,24328.94921875,24359.30078125,24119.94921875,24357.599609375,415000,0.006690840652122221,0.006668556323176313,0.013441766843385616,23982.119921875,23316.430078125,23354.62236328125,23012.648046875,24052.456015625,190.349609375,0.007876345441661752,423140.0,404305.0,1.0264528017214727
2025-04-24,24246.69921875,24347.849609375,24216.150390625,24277.900390625,358800,-0.0033807460922566923,-0.0033864737270896763,0.013460826046709558,24144.019921875,23524.9400390625,23399.4373046875,23023.656015625,24052.25701171875,-51.048828125,-0.0020982750905516848,425220.0,395195.0,0.9079062235099128
2025-04-25,24039.349609375,24365.44921875,23847.849609375,24289.0,387700,-0.00855166336268387,-0.008588438645809417,0.013384938667871998,24181.559765625,23675.2900390625,23418.4873046875,23032.376015625,24050.9430078125,42.30078125,0.0017445995790341953,401700.0,398985.0,0.9717157286614785
2025-04-28,24328.5,24355.099609375,24054.05078125,24070.25,320500,0.012028211882747275,0.011956447831200931,0.013613530051535141,24222.149609375,23868.225,23451.47978515625,23047.74703125,24050.966259765624,30.900390625,0.0012854087621800422,384580.0,398100.0,0.805074101984426
2025-04-29,24335.94921875,24457.650390625,24290.75,24370.69921875,357600,0.0003061930965739812,0.00030614622903455367,0.01344726859527351,24255.889453125,24018.96484375,23493.934765625,23066.8340234375,24051.043251953124,42.19921875,0.0017345590048708304,367920.0,402050.0,0.8894416117398334
2025-04-30,24334.19921875,24396.150390625,24198.75,24342.05078125,424500,-7.191007773188485e-05,-7.191266338548166e-05,0.013439229469728527,24256.939453125,24119.5296875,23531.047265625,23092.0819921875,24050.548251953125,6.1015625,0.0002507221906634716,369820.0,397760.0,1.0672264682220434
2025-05-02,24346.69921875,24589.150390625,24238.5,24311.900390625,421100,0.0005136803511647248,0.0005135484625769229,0.013396863769237164,24276.939453125,24210.4796875,23572.41474609375,23118.1109765625,24050.659501953123,-22.298828125,-0.0009163575889449567,382280.0,404045.0,1.0422106448539148
2025-05-05,24461.150390625,24526.400390625,24400.650390625,24419.5,291500,0.004700890697612925,0.004689876016656186,0.012803965388461569,24361.299609375,24271.4296875,23637.1873046875,23146.7059765625,24051.3855078125,72.80078125,0.002990170478383957,363040.0,402905.0,0.7234956131097902
2025-05-06,24379.599609375,24509.650390625,24331.80078125,24500.75,302400,-0.0033338898599493128,-0.0033394596535795407,0.012830311341869596,24371.51953125,24296.8345703125,23689.5498046875,23175.71296875,24050.77275390625,39.599609375,0.0016188776383214167,359420.0,400975.0,0.7541617307812207
2025-05-07,24414.400390625,24449.599609375,24220.0,24233.30078125,330100,0.0014274549954715887,0.001426437150093386,0.01276005088651738,24387.209765625,24321.549609375,23747.76484375,23204.8109765625,24049.911259765624,-146.298828125,-0.006000870829262587,353920.0,403320.0,0.8184568084895368
2025-05-08,24273.80078125,24447.25,24150.19921875,24431.5,411400,-0.005758880297096702,-0.005775526588332327,0.012259447133412343,24375.130078125,24316.034765625,23816.232421875,23231.3809765625,24048.215263671875,17.099609375,0.0007003903065981566,351300.0,400550.0,1.0270877543377857
2025-05-09,24008.0,24164.25,23935.75,23935.75,335600,-0.0109501096942064,-0.011010503428714508,0.009658769358711166,24307.390234375,24292.16484375,23908.55244140625,23252.88296875,24044.251015625,-338.05078125,-0.013926569814774256,334200.0,384975.0,0.8717449185012014
2025-05-12,24924.69921875,24944.80078125,24378.849609375,24420.099609375,368700,0.038183073090219954,0.0374721401846667,0.012030654679017254,24400.1,24380.6998046875,24027.994921875,23293.1139453125,24046.220009765624,412.099609375,0.01716509535883872,349640.0,379995.0,0.9702759246832195
2025-05-13,24578.349609375,24973.80078125,24547.5,24864.05078125,423000,-0.01389583907654357,-0.013993290077199355,0.012530763373035074,24439.85,24405.684765625,24136.9548828125,23328.7629296875,24046.5655078125,-60.6484375,-0.0024332665749633702,373760.0,381955.0,1.107460302915265
2025-05-14,24666.900390625,24767.55078125,24535.55078125,24613.80078125,345500,0.0036027960647213586,0.003596321541244558,0.012061038377125648,24490.35,24438.7798828125,24228.87236328125,23371.0339453125,24047.504755859376,35.451171875,0.0014423739770337445,376840.0,379120.0,0.9113209537877189
2025-05-15,25062.099609375,25116.25,24494.44921875,24694.44921875,500800,0.01602143814146184,0.015894449466611917,0.011665481199638967,24648.009765625,24511.569921875,24315.5498046875,23421.324921875,24050.74775390625,27.548828125,0.0011168338011155353,394720.0,384745.0,1.301641346866106
2025-05-16,25019.80078125,25070.0,24953.05078125,25064.650390625,432700,-0.0016877607536591732,-0.0016891866264205442,0.011722903912665712,24850.369921875,24578.880078125,24394.6798828125,23470.819921875,24053.816259765626,2.55078125,0.00010177843396033057,414140.0,388960.0,1.1124537227478404
2025-05-19,24945.44921875,25062.94921875,24916.650390625,25005.349609375,255300,-0.0029717088137536374,-0.002976133107706799,0.011294497789405599,24854.519921875,24627.3099609375,24449.36982421875,23527.234921875,24054.3692578125,-14.451171875,-0.0005775894061406676,391460.0,376460.0,0.678159698241513
2025-05-20,24683.900390625,25010.349609375,24669.69921875,24996.19921875,414800,-0.010484831354666824,-0.010540184450815589,0.011422317356107005,24875.630078125,24657.7400390625,24477.2873046875,23578.5269140625,24053.60826171875,50.75,0.0020344392099322975,389820.0,376895.0,1.1005717772854509
2025-05-21,24813.44921875,24946.19921875,24685.349609375,24744.25,332700,0.00524831270888626,0.0052345883147392296,0.011457855845606452,24904.93984375,24697.644921875,24509.597265625,23633.142890625,24053.38900390625,60.349609375,0.002444897622335282,387260.0,371485.0,0.8955947077270953
2025-05-22,24609.69921875,24737.5,24462.400390625,24733.94921875,403300,-0.008211272774042211,-0.008245170966734258,0.011578345412198036,24814.459765625,24731.234765625,24523.634765625,23678.590859375,24051.681748046874,-79.5,-0.0032039076590741253,367760.0,370900.0,1.0873550822324076
2025-05-23,24853.150390625,24909.05078125,24614.05078125,24639.5,270500,0.009892488718005854,0.009843878373448323,0.011715543264284124,24781.1296875,24815.7498046875,24553.95732421875,23724.7598828125,24050.892998046875,29.80078125,0.001210936427345481,335320.0,366485.0,0.7380929642413742
2025-05-26,25001.150390625,25079.19921875,24900.5,24919.349609375,302800,0.005954979456279652,0.0059373186446142635,0.011520934886976197,24792.269921875,24823.394921875,24602.04736328125,23773.732890625,24052.31025390625,66.19921875,0.0026636147816081856,344820.0,362240.0,0.8359098939929329
2025-05-27,24826.19921875,25062.900390625,24704.099609375,24956.650390625,525700,-0.0069977248703164685,-0.00702232377173064,0.011436732628886706,24820.7296875,24848.1798828125,24626.93232421875,23821.050859375,24056.163251953127,-44.5,-0.0017799180959563658,367000.0,372500.0,1.4112751677852349
2025-05-28,24752.44921875,24864.25,24737.05078125,24832.5,684400,-0.0029706520659956714,-0.002975073210803887,0.011471735120172378,24808.5296875,24856.734765625,24647.75732421875,23866.1418359375,24059.962744140626,6.30078125,0.0002537956452569402,437340.0,388840.0,1.760106984878099
2025-05-29,24833.599609375,24892.599609375,24677.30078125,24825.099609375,345400,0.003278479228775888,0.003273116733106363,0.011481092438887425,24853.309765625,24833.884765625,24672.72734375,23913.403828125,24062.6432421875,72.650390625,0.002935078867668872,425760.0,384885.0,0.897410914948621
2025-05-30,24750.69921875,24863.94921875,24717.400390625,24812.599609375,853900,-0.00333823496911434,-0.0033438193068198903,0.011523288447280728,24832.81953125,24806.974609375,24692.92734375,23960.473828125,24065.81173828125,-21.0,-0.0008456285166195654,542440.0,406525.0,2.1004858249800136
2025-06-02,24716.599609375,24754.400390625,24526.150390625,24669.69921875,311100,-0.0013777230725331435,-0.001378673005562118,0.011497492286597445,24775.909375,24784.0896484375,24705.6998046875,24004.6308203125,24067.557236328124,-81.0,-0.0032726348166615873,544100.0,407505.0,0.763426215629256
2025-06-03,24542.5,24845.099609375,24502.150390625,24786.30078125,349300,-0.007043833380258491,-0.007068758288164619,0.011593513709590456,24719.16953125,24769.949609375,24713.84482421875,24038.7948046875,24068.534736328125,69.701171875,0.0028200146046207086,508820.0,409850.0,0.852263023057216
2025-06-04,24620.19921875,24644.25,24530.44921875,24560.44921875,280900,0.003165904807986175,0.0031609038835467354,0.01160816166358784,24692.71953125,24750.624609375,24724.134765625,24073.046796875,24070.940732421874,17.94921875,0.0007313525007639808,428120.0,407390.0,0.6895112791182896
2025-06-05,24750.900390625,24899.849609375,24613.099609375,24691.19921875,388400,0.005308696762106768,0.005294655304090157,0.01155864192458063,24676.1796875,24764.7447265625,24747.98974609375,24104.251796875,24073.976484375,71.0,0.0028838109460108895,436720.0,406240.0,0.956085072863332
2025-06-06,25003.05078125,25029.5,24671.44921875,24748.69921875,335600,0.01018752395450262,0.010135980900817266,0.011369793206619416,24726.65,24779.734765625,24797.74228515625,24137.3048046875,24076.285986328126,-2.201171875,-8.893300204277606e-05,333060.0,406240.0,0.8261126427727452
2025-06-09,25103.19921875,25160.099609375,25077.150390625,25160.099609375,279200,0.004005448710087123,0.003997448256890138,0.007605207325541586,24803.969921875,24789.9396484375,24806.66728515625,24166.201796875,24078.93873046875,157.048828125,0.006281186623944797,326680.0,401765.0,0.6949336054658818
2025-06-10,25104.25,25199.30078125,25055.44921875,25196.05078125,307300,4.18584595869298e-05,4.18575835460567e-05,0.006826518088361292,24916.319921875,24817.7447265625,24832.9623046875,24194.9137890625,24080.965732421875,92.8515625,0.003698793993980162,318280.0,395980.0,0.7760492954189605
2025-06-11,25141.400390625,25222.400390625,25081.30078125,25134.150390625,301200,0.0014798446727146697,0.001478750781646587,0.00680170566456554,25020.56015625,24856.63984375,24856.6873046875,24228.0048046875,24082.82173828125,29.900390625,0.0011910489508748518,322340.0,393765.0,0.7649232410193897
2025-06-12,24888.19921875,25196.19921875,24825.900390625,25164.44921875,328300,-0.010071084662786611,-0.010122141121121413,0.006243243573333434,25048.019921875,24862.0998046875,24847.99228515625,24253.9298046875,24083.205234375,23.048828125,0.0009167678715937676,310320.0,385140.0,0.8524173027989822
2025-06-13,24718.599609375,24754.349609375,24473.0,24473.0,318700,-0.006814458847919758,-0.006837783295332098,0.006405091405595828,24991.1296875,24858.88984375,24832.9322265625,24277.9148046875,24082.68248046875,-415.19921875,-0.01668257374110063,306940.0,379440.0,0.839921990301497
2025-06-16,24946.5,24967.099609375,24703.599609375,24732.349609375,305800,0.00921979376770854,0.00917755091754434,0.006737587483012455,24959.78984375,24881.8798828125,24832.984765625,24313.5308203125,24082.361982421877,13.75,0.0005562612857236885,312260.0,381965.0,0.8005969133297554
2025-06-17,24853.400390625,24982.05078125,24813.69921875,24977.849609375,242400,-0.0037319707924959866,-0.0037389519699400583,0.006340773320180102,24909.619921875,24912.969921875,24841.459765625,24343.9518359375,24081.540234375,31.349609375,0.0012566736566251779,299280.0,373345.0,0.6492654247411911
2025-06-18,24812.05078125,24947.55078125,24750.44921875,24788.349609375,237600,-0.0016637405234334324,-0.0016651260767121068,0.00624808202711396,24843.75,24932.155078125,24841.38984375,24375.190859375,24080.338740234376,-65.05078125,-0.002617379522624113,286560.0,368590.0,0.6446186820043951
2025-06-19,24793.25,24863.099609375,24733.400390625,24803.25,274600,-0.0007577278241026608,-0.0007580150449296773,0.005946556517302436,24824.76015625,24936.3900390625,24850.5673828125,24412.966875,24078.545244140623,-8.80078125,-0.0003546978574076829,275820.0,362155.0,0.7582388756195552
2025-06-20,25112.400390625,25136.19921875,24783.650390625,24787.650390625,574700,0.01287247095983779,0.012790324902965947,0.006227906229200654,24903.5203125,24947.325,24863.5298828125,24471.982890625,24077.927744140627,-5.599609375,-0.00022585217246629628,327020.0,377365.0,1.5229287294794165
2025-06-23,24971.900390625,25057.0,24824.849609375,24939.75,248500,-0.0055948454872697395,-0.005610555258512813,0.006234596493177244,24908.600390625,24934.1951171875,24862.0673828125,24520.70390625,24076.39375,-172.650390625,-0.006875105045292847,315560.0,374650.0,0.6632857333511277
2025-06-24,25044.349609375,25317.69921875,24999.69921875,25179.900390625,450200,0.0029012296868362597,0.0028970292423300638,0.006043165178291559,24946.790234375,24928.205078125,24872.97490234375,24573.607890625,24075.21625,208.0,0.008329362072823572,357120.0,370875.0,1.213886080215706
2025-06-25,25244.75,25266.80078125,25125.05078125,25150.349609375,260600,0.008001820520425307,0.00796997571939643,0.006211534375192787,25033.330078125,24938.5400390625,24897.58994140625,24621.931875,24075.44650390625,106.0,0.0042324916259881785,361720.0,349685.0,0.7452421465032816
2025-06-26,25549.0,25565.30078125,25259.900390625,25268.94921875,428900,0.012052010814129765,0.011979963629751521,0.006673300395881335,25184.480078125,25004.6201171875,24933.3599609375,24666.340859375,24077.466005859376,24.19921875,0.0009585842105784371,392580.0,353860.0,1.2120612671678064
2025-06-27,25637.80078125,25654.19921875,25523.55078125,25576.650390625,564000,0.003475704773181043,0.00346967847107354,0.006589815157245461,25289.56015625,25096.540234375,24977.7150390625,24710.352890625,24081.3942578125,27.650390625,0.0010822494275705508,390440.0,339365.0,1.6619274232758239
2025-06-30,25517.05078125,25669.349609375,25473.30078125,25661.650390625,271000,-0.004709842354665206,-0.004720968611190444,0.00671486280648598,25398.590234375,25153.5953125,25017.73759765625,24743.6608984375,24084.297509765624,23.849609375,0.0009302517629531711,394940.0,337360.0,0.8032961821199905
2025-07-01,25541.80078125,25593.400390625,25501.80078125,25551.349609375,260700,0.0009699396772837598,0.0009694695897414579,0.006402746407823221,25498.08046875,25222.4353515625,25067.70263671875,24771.9858984375,24086.801015625,34.298828125,0.0013441533043545486,357040.0,332930.0,0.7830474874598264
2025-07-02,25453.400390625,25608.099609375,25378.75,25588.30078125,309800,-0.0034610085397696055,-0.0034670116851196766,0.006510719594039921,25539.810546875,25286.5703125,25109.3626953125,24797.70890625,24089.475771484376,46.5,0.0018205450899192364,366880.0,334375.0,0.9265046728971963
2025-07-03,25405.30078125,25587.5,25384.349609375,25505.099609375,293400,-0.00188971251922454,-0.0018915002785163046,0.0064988454667033796,25511.070703125,25347.775390625,25142.08271484375,24819.2359375,24089.5577734375,51.69921875,0.002031132106382213,339780.0,329625.0,0.8901023890784983
2025-07-04,25461.0,25470.25,25331.650390625,25428.849609375,193500,0.0021924250859925998,0.0021900252291445488,0.0061622256223793715,25475.710546875,25382.6353515625,25164.98017578125,24843.521953125,24090.0802734375,23.548828125,0.0009269257753633784,265680.0,322520.0,0.5999627930050849
2025-07-07,25461.30078125,25489.80078125,25407.25,25450.44921875,196100,1.1813410706551508e-05,1.181334092876479e-05,0.006121755887695684,25464.560546875,25431.575390625,25182.88525390625,24871.9609765625,24090.46802734375,-10.55078125,-0.00041438990023958213,250700.0,318365.0,0.6159596689334569
2025-07-08,25522.5,25548.05078125,25424.150390625,25427.849609375,210400,0.0024036171315751087,0.0024007330644550996,0.006130632296030538,25460.700390625,25479.3904296875,25203.79775390625,24895.8409765625,24090.9877734375,-33.451171875,-0.0013138045130684697,240640.0,313520.0,0.6710895636642
2025-07-09,25476.099609375,25548.69921875,25424.349609375,25514.599609375,239100,-0.00181801902732881,-0.0018196736296237606,0.00615693326323245,25465.240234375,25502.525390625,25220.53271484375,24918.643984375,24091.480517578126,-7.900390625,-0.00030954611127436576,226500.0,310415.0,0.7702591691767473
2025-07-10,25355.25,25524.05078125,25340.44921875,25511.650390625,219600,-0.004743646446198069,-0.004754933244868607,0.005770459838030467,25455.230078125,25483.150390625,25243.88525390625,24939.065,24091.177763671876,35.55078125,0.0013954562038577365,211740.0,304980.0,0.7200472162108991
2025-07-11,25149.849609375,25322.44921875,25129.0,25255.5,250000,-0.008100901810276007,-0.00813389240519248,0.0058678623326146396,25393.0,25434.3552734375,25265.44775390625,24955.1280078125,24087.972265625,-99.75,-0.003934096488892833,223040.0,301545.0,0.8290636555074699
2025-07-14,25082.30078125,25151.099609375,25001.94921875,25149.5,259500,-0.002685854157148504,-0.0026894675348791744,0.0055739776357913665,25317.2,25390.8802734375,25272.23779296875,24967.551015625,24083.688515625,-0.349609375,-1.3901052309659842e-05,235720.0,299230.0,0.8672258797580457
2025-07-15,25195.80078125,25245.19921875,25088.44921875,25089.5,241300,0.004525103218794291,0.004514895720960817,0.005566484024295678,25251.86015625,25356.2802734375,25289.3578125,24983.8750390625,24079.965517578126,7.19921875,0.0002870238584883607,241900.0,299175.0,0.806551349544581
2025-07-16,25212.05078125,25255.30078125,25121.05078125,25196.599609375,228800,0.0006449487413033861,0.0006447408512447503,0.005538776355320986,25199.050390625,25332.1453125,25309.3578125,24999.828046875,24076.00501953125,0.798828125,3.1704811922249566e-05,239840.0,298735.0,0.765896195624885
2025-07-17,25111.44921875,25238.349609375,25101.0,25230.75,243400,-0.003990217351728331,-0.003998199509757984,0.005633422968860559,25150.290234375,25302.76015625,25325.2677734375,25016.581015625,24070.48201171875,18.69921875,0.0007416778155907277,244600.0,297175.0,0.8190460166568521
2025-07-18,24968.400390625,25144.599609375,24918.650390625,25108.55078125,317000,-0.0056965580472427835,-0.005712845317742711,0.005009092281806031,25114.000390625,25253.5001953125,25318.0677734375,25035.7890234375,24064.429267578125,-2.8984375,-0.00011542294810431808,258000.0,284290.0,1.1150585669562771
2025-07-21,25090.69921875,25111.400390625,24882.30078125,24999.0,305200,0.004898144302865282,0.004886187422514114,0.004972012260252434,25115.680078125,25216.4400390625,25324.00771484375,25039.1090234375,24060.828515625,30.599609375,0.001225533430106695,267140.0,287125.0,1.06295167609926
2025-07-22,25060.900390625,25182.0,25035.55078125,25166.650390625,483700,-0.0011876443882732346,-0.0011883501967580668,0.004941187265904235,25088.7,25170.280078125,25324.83525390625,25048.7600390625,24057.148515625,75.951171875,0.0030270647785790895,315620.0,288800.0,1.6748614958448753
2025-07-23,25219.900390625,25233.5,25085.5,25139.349609375,271500,0.006344544590244583,0.006324502693684897,0.004812953661363319,25090.269921875,25144.66015625,25323.5927734375,25059.8200390625,24056.99751953125,78.44921875,0.0031303431850895095,324160.0,289345.0,0.9383262195648793
2025-07-24,25062.099609375,25246.25,25018.69921875,25243.30078125,338700,-0.006256994627491075,-0.006276651657225533,0.00407729948179338,25080.4,25115.3451171875,25299.24775390625,25059.8200390625,24057.23501953125,23.400390625,0.0009278542049158383,343220.0,284835.0,1.189109484438359
2025-07-25,24837.0,25010.349609375,24806.349609375,25010.349609375,278100,-0.008981674037030651,-0.009022252428611252,0.0043099168335304005,25054.119921875,25084.06015625,25259.20771484375,25056.1640234375,24057.44126953125,-51.75,-0.0020648708929654814,335440.0,270540.0,1.0279441117764472
2025-07-28,24680.900390625,24889.19921875,24646.599609375,24782.44921875,262100,-0.006284962329387578,-0.006304795850755804,0.004383940609331791,24972.16015625,25043.9201171875,25217.4001953125,25050.873046875,24055.78001953125,-54.55078125,-0.0021963514615291704,326820.0,270095.0,0.9703993039486106
2025-07-29,24821.099609375,24847.150390625,24598.599609375,24609.650390625,284700,0.005680474234370125,0.005664401180259817,0.004650819526313015,24924.2,25006.45,25181.36513671875,25053.61703125,24054.975771484376,-71.25,-0.0028868476786634654,287020.0,271295.0,1.0494111575959748
2025-07-30,24855.05078125,24902.30078125,24771.94921875,24890.400390625,243900,0.001367835124523431,0.001366900490246142,0.004664597195748638,24851.230078125,24970.75,25151.44765625,25054.4490625,24054.258779296873,69.30078125,0.0027920109237958538,281500.0,268000.0,0.9100746268656716
2025-07-31,24768.349609375,24956.5,24635.0,24642.25,346300,-0.0034882717656889994,-0.003494369971240235,0.004691048366364156,24792.480078125,24936.4400390625,25119.60009765625,25057.6220703125,24053.27927734375,-212.80078125,-0.008561671554118543,283020.0,270645.0,1.2795359234421475
2025-08-01,24565.349609375,24784.150390625,24535.05078125,24734.900390625,263400,-0.008195943742782208,-0.008229715141942045,0.004860909681004342,24738.15,24896.1349609375,25074.817578125,25051.8660546875,24050.466279296874,-33.44921875,-0.0013504823404680638,280080.0,274140.0,0.9608229371853797
2025-08-04,24722.75,24736.25,24554.0,24596.05078125,259300,0.006407415043054421,0.006386974825463857,0.005184435775997605,24746.519921875,24859.3400390625,25037.8900390625,25046.298046875,24048.79328125,30.701171875,0.0012497754912180591,279520.0,277300.0,0.9350883519653804
2025-08-05,24649.55078125,24733.099609375,24590.30078125,24720.25,251800,-0.0029608040671041946,-0.0029651959185494695,0.005112406697638527,24712.21015625,24818.205078125,24994.242578125,25042.765078125,24047.18453125,-2.5,-0.00010112143673337311,272940.0,279370.0,0.9013136700433118
2025-08-06,24574.19921875,24671.400390625,24539.19921875,24641.349609375,225100,-0.003056914228121266,-0.003061596134311999,0.005121076622812018,24656.03984375,24753.6349609375,24949.14755859375,25039.200078125,24046.306279296874,-8.201171875,-0.00033271080466254694,269180.0,278670.0,0.8077654573509886
2025-08-07,24596.150390625,24634.19921875,24344.150390625,24464.19921875,616700,0.0008932609229541644,0.0008928622028389917,0.005104944718573034,24621.6,24707.0400390625,24911.192578125,25034.45109375,24045.01677734375,-110.0,-0.00447623945019826,323260.0,298525.0,2.0658236328615693
2025-08-08,24363.30078125,24585.5,24337.5,24544.25,312600,-0.009466912735407229,-0.00951200879308063,0.005205958976556862,24581.190234375,24659.6701171875,24871.86513671875,25026.703125,24042.927783203126,-51.900390625,-0.0021101021826888085,333100.0,301655.0,1.0362831711723657
2025-08-11,24585.05078125,24600.849609375,24347.44921875,24371.5,241100,0.009101804471857822,0.009060632685991908,0.0057158150929061315,24553.650390625,24650.08515625,24847.00263671875,25024.0721484375,24043.4925390625,8.19921875,0.0003365397334137138,329460.0,300735.0,0.8017024955525629
2025-08-12,24487.400390625,24702.599609375,24465.650390625,24563.349609375,237000,-0.003971941790719136,-0.003979850901478695,0.0055992858367895585,24521.2203125,24616.715234375,24811.5826171875,25022.97015625,24043.752041015625,-21.701171875,-0.0008826978666056116,326500.0,300520.0,0.7886330360708106
2025-08-13,24619.349609375,24664.55078125,24535.25,24586.19921875,236000,0.005388453516712133,0.0053739877432256436,0.005788188267823748,24530.250390625,24593.1451171875,24781.94755859375,25022.9531640625,24044.851787109375,98.798828125,0.004034680143622968,328680.0,300880.0,0.7843658601435788
2025-08-14,24631.30078125,24673.650390625,24596.900390625,24607.25,270200,0.00048543816407109475,0.00048532037708285097,0.005759980307034133,24537.28046875,24579.440234375,24757.94013671875,25020.561171875,24047.104287109374,-12.099609375,-0.0004914674663213886,259380.0,302220.0,0.8940506915492026
2025-08-18,24876.94921875,25022.0,24852.849609375,24938.19921875,363100,0.009973019276634965,0.009923616908863717,0.006133799652983339,24640.01015625,24610.6001953125,24753.367578125,25018.039140625,24049.79328125,306.8984375,0.012459692657954111,269480.0,304525.0,1.1923487398407355
2025-08-19,24980.650390625,25012.650390625,24873.94921875,24891.349609375,252300,0.004168564680625764,0.004159900285259885,0.006104197658592383,24719.130078125,24636.390234375,24747.86513671875,25015.5881640625,24052.36228515625,14.400390625,0.0005788648157124622,271720.0,301880.0,0.8357625546574798
2025-08-20,25050.55078125,25088.69921875,24929.69921875,24965.80078125,287100,0.0027981813736617234,0.002794273751954044,0.006135312392039751,24831.76015625,24676.490234375,24747.34765625,25014.5141796875,24055.910791015624,-14.849609375,-0.0005944444657282789,281740.0,292050.0,0.9830508474576272
2025-08-21,25083.75,25153.650390625,25054.900390625,25142.0,226500,0.0013252889742787488,0.0013244115539841486,0.005962226635370212,24924.640234375,24727.4453125,24740.54013671875,25013.361171875,24060.30279296875,91.44921875,0.0036505871487044713,279840.0,289800.0,0.7815734989648033
2025-08-22,24870.099609375,25084.849609375,24859.150390625,25064.150390625,210200,-0.008517482060098724,-0.008553963109247331,0.006101810281193771,24972.4,24754.840234375,24730.94013671875,25012.9991796875,24063.13154296875,-19.599609375,-0.0007813667962326208,267840.0,283375.0,0.7417732686369651
2025-08-25,24967.75,25021.55078125,24894.349609375,24949.150390625,213000,0.003926417350905487,0.003918729092601476,0.005818723565558563,24990.56015625,24815.28515625,24737.47763671875,25017.9821875,24067.993544921876,79.05078125,0.003178547030032848,237820.0,280120.0,0.7603884049692988
2025-08-26,24712.05078125,24919.650390625,24689.599609375,24899.5,750500,-0.010241179872034878,-0.010293981565065833,0.006113387096723652,24936.840234375,24827.98515625,24739.03515625,25013.293203125,24070.487294921873,-68.25,-0.0027335262488610308,337460.0,304540.0,2.464372496223813
2025-08-28,24500.900390625,24702.650390625,24481.599609375,24695.80078125,326600,-0.008544430103923584,-0.00858114302373062,0.00625349747010885,24826.91015625,24829.33515625,24723.0251953125,25006.243203125,24070.57154296875,-16.25,-0.000657573915813151,345360.0,306635.0,1.0651099841831493
2025-08-29,24426.849609375,24572.44921875,24404.69921875,24466.69921875,325500,-0.0030223697933294824,-0.003026946376657732,0.006256715020195319,24695.530078125,24810.08515625,24701.61513671875,24998.5391796875,24071.70904296875,-34.201171875,-0.0013959148982168306,365160.0,310715.0,1.0475837986579342
2025-09-01,24625.05078125,24635.599609375,24432.69921875,24432.69921875,229300,0.008114070174605414,0.008081328102276956,0.006531078271288384,24646.5203125,24809.46015625,24694.4501953125,24995.1751953125,24074.09330078125,5.849609375,0.00023947457279775144,368980.0,304865.0,0.7521361914289931
2025-09-02,24579.599609375,24756.099609375,24522.349609375,24653.0,271600,-0.0018457290617897026,-0.0018474345185382894,0.006274796124611908,24568.890234375,24779.7251953125,24695.1626953125,24984.5191796875,24076.284794921874,27.94921875,0.0011349913142628355,380700.0,305275.0,0.8896896241094095
2025-09-03,24715.05078125,24737.05078125,24533.19921875,24616.5,340300,0.0055107151470170646,0.005495586709857895,0.0062300064657721385,24569.490234375,24753.165234375,24694.777734375,24979.3821875,24080.442802734375,36.900390625,0.0015012608509263788,298660.0,309325.0,1.1001373959427787
2025-09-04,24734.30078125,24980.75,24708.19921875,24980.75,314100,0.0007788776228048189,0.0007785744550393448,0.006192381460010562,24616.1703125,24721.540234375,24699.015234375,24973.1812109375,24086.319052734376,265.69921875,0.010750502643173687,296160.0,312440.0,1.0053130200998592
2025-09-05,24741.0,24832.349609375,24621.599609375,24818.849609375,210100,0.00027084730671167456,0.0002708106342015157,0.006145077249361343,24679.000390625,24687.265234375,24707.3552734375,24963.1062109375,24092.360556640626,84.548828125,0.0034182825248528065,273080.0,311690.0,0.6740671821360967
2025-09-08,24773.150390625,24885.5,24751.55078125,24802.599609375,213200,0.0012994782193525012,0.0012986346282709543,0.006147616423216901,24708.6203125,24677.5703125,24716.2052734375,24947.58921875,24098.9573046875,61.599609375,0.0024897784800533528,269860.0,291515.0,0.7313517314717939
2025-09-09,24868.599609375,24891.80078125,24814.0,24864.099609375,226900,0.003852930178235292,0.0038455266535053208,0.005732598235873365,24766.4203125,24667.6552734375,24741.47021484375,24932.2051953125,24105.707802734374,90.94921875,0.003671281904638914,260920.0,287230.0,0.7899592660933746
2025-09-10,24973.099609375,25035.69921875,24915.05078125,24991.0,244100,0.0042020862308871365,0.004193282121674665,0.005468674765407301,24818.030078125,24693.76015625,24760.87265625,24921.326171875,24113.823798828125,122.400390625,0.004921885130148516,241680.0,287380.0,0.8493980096040086
2025-09-11,25005.5,25037.30078125,24940.150390625,24945.5,224600,0.0012974116602184615,0.0012965707489705478,0.005352495981673621,24872.269921875,24744.2201171875,24786.77763671875,24910.60015625,24119.315048828124,-27.599609375,-0.0011051735590178401,223780.0,286760.0,0.783233365880876
2025-09-12,25114.0,25139.44921875,25038.05078125,25074.44921875,225700,0.004339045410009845,0.004329658895022681,0.0053128383639786106,24946.869921875,24812.93515625,24811.51015625,24903.8121484375,24123.775546875,68.94921875,0.002757362130331327,226900.0,286245.0,0.7884853883910636
2025-09-15,25069.19921875,25138.44921875,25048.75,25118.900390625,185400,-0.0017838966811339896,-0.001785489719644452,0.0053487108020879096,25006.0796875,24857.35,24833.405078125,24897.0901171875,24128.14904296875,4.900390625,0.00019512585111889784,221340.0,282005.0,0.6574351518590096
2025-09-16,25239.099609375,25261.400390625,25070.44921875,25073.599609375,240100,0.006777256391098607,0.0067543940269436074,0.005105445435663873,25080.1796875,24923.3,24851.51259765625,24892.652109375,24132.9700390625,4.400390625,0.00017552976409828107,223980.0,275855.0,0.8703848036105926
2025-09-17,25330.25,25346.5,25275.349609375,25276.599609375,268900,0.003611475529465391,0.003604969810507005,0.0050872154277546685,25151.609765625,24984.819921875,24868.992578125,24890.03109375,24140.050537109375,37.5,0.001485789928340816,228940.0,276685.0,0.971863310262573
2025-09-18,25423.599609375,25448.94921875,25329.75,25441.05078125,272200,0.0036853015416349333,0.0036785274558399,0.005110219631233514,25235.2296875,25053.7498046875,24887.64501953125,24888.0530859375,24146.513037109376,110.80078125,0.004374247441300421,238460.0,275940.0,0.9864463289120823
2025-09-19,25327.05078125,25428.75,25286.30078125,25410.19921875,380400,-0.0037976065391384095,-0.0038048357551339826,0.00520742695695092,25277.83984375,25112.3548828125,24899.81005859375,24885.072109375,24151.768037109374,-13.400390625,-0.0005270847099109672,269400.0,283635.0,1.3411602940398752
2025-09-22,25202.349609375,25331.69921875,25151.05078125,25238.099609375,254500,-0.004923635718664832,-0.00493579674708062,0.004934917787077522,25304.469921875,25155.2748046875,24916.42255859375,24882.0141015625,24155.494033203126,-88.951171875,-0.003512101454025271,283220.0,285850.0,0.8903270946300508
2025-09-23,25169.5,25261.900390625,25084.650390625,25209.0,299200,-0.0013034343973540308,-0.001304284606843299,0.0048919561959299826,25290.55,25185.36484375,24926.51005859375,24882.407109375,24159.004287109376,6.650390625,0.0002638797861341518,295040.0,290160.0,1.0311552247036118
2025-09-24,25056.900390625,25149.849609375,25027.44921875,25108.75,244400,-0.00447365300760838,-0.004483689738311146,0.0043732930854548146,25235.880078125,25193.744921875,24943.7525390625,24881.8991015625,24160.746787109376,-60.75,-0.002413635550964461,290140.0,264855.0,0.9227690623171169
2025-09-25,24890.849609375,25092.69921875,24878.30078125,25034.5,342500,-0.006626948212322681,-0.006649003929024595,0.004176503336644483,25129.330078125,25182.2798828125,24963.25,24875.800078125,24161.81203125,-22.400390625,-0.0008939809104792974,304200.0,265650.0,1.2892904197252024
2025-09-26,24654.69921875,24868.599609375,24629.44921875,24818.55078125,291500,-0.009487437927231501,-0.009532730366893805,0.004704572308633083,24994.859765625,25136.3498046875,24974.64248046875,24864.653046875,24161.99052734375,-72.298828125,-0.0029046348059476863,286420.0,263950.0,1.1043758287554462
2025-09-29,24634.900390625,24791.30078125,24606.19921875,24728.55078125,394400,-0.0008030448049409777,-0.0008033674181471517,0.004351809859546364,24881.369921875,25092.919921875,24975.1349609375,24855.1220703125,24162.114775390626,73.8515625,0.0029954355494158933,314400.0,272205.0,1.4489079921382781
2025-09-30,24611.099609375,24731.80078125,24587.69921875,24691.94921875,303000,-0.0009661407544825362,-0.0009666077692868598,0.004336283522031355,24769.68984375,25030.119921875,24976.7099609375,24847.9760546875,24161.96126953125,57.048828125,0.002315772632338727,315160.0,273775.0,1.1067482421696648
2025-10-01,24836.30078125,24867.94921875,24605.94921875,24620.55078125,308900,0.009150390492475902,0.009108779315782467,0.0046420945072820526,24725.569921875,24980.725,24982.7724609375,24842.8880859375,24163.39927734375,9.451171875,0.00038402070712028675,328060.0,272205.0,1.1348064877573887
2025-10-03,24894.25,24904.80078125,24747.55078125,24759.55078125,365900,0.0023332467769816567,0.0023305289834215856,0.004664286226300307,24726.25,24927.7900390625,24990.769921875,24839.555078125,24164.0290234375,-76.75,-0.0030902347606428533,332740.0,274795.0,1.3315380556414782
2025-10-06,25077.650390625,25095.94921875,24881.650390625,24916.55078125,268800,0.007367178791287232,0.007340173682814145,0.004922120622762089,24810.840234375,24902.85,25007.60244140625,24836.710078125,24166.076025390626,22.30078125,0.0008958205710153951,328200.0,277730.0,0.96784646959277
2025-10-07,25108.30078125,25220.900390625,25076.30078125,25085.30078125,288000,0.0012222193924698033,0.0012214730903828323,0.0049216453503688595,24905.5203125,24893.4451171875,25024.3599609375,24837.6341015625,24169.937529296876,7.650390625,0.00030506807878061867,306920.0,281470.0,1.0231996305112445
2025-10-08,25046.150390625,25192.5,25008.5,25079.75,227400,-0.0024752925801897474,-0.0024783611817054724,0.004910575942072099,24992.53046875,24881.11015625,25033.2375,24841.817109375,24174.174033203126,-28.55078125,-0.001137105274416687,291800.0,281495.0,0.8078296239720066
2025-10-09,25181.80078125,25199.25,25024.30078125,25074.30078125,286300,0.005416017571936882,0.005401403691044332,0.004967641753664329,25061.63046875,24893.6001953125,25043.67255859375,24851.8351171875,24180.324541015623,28.150390625,0.001123940812698184,287280.0,283605.0,1.0095026533382698
2025-10-10,25285.349609375,25330.75,25156.849609375,25167.650390625,232900,0.0041120501676790155,0.004103618794970308,0.0050330094701821065,25139.850390625,24933.0501953125,25057.6650390625,24861.1201171875,24188.8137890625,-14.150390625,-0.0005619292578764333,260680.0,284020.0,0.8200126751637209
2025-10-13,25227.349609375,25267.30078125,25152.30078125,25177.30078125,234300,-0.0022938183927065925,-0.0022964532241035664,0.004989835259933723,25169.790234375,24990.315234375,25063.33251953125,24868.56609375,24196.183291015626,-108.048828125,-0.004273179125233014,253780.0,284450.0,0.8236948497099666
2025-10-14,25145.5,25310.349609375,25060.55078125,25277.55078125,292100,-0.003244479132464395,-0.0032497538671527296,0.005031483532674816,25177.230078125,25041.3751953125,25067.14755859375,24876.1091015625,24203.2725390625,50.201171875,0.0019899502980822137,254600.0,289785.0,1.0079886812636956
2025-10-15,25323.55078125,25365.150390625,25159.349609375,25181.94921875,289900,0.007080820872521931,0.007055869574947451,0.005052895773927132,25232.71015625,25112.6203125,25071.3701171875,24891.273125,24211.139296875,36.44921875,0.0014495324710186712,267100.0,292275.0,0.9918740911812506
2025-10-16,25585.30078125,25625.400390625,25376.849609375,25394.900390625,372800,0.010336228211479837,0.010283174673804386,0.0054974993437972705,25313.41015625,25187.5203125,25084.12265625,24908.524140625,24219.998798828125,71.349609375,0.002817519943839333,284400.0,297470.0,1.2532356203986956
2025-10-17,25709.849609375,25781.5,25508.599609375,25546.849609375,422100,0.004867983737610659,0.0048561734175648985,0.005539590801290165,25398.31015625,25269.0802734375,25098.43515625,24929.7301171875,24230.323544921874,-38.451171875,-0.0015028618269431744,322240.0,304965.0,1.3840932566032167
2025-10-20,25843.150390625,25926.19921875,25788.5,25824.599609375,301100,0.005184813729964155,0.0051714188632333265,0.005530580835176953,25521.4703125,25345.6302734375,25124.24013671875,24955.109140625,24241.31529296875,114.75,0.004463269981873284,335600.0,301000.0,1.0003322259136214
2025-10-21,25868.599609375,25934.349609375,25825.80078125,25901.19921875,42500,0.0009847568259027106,0.000984272270986046,0.005351069617397851,25666.090234375,25421.66015625,25157.55263671875,24980.558125,24251.9437890625,58.048828125,0.0022461978221532198,285680.0,290400.0,0.14634986225895316
2025-10-23,25891.400390625,26104.19921875,25862.44921875,26057.19921875,448400,0.0008814076368377499,0.0008810194252249848,0.005316906029065379,25779.66015625,25506.18515625,25193.64765625,25011.1201171875,24260.4575390625,188.599609375,0.007290677200270629,317380.0,297860.0,1.5054052239307056
2025-10-24,25795.150390625,25944.150390625,25718.19921875,25935.099609375,284900,-0.0037174505259611745,-0.0037243774174138414,0.0052752519976611645,25821.630078125,25567.5201171875,25230.56015625,25035.322109375,24269.409541015626,43.69921875,0.001687788921831475,299800.0,299885.0,0.9500308451573103
2025-10-27,25966.05078125,26005.94921875,25827.0,25843.19921875,266300,0.006625291500029773,0.00660344071508198,0.00503187450023308,25872.8703125,25635.590234375,25284.32021484375,25064.8951171875,24281.159541015626,48.048828125,0.0018627078112505554,268640.0,296075.0,0.8994342649666469
2025-10-28,25936.19921875,26041.69921875,25810.05078125,25939.94921875,395200,-0.001149638146805021,-0.0011502994876563522,0.0043128433398946665,25891.480078125,25706.4751953125,25348.39521484375,25091.232109375,24292.30103515625,-26.1015625,-0.0010052188035790121,287460.0,301260.0,1.311823673902941
2025-10-29,26053.900390625,26097.849609375,25960.30078125,25982.0,321900,0.0045381040946781415,0.004527837947802368,0.004259612680815247,25928.540234375,25797.315234375,25419.34521484375,25119.6841015625,24304.125791015624,45.80078125,0.001765901814051819,343340.0,297635.0,1.081526030204781
2025-10-30,25877.849609375,26032.05078125,25845.25,25984.400390625,257400,-0.0067571756478100875,-0.006780108726120027,0.004703680543577395,25925.830078125,25852.7451171875,25482.68271484375,25139.702109375,24315.8825390625,-69.5,-0.0026675468531770488,305140.0,295355.0,0.8714936263140965
2025-10-31,25722.099609375,25953.75,25711.19921875,25863.80078125,334400,-0.006018660837397216,-0.006036845980053782,0.004800790996376216,25911.219921875,25866.425,25526.97265625,25154.53109375,24327.335537109375,-14.048828125,-0.0005428900908331427,315040.0,296630.0,1.127330344199845
2025-11-03,25763.349609375,25803.099609375,25645.5,25696.849609375,23300,0.0016036793506921665,0.001602394830084992,0.004799014863379189,25870.6796875,25871.775,25570.42763671875,25168.7870703125,24340.7225390625,-25.25,-0.0009816461479994062,266440.0,279500.0,0.08336314847942755
2025-11-04,25597.650390625,25787.400390625,25578.400390625,25744.75,305100,-0.006431586779760301,-0.006452358545521922,0.004935607049363587,25802.969921875,25847.225,25596.42763671875,25179.065078125,24352.830537109374,-18.599609375,-0.0007219406504592014,248420.0,281315.0,1.0845493485949913
2025-11-06,25509.69921875,25679.150390625,25491.55078125,25593.349609375,371900,-0.0034359080045569534,-0.0034418242922323408,0.00503536747102456,25694.1296875,25811.3349609375,25616.49755859375,25191.8570703125,24364.313037109376,-4.30078125,-0.00016801468823775863,258420.0,285510.0,1.3025813456621484
2025-11-07,25492.30078125,25551.25,25318.44921875,25433.80078125,305600,-0.0006820322478444663,-0.0006822649376453303,0.004989633786359253,25617.019921875,25771.425,25638.805078125,25202.3480859375,24375.215537109376,-75.8984375,-0.0029752776326038978,268060.0,289420.0,1.0559049132748255
2025-11-10,25574.349609375,25653.44921875,25503.5,25503.5,243600,0.0032185728871263475,0.0032134043686110675,0.004908373633580408,25587.469921875,25749.344921875,25658.43251953125,25219.5940625,24387.0712890625,11.19921875,0.000439317692275042,249900.0,287285.0,0.8479384583253563
2025-11-11,25694.94921875,25715.80078125,25449.25,25617.0,297700,0.0047156471705849246,0.004704563337770722,0.00493170639883336,25573.78984375,25722.234765625,25678.9125,25243.4750390625,24398.82228515625,42.650390625,0.0016677018683347198,304780.0,290525.0,1.0246966698218742
2025-11-12,25875.80078125,25934.55078125,25781.150390625,25834.30078125,312600,0.0070384090258497345,0.007013755040664786,0.00506181919797073,25629.419921875,25716.194921875,25711.33505859375,25272.4540625,24413.078037109375,139.3515625,0.005423305619857502,306280.0,294440.0,1.0616764026626817
2025-11-13,25879.150390625,26010.69921875,25808.400390625,25906.099609375,385200,0.00012944949620363744,0.00012944111834060272,0.004958187583962916,25703.31015625,25698.719921875,25748.017578125,25297.5360546875,24426.697041015625,30.298828125,0.0011709329647859629,308940.0,299095.0,1.287885120112339
2025-11-14,25910.05078125,25940.19921875,25740.80078125,25767.900390625,518900,0.001194026471448284,0.0011933141887742222,0.004777816078222335,25786.86015625,25701.9400390625,25777.342578125,25324.145078125,24440.220546875,-111.25,-0.004298827369553117,351600.0,310545.0,1.6709333590944953
2025-11-17,26013.44921875,26024.19921875,25906.349609375,25948.19921875,281800,0.0039906690408659795,0.003982727442351947,0.0043253975225598824,25874.680078125,25731.075,25798.75,25350.113046875,24454.826796875,38.1484375,0.0014723412864789287,359240.0,305995.0,0.9209300805568719
2025-11-18,25910.05078125,26029.849609375,25876.5,26021.80078125,280000,-0.003974806902018679,-0.003982727442351953,0.0043437965913407355,25917.700390625,25745.7451171875,25808.76005859375,25373.628046875,24470.231298828126,8.3515625,0.0003210478714210783,355700.0,298890.0,0.9367994914517046
2025-11-19,26052.650390625,26074.650390625,25856.19921875,25918.099609375,250100,0.005503640675154298,0.005488550984983714,0.004362836000557766,25953.0703125,25791.2451171875,25819.23505859375,25399.8610546875,24485.70830078125,8.048828125,0.000310645015440286,343200.0,296340.0,0.8439630154552203
2025-11-20,26192.150390625,26246.650390625,26063.19921875,26132.099609375,240400,0.005354541588221684,0.005340256999340202,0.004500240772010483,26015.6703125,25859.490234375,25835.41259765625,25428.2410546875,24500.8535546875,79.44921875,0.003049563770240807,314240.0,306235.0,0.7850180417000017
2025-11-21,26068.150390625,26179.19921875,26052.19921875,26109.55078125,235600,-0.0047342428227803435,-0.0047454848460117445,0.004656297340608894,26047.290234375,25917.0751953125,25844.25009765625,25452.2320703125,24514.946806640626,-82.599609375,-0.0031536016761939873,257580.0,295595.0,0.7970364857321673
2025-11-24,25959.5,26142.80078125,25912.150390625,26122.80078125,464700,-0.004167936312968079,-0.00417664636992243,0.004678050177312501,26036.500390625,25955.590234375,25852.467578125,25471.960078125,24527.2023046875,54.650390625,0.0020964429699106752,294160.0,304585.0,1.5256824860055485
2025-11-25,25884.80078125,26032.599609375,25857.5,25998.5,260500,-0.002877529180069005,-0.002881677226487561,0.004483321807971969,26031.450390625,25974.575390625,25848.405078125,25489.54609375,24539.215556640625,39.0,0.001502340183747761,290260.0,304295.0,0.856077161964541
2025-11-26,26205.30078125,26215.150390625,25842.94921875,25842.94921875,275300,0.012381783530362567,0.012305756174877891,0.00527515146649862,26061.98046875,26007.525390625,25861.86015625,25511.372109375,24553.436806640624,-41.8515625,-0.0016168392738921805,295300.0,298300.0,0.9228964130070398
2025-11-27,26215.55078125,26310.44921875,26141.900390625,26261.25,240300,0.0003911422381892571,0.0003910657620054032,0.0051901072205996724,26066.660546875,26041.1654296875,25869.94267578125,25534.299140625,24565.818310546874,55.94921875,0.002135034404567182,295280.0,294220.0,0.8167357759499694
2025-11-28,26202.94921875,26280.75,26172.400390625,26237.44921875,202500,-0.0004806903583736144,-0.0004808059270205712,0.0049223756602701585,26093.6203125,26070.4552734375,25886.19765625,25553.5761328125,24578.351552734373,21.8984375,0.0008353224268575084,288660.0,291475.0,0.6947422591989021
2025-12-01,26175.75,26325.80078125,26124.19921875,26325.80078125,213800,-0.0010380212747401751,-0.001038560391932615,0.0046884195011649915,26136.8703125,26086.6853515625,25908.88017578125,25570.4861328125,24591.2135546875,122.8515625,0.004688463175438714,238480.0,285445.0,0.749005938096656
2025-12-02,26032.19921875,26154.599609375,25997.849609375,26087.94921875,254800,-0.005484113396941881,-0.005499206353098099,0.004894576434322791,26166.35,26098.9001953125,25922.32265625,25582.658125,24603.5748046875,-87.80078125,-0.0033542794857835973,237340.0,297020.0,0.8578546899198707
2025-12-03,25986.0,26066.44921875,25891.0,26004.900390625,265700,-0.0017746951904364927,-0.0017762718275890193,0.004650631869511857,26122.48984375,26092.23515625,25941.74013671875,25595.837109375,24616.596806640624,-27.298828125,-0.0010486562389756795,235420.0,295050.0,0.9005253346890357
2025-12-04,26033.75,26098.25,25938.94921875,25981.849609375,248100,0.0018375278996383138,0.0018358417105443499,0.004548384993809641,26086.1296875,26076.3951171875,25967.94267578125,25612.4651171875,24631.406552734374,-4.150390625,-0.0001597164097975833,236980.0,288860.0,0.8588935816658589
2025-12-05,26186.44921875,26202.599609375,25985.349609375,25999.80078125,249300,0.005865433091659877,0.005848298407896911,0.004653315821372241,26082.8296875,26088.225,26002.65009765625,25632.8041015625,24647.112548828125,-33.94921875,-0.001304046430114755,246340.0,286045.0,0.8715411910713349
2025-12-08,25960.55078125,26178.69921875,25892.25,26159.80078125,320700,-0.00862653945989178,-0.008663963433110109,0.0051326778117272,26039.78984375,26088.330078125,26021.96015625,25650.877109375,24661.75830078125,-26.6484375,-0.0010176422651803898,267720.0,289900.0,1.1062435322525008
2025-12-09,25839.650390625,25923.650390625,25728.0,25867.099609375,276000,-0.004657081109092687,-0.004667959097577137,0.005180375035907991,26001.280078125,26083.8150390625,26029.19521484375,25669.853125,24676.310302734375,-93.451171875,-0.0035997376427966653,271960.0,288815.0,0.9556290358880252
2025-12-10,25758.0,25947.650390625,25734.55078125,25864.05078125,207900,-0.0031598875909956137,-0.003164890577820058,0.004979548892903282,25955.680078125,26039.0849609375,26023.30517578125,25691.919140625,24690.302802734375,24.400390625,0.0009443003390577148,260400.0,283580.0,0.7331264546159814
2025-12-11,25898.55078125,25922.80078125,25693.25,25771.400390625,206100,0.0054565875164998,0.005441754277616313,0.005138943853833973,25928.640234375,26007.3849609375,26024.2751953125,25717.1921484375,24705.069052734376,13.400390625,0.0005202418908688563,252000.0,274625.0,0.7504779244424215
2025-12-12,26046.94921875,26057.599609375,25938.44921875,25971.19921875,216300,0.005729990019651465,0.0057136360690816825,0.005289965492870365,25900.740234375,25991.7849609375,26031.1201171875,25745.909140625,24720.639296875,72.6484375,0.0028051159353903276,245400.0,259495.0,0.8335420721015819
2025-12-15,26027.30078125,26047.150390625,25904.75,25930.05078125,181600,-0.0007543469807149705,-0.0007546316435640039,0.005220584446031929,25914.090234375,25976.9400390625,26031.8126953125,25769.729140625,24736.210048828125,-116.8984375,-0.004487989611307346,217580.0,254485.0,0.7135980509656757
2025-12-16,25860.099609375,25980.75,25834.349609375,25951.5,264400,-0.006424068837574293,-0.006444791966669916,0.0053469068302557125,25918.180078125,25959.730078125,26029.31513671875,25789.0461328125,24751.531044921874,-75.80078125,-0.002912356601519228,215260.0,253705.0,1.0421552590607202
2025-12-17,25818.55078125,25929.150390625,25770.349609375,25902.400390625,206500,-0.001606677033445636,-0.0016079691231565723,0.005189985850623076,25930.290234375,25942.98515625,26017.61015625,25803.864140625,24767.85705078125,42.30078125,0.001635754768503088,214980.0,251525.0,0.8209919491104264
2025-12-18,25815.55078125,25902.349609375,25726.30078125,25764.69921875,197600,-0.00011619552256891819,-0.00011620227379163036,0.005009632059778409,25913.690234375,25921.165234375,25998.78017578125,25818.009140625,24784.19705078125,-53.8515625,-0.002085770148613771,213280.0,249385.0,0.7923491789802916
2025-12-19,25966.400390625,25993.349609375,25880.44921875,25911.5,382900,0.005843362036054733,0.005826355812965194,0.005119783287911655,25897.58046875,25899.1603515625,25993.69267578125,25836.414140625,24801.303798828125,95.94921875,0.003716721737337037,246600.0,256750.0,1.491333982473223
2025-12-22,26172.400390625,26180.69921875,26047.80078125,26055.849609375,253000,0.00793332910611566,0.00790202570190833,0.005334627959193615,25926.600390625,25920.3453125,26004.3376953125,25856.2261328125,24821.5423046875,89.44921875,0.0034448062651878026,260880.0,246165.0,1.027765929356326
2025-12-23,26177.150390625,26233.55078125,26119.05078125,26205.19921875,216600,0.00018148889399149937,0.00018147242687454733,0.005278606964484046,25990.010546875,25954.0953125,26018.95517578125,25874.0621484375,24841.831552734377,32.798828125,0.0012531837980267412,251320.0,243970.0,0.8878140755010862
2025-12-24,26142.099609375,26236.400390625,26123.0,26170.650390625,188800,-0.0013389838361685946,-0.0013398810760412456,0.004497122281428422,26054.7203125,25992.5052734375,26015.7951171875,25892.3571484375,24862.128798828126,-6.5,-0.0002483081581839362,247780.0,239645.0,0.787832001502222
2025-12-26,26042.30078125,26144.19921875,26008.599609375,26121.25,142200,-0.0038175521330050532,-0.0038248575837020187,0.004570257202870478,26100.0703125,26006.8802734375,26007.1326171875,25910.2931640625,24880.653798828123,-20.849609375,-0.0007975491520016616,236700.0,234740.0,0.6057766039021897
2025-12-29,25942.099609375,26106.80078125,25920.30078125,26063.349609375,234300,-0.003847631310177624,-0.0038550524856079535,0.004637937558419012,26095.21015625,25996.3953125,25994.09013671875,25922.664140625,24897.64080078125,21.048828125,0.0008082553189829827,206980.0,236330.0,0.9914103160834427
2025-12-30,25938.849609375,25976.75,25878.0,25940.900390625,396900,-0.00012527898855285713,-0.00012528683662081574,0.00463675076002922,26048.5,25987.5501953125,25982.2451171875,25929.7351171875,24914.572548828124,-1.19921875,-4.6226742170345546e-05,235760.0,245485.0,1.6167993971118397
2025-12-31,26129.599609375,26187.94921875,25969.0,25971.05078125,246300,0.0073538342244390265,0.007326926621050068,0.004788469546939439,26038.98984375,26014.5001953125,25987.11513671875,25938.1301171875,24932.91904296875,32.201171875,0.0012414263685526603,241700.0,245060.0,1.00505998530972
2026-01-01,26146.55078125,26197.55078125,26113.400390625,26173.30078125,425600,0.0006487344669803274,0.0006485241297397655,0.0047665453995302184,26039.880078125,26047.3001953125,25995.14267578125,25944.198125,24951.162294921876,43.701171875,0.0016724776700872417,289060.0,253055.0,1.681847819643951
2026-01-02,26328.55078125,26340.0,26118.400390625,26155.099609375,357500,0.006960765170238581,0.00693665088228735,0.0049851142201907065,26097.130078125,26098.6001953125,26009.88271484375,25953.3971484375,24970.452548828125,8.548828125,0.0003269581596640451,332120.0,258525.0,1.3828449859781453
2026-01-05,26250.30078125,26373.19921875,26210.05078125,26333.69921875,338800,-0.0029720587604740167,-0.002976484097528138,0.004882100268722691,26158.7703125,26126.990234375,26013.07529296875,25960.57515625,24989.718056640624,5.1484375,0.00019554579903678114,353020.0,263000.0,1.288212927756654
2026-01-06,26178.69921875,26273.94921875,26124.75,26189.69921875,383000,-0.0027276473171363724,-0.0027313741255683985,0.004487268697546581,26206.740234375,26127.6201171875,26023.98271484375,25968.2461328125,25008.067802734375,-60.6015625,-0.002308604499621061,350240.0,266115.0,1.4392274016872404
2026-01-07,26140.75,26187.150390625,26067.900390625,26143.099609375,338200,-0.001449622016468255,-0.0014506737349826563,0.004351217815143113,26208.9703125,26123.980078125,26039.0376953125,25971.7401171875,25024.600048828124,-35.599609375,-0.0013598692997512439,368620.0,269225.0,1.256198347107438
2026-01-08,25876.849609375,26133.19921875,25858.44921875,26106.5,328500,-0.010095364158449915,-0.010146667926064248,0.0049065855093647385,26155.030078125,26097.455078125,26044.98017578125,25970.553125,25039.446298828127,-34.25,-0.0013102148943699014,349200.0,275255.0,1.1934388112840821
2026-01-09,25683.30078125,25940.599609375,25623.0,25840.400390625,348800,-0.007479613285493514,-0.007507725861466694,0.005033946242933327,26025.980078125,26061.555078125,26034.21767578125,25963.1411328125,25051.90955078125,-36.44921875,-0.0014085647712229507,347460.0,282390.0,1.2351712171110876
2026-01-12,25790.25,25813.150390625,25473.400390625,25669.05078125,275800,0.004164153963733375,0.00415550786875295,0.004944894231813958,25933.969921875,26046.3701171875,26021.38271484375,25961.389140625,25064.108798828125,-14.25,-0.0005548352262573338,334860.0,285365.0,0.9664815236626776
2026-01-13,25732.30078125,25899.80078125,25603.30078125,25897.349609375,339500,-0.002246942885392733,-0.002249471049361169,0.004960436497116146,25844.690234375,26025.715234375,26006.63271484375,25961.5931640625,25074.4785546875,107.099609375,0.00415271699091711,326160.0,293260.0,1.1576757825820092
2026-01-14,25665.599609375,25791.75,25603.94921875,25648.55078125,393100,-0.00259211846006413,-0.002595483815978393,0.0047931206784612695,25749.66015625,25979.315234375,25996.90771484375,25959.6381640625,25084.46330078125,-83.75,-0.0032546642724239007,337140.0,299695.0,1.3116668613089975
2026-01-16,25694.349609375,25873.5,25662.400390625,25696.05078125,434000,0.0011201764399650926,0.0011195495104741853,0.004794769612287826,25713.16015625,25934.0951171875,25990.69765625,25961.5721484375,25095.50080078125,30.451171875,0.0011864586192592574,358240.0,311070.0,1.3951843636480534
2026-01-19,25585.5,25653.30078125,25494.349609375,25653.099609375,443100,-0.004236324757381116,-0.004245323404225256,0.0048774136084936545,25693.6,25859.7900390625,25979.1951171875,25963.0881640625,25105.4685546875,-41.25,-0.0016054113307833746,377100.0,323345.0,1.370362925049096
2026-01-20,25232.5,25585.0,25171.349609375,25580.30078125,409800,-0.013796877137441155,-0.013892938636022806,0.005485787083080688,25582.05,25758.0099609375,25942.50009765625,25957.8921484375,25114.034306640624,-5.19921875,-0.00020320958159895252,403900.0,324690.0,1.262126951861776
2026-01-21,25157.5,25300.94921875,24919.80078125,25141.0,395600,-0.0029723570791637677,-0.0029767833055262707,0.005030441312006339,25467.08984375,25655.8900390625,25891.755078125,25949.55515625,25123.993310546874,-91.5,-0.003626275636579808,415120.0,331820.0,1.192212645410162
2026-01-22,25289.900390625,25435.75,25168.5,25344.150390625,486400,0.00526285960946038,0.005249059162526262,0.005267224069846492,25391.95,25570.805078125,25847.392578125,25941.4541796875,25133.781064453124,186.650390625,0.007419274197555401,433780.0,345310.0,1.4085893834525498
2026-01-23,25048.650390625,25347.94921875,25025.30078125,25344.599609375,393900,-0.009539381186706164,-0.009585172530157553,0.005548534820787904,25262.81015625,25487.98515625,25792.7201171875,25924.911171875,25142.773818359376,54.69921875,0.0021628878684819604,425760.0,355565.0,1.1078143236820273
2026-01-27,25175.400390625,25246.650390625,24932.55078125,25063.349609375,618700,0.005060152863462841,0.0050473933153695125,0.005756736689269437,25180.790234375,25437.1951171875,25749.37509765625,25910.836171875,25154.12857421875,14.69921875,0.0005868267759248818,460880.0,379390.0,1.6307757189172092
2026-01-28,25342.75,25372.099609375,25187.650390625,25258.849609375,574900,0.006647346488174222,0.006625350304204862,0.006020601856315187,25202.840234375,25392.4451171875,25719.4076171875,25899.49015625,25170.034326171874,83.44921875,0.0033147126740862257,493900.0,396420.0,1.4502295545128903
2026-01-29,25418.900390625,25458.150390625,25159.80078125,25345.0,582400,0.0030048195489833507,0.003000314101836464,0.0060889578891255665,25255.1203125,25361.105078125,25693.41015625,25887.5991796875,25184.449580078126,2.25,8.878278797683755e-05,531260.0,405695.0,1.4355611974512874
2026-01-30,25320.650390625,25370.69921875,25213.650390625,25247.55078125,508400,-0.003865234077404689,-0.003872723399525638,0.005788786342873758,25261.2703125,25326.61015625,25652.9626953125,25875.811171875,25199.057080078124,-171.349609375,-0.006741031545101659,535660.0,418800.0,1.2139446036294175
